id_don,id_donneur,id_centre,date_don
1,1,1,2025-06-30
2,2,1,2025-11-01
3,5,1,2025-06-22
4,6,1,2026-01-09
5,7,1,2026-01-26
6,9,1,2025-07-23
7,10,1,2025-05-18
8,11,1,2025-06-13
9,12,1,2025-11-25
10,13,1,2026-03-22
11,14,1,2025-07-13
12,15,1,2025-12-28
13,16,1,2025-11-23
14,18,1,2025-08-10
15,20,1,2025-11-11
16,22,1,2026-01-27
17,23,1,2025-06-13
18,25,1,2025-12-19
19,27,1,2025-09-07
20,28,1,2025-05-02
21,29,1,2025-05-08
22,31,1,2025-04-13
23,33,1,2025-07-31
24,34,1,2026-03-17
25,35,1,2025-10-06
26,36,1,2025-03-27
27,40,1,2025-10-02
28,41,1,2025-05-30
29,44,1,2025-07-20
30,45,1,2025-05-20
31,46,1,2026-01-14
32,47,1,2025-06-04
33,50,1,2025-08-21
34,52,1,2025-09-20
35,53,1,2026-02-14
36,54,1,2025-06-12
37,58,1,2025-06-27
38,59,1,2025-05-28
39,60,1,2026-01-23
40,62,1,2025-04-03
41,63,1,2025-03-29
42,64,1,2025-09-03
43,67,1,2025-11-17
44,68,1,2025-03-27
45,69,1,2026-03-07
46,70,1,2025-06-06
47,71,1,2025-05-08
48,73,1,2025-05-01
49,74,1,2025-06-01
50,76,1,2025-09-11
51,77,1,2025-11-20
52,81,1,2025-04-02
53,83,1,2026-01-19
54,84,1,2025-11-08
55,86,1,2025-12-22
56,87,1,2025-04-01
57,88,1,2025-08-28
58,89,1,2025-10-17
59,91,1,2025-07-20
60,93,1,2026-01-13
61,94,1,2025-09-14
62,98,1,2025-05-16
63,100,1,2025-10-31
64,101,1,2025-09-09
65,102,1,2025-10-07
66,103,1,2025-05-02
67,104,1,2025-04-11
68,105,1,2025-12-01
69,106,1,2025-08-26
70,112,1,2026-03-07
71,113,1,2026-03-14
72,114,1,2025-11-29
73,115,1,2025-11-24
74,120,1,2025-11-22
75,122,1,2025-07-02
76,125,1,2025-10-03
77,126,1,2026-01-10
78,127,1,2025-04-12
79,128,1,2025-05-02
80,129,1,2025-10-27
81,131,1,2026-02-21
82,132,1,2025-08-11
83,133,1,2025-08-06
84,135,1,2025-12-14
85,138,1,2026-01-13
86,140,1,2026-02-07
87,141,1,2026-02-10
88,142,1,2025-11-06
89,143,1,2025-12-05
90,144,1,2025-09-23
91,146,1,2026-02-21
92,147,1,2025-07-06
93,148,1,2025-06-15
94,150,1,2025-07-02
95,152,1,2025-04-17
96,153,1,2025-08-07
97,154,1,2025-05-30
98,155,1,2025-12-01
99,156,1,2025-10-07
100,157,1,2025-10-23
101,158,1,2026-02-05
102,159,1,2025-07-16
103,160,1,2025-04-02
104,161,1,2025-09-28
105,164,1,2025-12-26
106,165,1,2025-11-13
107,166,1,2026-03-16
108,167,1,2025-04-07
109,168,1,2025-10-23
110,170,1,2025-10-17
111,175,1,2026-02-11
112,176,1,2025-04-01
113,177,1,2026-03-14
114,179,1,2025-12-18
115,181,1,2025-05-15
116,182,1,2025-12-16
117,183,1,2025-09-12
118,185,1,2025-11-19
119,187,1,2025-04-14
120,188,1,2025-06-12
121,189,1,2026-02-12
122,191,1,2025-12-19
123,192,1,2025-12-23
124,193,1,2025-11-01
125,194,1,2025-12-03
126,195,1,2025-08-30
127,196,1,2025-05-06
128,197,1,2025-08-07
129,198,1,2026-01-21
130,199,1,2025-05-10
131,200,1,2025-05-05
132,206,1,2025-09-01
133,208,1,2025-11-08
134,209,1,2026-03-07
135,210,1,2025-11-06
136,213,1,2025-03-31
137,214,1,2026-01-06
138,215,1,2025-12-06
139,216,1,2025-05-20
140,217,1,2026-03-15
141,220,1,2026-01-30
142,222,1,2025-05-21
143,223,1,2026-01-02
144,224,1,2026-02-23
145,227,1,2025-12-19
146,228,1,2025-05-17
147,230,1,2026-03-04
148,231,1,2025-12-25
149,232,1,2025-10-26
150,233,1,2026-01-11
151,234,1,2026-02-04
152,235,1,2026-03-08
153,236,1,2025-06-27
154,238,1,2025-08-04
155,240,1,2026-01-10
156,241,1,2025-04-20
157,242,1,2025-05-28
158,243,1,2026-03-11
159,244,1,2025-08-12
160,246,1,2026-02-03
161,249,1,2025-10-18
162,253,1,2026-01-15
163,254,1,2025-10-29
164,256,1,2025-11-23
165,257,1,2025-05-06
166,259,1,2025-04-30
167,260,1,2025-06-24
168,262,1,2025-11-13
169,263,1,2025-12-23
170,264,1,2025-05-25
171,268,1,2025-10-11
172,270,1,2025-08-01
173,272,1,2025-09-10
174,273,1,2025-05-20
175,276,1,2025-04-06
176,279,1,2025-07-14
177,280,1,2026-01-31
178,281,1,2025-04-21
179,282,1,2025-09-16
180,283,1,2025-10-21
181,284,1,2026-02-28
182,285,1,2025-07-22
183,286,1,2025-07-21
184,290,1,2025-08-13
185,291,1,2025-07-06
186,292,1,2025-10-22
187,294,1,2025-05-20
188,295,1,2025-06-23
189,298,1,2026-03-18
190,299,1,2026-03-06
191,300,1,2025-09-01
192,301,1,2025-08-29
193,303,1,2025-10-30
194,305,1,2026-01-26
195,306,1,2025-08-04
196,308,1,2025-12-07
197,309,1,2025-06-02
198,313,1,2025-11-26
199,317,1,2025-04-11
200,320,1,2025-08-23
201,322,1,2025-10-04
202,325,1,2025-11-10
203,327,1,2025-04-04
204,328,1,2025-12-07
205,329,1,2025-10-31
206,330,1,2025-11-14
207,337,1,2025-11-24
208,338,1,2025-11-01
209,339,1,2026-03-06
210,343,1,2025-12-01
211,344,1,2025-07-13
212,345,1,2025-09-28
213,346,1,2026-01-14
214,347,1,2025-08-22
215,348,1,2025-07-14
216,350,1,2025-04-22
217,353,1,2026-02-20
218,354,1,2025-06-01
219,355,1,2025-05-24
220,357,1,2025-06-22
221,358,1,2025-04-03
222,359,1,2025-07-30
223,362,1,2025-07-25
224,364,1,2026-01-05
225,365,1,2025-12-30
226,366,1,2025-04-23
227,367,1,2025-10-07
228,369,1,2025-04-09
229,370,1,2025-07-02
230,373,1,2025-07-13
231,376,1,2026-01-23
232,378,1,2025-08-05
233,381,1,2025-09-02
234,383,1,2026-03-16
235,384,1,2025-10-01
236,385,1,2025-11-29
237,386,1,2026-01-08
238,389,1,2025-09-14
239,390,1,2026-02-22
240,395,1,2026-03-18
241,396,1,2026-01-06
242,397,1,2025-07-05
243,398,1,2025-07-12
244,399,1,2025-07-27
245,401,1,2026-02-19
246,402,1,2025-03-19
247,404,1,2025-04-03
248,406,1,2025-10-16
249,407,1,2025-06-18
250,409,1,2025-10-28
251,411,1,2025-04-07
252,412,1,2025-10-19
253,413,1,2025-11-20
254,415,1,2025-05-27
255,416,1,2026-01-10
256,417,1,2025-11-17
257,420,1,2025-09-29
258,421,1,2026-01-06
259,422,1,2026-03-21
260,423,1,2025-08-03
261,426,1,2025-08-05
262,427,1,2025-09-18
263,429,1,2025-12-17
264,430,1,2025-11-22
265,431,1,2025-11-27
266,433,1,2026-02-02
267,434,1,2025-12-13
268,435,1,2026-01-17
269,436,1,2025-08-17
270,438,1,2026-01-15
271,439,1,2025-06-12
272,441,1,2025-05-26
273,444,1,2025-12-30
274,446,1,2026-03-10
275,451,1,2026-03-12
276,452,1,2025-08-25
277,453,1,2025-07-10
278,454,1,2025-05-22
279,455,1,2026-01-11
280,457,1,2025-08-31
281,458,1,2026-03-01
282,459,1,2026-01-10
283,462,1,2026-01-31
284,465,1,2025-12-16
285,466,1,2026-01-15
286,467,1,2026-01-01
287,469,1,2025-08-24
288,470,1,2026-02-08
289,472,1,2026-01-09
290,473,1,2026-02-19
291,474,1,2025-06-24
292,475,1,2025-05-02
293,476,1,2026-03-20
294,477,1,2025-10-27
295,478,1,2026-01-07
296,479,1,2025-04-20
297,480,1,2026-01-27
298,481,1,2025-11-22
299,482,1,2025-05-13
300,485,1,2025-10-16
301,486,1,2025-11-06
302,487,1,2026-02-06
303,488,1,2026-03-06
304,490,1,2025-04-14
305,491,1,2026-03-21
306,492,1,2025-06-15
307,493,1,2025-04-30
308,495,1,2025-11-22
309,496,1,2025-10-19
310,497,1,2025-09-21
311,498,1,2026-01-26
312,499,1,2025-08-09
313,500,1,2025-12-06
314,502,1,2025-07-01
315,503,1,2025-03-26
316,504,1,2026-03-11
317,505,1,2025-10-07
318,507,1,2025-10-17
319,510,1,2025-08-06
320,511,1,2025-11-26
321,512,1,2026-03-13
322,513,1,2025-04-19
323,515,1,2025-06-15
324,516,1,2025-09-13
325,518,1,2025-10-12
326,520,1,2025-04-19
327,523,1,2025-08-12
328,524,1,2025-06-27
329,526,1,2025-08-23
330,530,1,2025-10-23
331,531,1,2026-02-24
332,532,1,2025-07-09
333,533,1,2026-01-02
334,536,1,2025-09-16
335,537,1,2025-05-01
336,539,1,2026-03-12
337,540,1,2025-05-05
338,541,1,2025-08-07
339,542,1,2026-02-07
340,544,1,2025-11-17
341,545,1,2026-03-01
342,546,1,2025-07-14
343,548,1,2025-03-19
344,551,1,2025-03-22
345,552,1,2025-08-23
346,553,1,2025-07-22
347,554,1,2025-06-22
348,555,1,2025-10-03
349,556,1,2025-04-29
350,557,1,2025-04-17
351,558,1,2025-04-25
352,559,1,2026-03-03
353,563,1,2025-10-11
354,565,1,2025-06-04
355,566,1,2025-03-21
356,567,1,2025-04-19
357,568,1,2025-12-03
358,571,1,2025-06-24
359,572,1,2026-02-21
360,573,1,2025-06-13
361,574,1,2025-07-25
362,575,1,2025-12-18
363,576,1,2025-06-08
364,577,1,2025-04-30
365,578,1,2026-03-22
366,580,1,2026-02-25
367,581,1,2025-08-24
368,582,1,2026-03-19
369,584,1,2025-12-08
370,588,1,2025-07-11
371,590,1,2025-12-06
372,592,1,2025-04-20
373,593,1,2025-05-21
374,594,1,2026-01-07
375,595,1,2025-04-10
376,597,1,2026-03-07
377,599,1,2026-02-17
378,600,1,2025-09-25
379,602,1,2026-01-17
380,603,1,2026-01-31
381,604,1,2025-07-04
382,605,1,2025-11-12
383,608,1,2025-08-22
384,609,1,2025-06-10
385,611,1,2025-12-30
386,612,1,2026-02-03
387,613,1,2026-02-01
388,614,1,2025-11-27
389,615,1,2025-12-14
390,616,1,2025-09-12
391,617,1,2025-06-07
392,619,1,2025-12-05
393,624,1,2025-11-25
394,627,1,2025-12-11
395,630,1,2025-11-22
396,632,1,2025-08-20
397,634,1,2025-09-04
398,636,1,2025-06-08
399,637,1,2025-06-10
400,638,1,2025-08-03
401,639,1,2025-12-11
402,642,1,2025-04-12
403,646,1,2025-08-25
404,648,1,2025-04-12
405,653,1,2025-09-11
406,655,1,2025-10-27
407,656,1,2025-12-09
408,658,1,2025-11-30
409,660,1,2025-08-22
410,661,1,2025-03-21
411,662,1,2025-08-24
412,668,1,2026-01-18
413,674,1,2025-06-21
414,676,1,2026-01-20
415,677,1,2026-01-13
416,679,1,2025-07-28
417,680,1,2025-06-10
418,681,1,2025-10-21
419,682,1,2025-04-09
420,683,1,2025-12-14
421,684,1,2025-06-26
422,685,1,2025-08-25
423,686,1,2026-02-13
424,687,1,2025-09-15
425,688,1,2026-01-11
426,689,1,2025-07-17
427,691,1,2025-03-18
428,693,1,2026-02-11
429,696,1,2025-04-05
430,697,1,2025-12-08
431,699,1,2025-09-09
432,701,1,2025-06-03
433,702,1,2025-08-21
434,705,1,2025-03-17
435,706,1,2025-10-04
436,710,1,2025-10-28
437,715,1,2025-09-28
438,716,1,2025-03-30
439,717,1,2025-10-17
440,719,1,2025-08-11
441,720,1,2025-08-17
442,723,1,2025-11-12
443,724,1,2025-12-04
444,725,1,2025-04-23
445,726,1,2025-03-17
446,727,1,2025-06-25
447,728,1,2025-07-16
448,729,1,2025-03-24
449,730,1,2026-02-01
450,732,1,2025-11-16
451,733,1,2025-06-19
452,734,1,2025-07-18
453,736,1,2025-11-18
454,737,1,2026-03-05
455,739,1,2025-11-06
456,740,1,2025-10-01
457,742,1,2025-09-20
458,744,1,2025-07-07
459,745,1,2025-08-22
460,746,1,2025-10-16
461,747,1,2025-11-18
462,749,1,2025-08-10
463,752,1,2025-06-15
464,753,1,2025-07-18
465,754,1,2025-09-02
466,755,1,2025-07-28
467,756,1,2026-01-29
468,758,1,2025-03-17
469,760,1,2025-07-13
470,761,1,2025-12-06
471,762,1,2025-08-21
472,764,1,2025-10-29
473,765,1,2025-09-25
474,767,1,2025-03-31
475,768,1,2025-06-14
476,770,1,2025-10-05
477,771,1,2025-05-13
478,774,1,2025-11-08
479,775,1,2025-07-10
480,776,1,2025-09-05
481,778,1,2025-05-15
482,779,1,2025-08-16
483,781,1,2025-06-21
484,782,1,2025-10-22
485,783,1,2025-08-06
486,784,1,2025-06-18
487,785,1,2025-05-09
488,786,1,2025-07-07
489,787,1,2025-05-02
490,788,1,2026-01-15
491,789,1,2025-10-10
492,790,1,2025-06-04
493,791,1,2026-01-05
494,792,1,2025-09-02
495,794,1,2025-03-21
496,795,1,2026-02-22
497,796,1,2025-05-16
498,797,1,2025-05-13
499,798,1,2025-10-09
500,800,1,2025-08-22
501,802,1,2025-06-26
502,803,1,2025-04-24
503,804,1,2025-12-13
504,806,1,2025-12-16
505,807,1,2025-09-20
506,811,1,2025-09-06
507,812,1,2025-09-06
508,815,1,2025-09-09
509,817,1,2025-11-21
510,818,1,2026-02-22
511,819,1,2026-01-22
512,821,1,2025-11-11
513,825,1,2025-10-30
514,829,1,2025-08-22
515,830,1,2026-03-15
516,832,1,2025-03-29
517,833,1,2025-09-12
518,834,1,2025-05-02
519,836,1,2025-07-23
520,837,1,2025-03-31
521,838,1,2025-10-27
522,841,1,2025-11-21
523,843,1,2025-03-24
524,845,1,2025-08-07
525,847,1,2025-12-06
526,848,1,2025-08-29
527,849,1,2025-08-13
528,851,1,2025-07-16
529,852,1,2025-11-08
530,853,1,2025-12-25
531,854,1,2025-06-15
532,857,1,2025-11-06
533,860,1,2025-11-04
534,861,1,2026-02-06
535,862,1,2025-11-20
536,864,1,2025-07-02
537,865,1,2025-09-28
538,868,1,2025-12-31
539,871,1,2026-01-15
540,873,1,2025-04-01
541,875,1,2025-12-14
542,877,1,2025-09-22
543,879,1,2025-06-08
544,880,1,2025-07-05
545,881,1,2025-07-30
546,882,1,2025-05-18
547,883,1,2025-11-16
548,884,1,2025-07-05
549,886,1,2025-09-28
550,887,1,2025-07-26
551,888,1,2025-06-24
552,890,1,2025-10-12
553,891,1,2025-12-03
554,892,1,2025-07-27
555,894,1,2025-03-30
556,897,1,2025-12-15
557,898,1,2026-02-03
558,900,1,2025-08-21
559,901,1,2025-04-13
560,902,1,2025-06-16
561,906,1,2026-02-18
562,907,1,2025-06-17
563,910,1,2026-02-01
564,912,1,2025-05-04
565,915,1,2025-10-15
566,918,1,2025-07-14
567,920,1,2025-08-11
568,922,1,2026-02-13
569,925,1,2025-08-16
570,926,1,2025-08-04
571,928,1,2026-01-22
572,934,1,2025-03-30
573,937,1,2025-07-25
574,938,1,2025-05-12
575,942,1,2025-12-23
576,943,1,2025-06-29
577,945,1,2025-07-20
578,946,1,2025-11-04
579,948,1,2025-06-12
580,949,1,2025-04-27
581,950,1,2025-08-07
582,951,2,2026-02-13
583,952,2,2025-10-02
584,953,2,2025-10-13
585,956,2,2025-05-31
586,957,2,2025-12-21
587,960,2,2026-01-04
588,962,2,2025-05-26
589,964,2,2026-02-15
590,965,2,2026-02-01
591,969,2,2025-11-05
592,970,2,2025-11-02
593,973,2,2025-06-29
594,974,2,2025-04-05
595,975,2,2025-10-05
596,977,2,2025-10-15
597,978,2,2025-11-09
598,982,2,2025-11-24
599,983,2,2025-03-18
600,985,2,2025-11-18
601,988,2,2025-12-10
602,990,2,2025-09-01
603,992,2,2025-10-20
604,993,2,2025-07-31
605,994,2,2025-09-02
606,995,2,2026-03-13
607,996,2,2025-06-02
608,998,2,2025-05-14
609,999,2,2025-10-04
610,1000,2,2025-06-12
611,1001,2,2025-04-08
612,1002,2,2025-05-15
613,1003,2,2026-01-12
614,1004,2,2025-12-14
615,1006,2,2026-02-12
616,1007,2,2026-02-23
617,1011,2,2026-02-13
618,1014,2,2025-11-16
619,1016,2,2026-02-02
620,1018,2,2025-04-24
621,1020,2,2025-12-22
622,1021,2,2026-02-28
623,1022,2,2025-10-04
624,1023,2,2026-02-25
625,1026,2,2025-12-08
626,1028,2,2025-10-27
627,1030,2,2025-10-05
628,1031,2,2026-03-08
629,1032,2,2026-03-06
630,1035,2,2025-07-02
631,1036,2,2025-11-18
632,1038,2,2025-08-13
633,1041,2,2026-02-13
634,1043,2,2025-11-24
635,1045,2,2025-08-29
636,1046,2,2026-03-05
637,1047,2,2025-05-10
638,1048,2,2025-05-04
639,1049,2,2025-04-05
640,1050,2,2026-02-15
641,1051,2,2025-04-25
642,1053,2,2025-09-06
643,1055,2,2025-03-18
644,1056,2,2025-07-08
645,1058,2,2025-07-04
646,1060,2,2025-06-18
647,1062,2,2026-01-23
648,1063,2,2025-10-18
649,1065,2,2025-07-28
650,1066,2,2025-11-15
651,1068,2,2025-09-04
652,1069,2,2025-08-29
653,1070,2,2026-01-15
654,1071,2,2025-12-08
655,1072,2,2025-04-04
656,1075,2,2025-05-19
657,1076,2,2025-04-13
658,1078,2,2025-04-13
659,1080,2,2025-11-23
660,1083,2,2026-02-06
661,1084,2,2025-09-06
662,1085,2,2025-04-10
663,1086,2,2025-09-23
664,1087,2,2026-01-29
665,1089,2,2025-03-27
666,1090,2,2025-10-16
667,1091,2,2025-05-23
668,1092,2,2025-11-08
669,1093,2,2025-05-11
670,1095,2,2025-09-25
671,1096,2,2025-04-29
672,1099,2,2025-05-02
673,1100,2,2025-06-12
674,1101,2,2025-06-09
675,1104,2,2026-01-13
676,1106,2,2025-11-24
677,1110,2,2025-06-04
678,1111,2,2025-06-25
679,1113,2,2026-01-22
680,1115,2,2025-12-14
681,1117,2,2025-08-22
682,1119,2,2025-10-07
683,1120,2,2025-04-18
684,1121,2,2025-06-30
685,1123,2,2025-06-18
686,1124,2,2025-03-22
687,1125,2,2025-12-18
688,1129,2,2025-11-26
689,1130,2,2025-08-26
690,1132,2,2025-06-26
691,1134,2,2025-08-24
692,1136,2,2025-03-31
693,1137,2,2025-11-20
694,1138,2,2025-06-27
695,1140,2,2025-08-07
696,1141,2,2025-08-06
697,1142,2,2025-03-26
698,1143,2,2026-01-17
699,1144,2,2026-03-14
700,1145,2,2025-10-24
701,1146,2,2025-07-16
702,1147,2,2025-04-02
703,1148,2,2025-07-03
704,1151,2,2025-06-03
705,1153,2,2025-09-06
706,1154,2,2026-02-04
707,1156,2,2025-11-01
708,1157,2,2026-01-29
709,1160,2,2026-01-02
710,1162,2,2025-10-09
711,1163,2,2025-05-09
712,1165,2,2025-06-02
713,1166,2,2025-05-31
714,1168,2,2025-08-26
715,1170,2,2025-04-28
716,1173,2,2025-10-04
717,1174,2,2025-11-16
718,1176,2,2025-05-24
719,1177,2,2026-01-02
720,1179,2,2025-11-21
721,1180,2,2025-06-26
722,1182,2,2025-07-25
723,1183,2,2025-06-02
724,1184,2,2025-07-26
725,1185,2,2025-11-02
726,1186,2,2025-05-29
727,1188,2,2025-12-13
728,1190,2,2025-05-12
729,1191,2,2026-01-04
730,1193,2,2026-02-27
731,1194,2,2026-02-25
732,1196,2,2025-12-22
733,1197,2,2025-09-11
734,1198,2,2026-02-02
735,1199,2,2026-03-20
736,1201,2,2025-12-12
737,1202,2,2025-08-03
738,1204,2,2025-04-09
739,1206,2,2025-09-02
740,1208,2,2025-10-06
741,1210,2,2025-09-01
742,1216,2,2025-10-08
743,1219,2,2026-01-19
744,1221,2,2025-03-31
745,1222,2,2025-05-15
746,1224,2,2025-07-09
747,1225,2,2026-01-28
748,1229,2,2025-09-06
749,1231,2,2025-10-21
750,1233,2,2025-10-04
751,1234,2,2026-02-12
752,1235,2,2026-03-11
753,1236,2,2025-09-28
754,1237,2,2025-09-02
755,1239,2,2025-09-10
756,1241,2,2025-04-24
757,1244,2,2025-12-02
758,1245,2,2025-10-13
759,1246,2,2025-04-24
760,1247,2,2025-10-18
761,1249,2,2025-12-08
762,1251,2,2025-10-07
763,1252,2,2025-11-06
764,1253,2,2026-01-29
765,1254,2,2025-10-17
766,1256,2,2025-11-26
767,1257,2,2026-01-25
768,1261,2,2025-06-27
769,1263,2,2026-02-12
770,1264,2,2025-07-23
771,1265,2,2026-03-13
772,1269,2,2025-05-20
773,1270,2,2025-09-16
774,1272,2,2026-01-09
775,1273,2,2025-12-15
776,1274,2,2025-10-22
777,1277,2,2025-06-16
778,1278,2,2025-12-11
779,1279,2,2025-06-21
780,1280,2,2025-05-07
781,1281,2,2025-05-31
782,1283,2,2026-01-25
783,1285,2,2025-09-20
784,1286,2,2025-10-16
785,1290,2,2026-02-09
786,1291,2,2025-06-17
787,1293,2,2025-08-04
788,1295,2,2025-12-02
789,1296,2,2026-01-30
790,1297,2,2025-05-29
791,1300,2,2025-10-20
792,1301,2,2026-02-22
793,1302,2,2026-01-03
794,1304,2,2025-12-25
795,1305,2,2025-10-16
796,1308,2,2025-07-13
797,1309,2,2026-03-20
798,1310,2,2025-07-14
799,1317,2,2025-06-23
800,1318,2,2025-11-20
801,1319,2,2025-06-29
802,1321,2,2026-03-02
803,1324,2,2025-06-14
804,1326,2,2025-09-16
805,1328,2,2025-07-23
806,1329,2,2025-12-06
807,1330,2,2026-01-10
808,1331,2,2025-09-26
809,1335,2,2025-07-17
810,1338,2,2025-09-08
811,1340,2,2026-03-05
812,1342,2,2025-09-27
813,1344,2,2025-07-20
814,1348,2,2025-10-05
815,1349,2,2025-05-24
816,1350,2,2025-10-24
817,1351,2,2026-01-09
818,1352,2,2026-01-07
819,1354,2,2025-08-24
820,1355,2,2025-08-12
821,1359,2,2025-07-07
822,1362,2,2025-09-26
823,1363,2,2025-09-19
824,1365,2,2025-07-01
825,1366,2,2025-08-25
826,1374,2,2025-11-06
827,1375,2,2025-07-12
828,1377,2,2025-09-22
829,1378,2,2025-05-27
830,1379,2,2026-03-16
831,1380,2,2026-01-12
832,1381,2,2025-11-27
833,1383,2,2025-10-20
834,1384,2,2025-11-29
835,1385,2,2025-07-12
836,1386,2,2026-01-07
837,1387,2,2025-07-06
838,1390,2,2026-01-19
839,1391,2,2025-09-27
840,1393,2,2025-11-19
841,1394,2,2026-03-12
842,1395,2,2026-03-15
843,1396,2,2025-03-29
844,1397,2,2025-10-05
845,1398,2,2025-09-02
846,1401,2,2026-02-12
847,1402,2,2025-03-24
848,1403,2,2025-03-26
849,1404,2,2025-04-20
850,1405,2,2025-03-28
851,1406,2,2026-03-22
852,1407,2,2025-10-21
853,1408,2,2025-06-10
854,1410,2,2025-07-10
855,1412,2,2025-12-11
856,1413,2,2026-02-24
857,1416,2,2026-02-11
858,1417,2,2026-03-04
859,1418,2,2025-08-13
860,1420,2,2025-10-16
861,1421,2,2025-06-25
862,1422,2,2025-04-08
863,1424,2,2025-06-29
864,1425,2,2025-10-02
865,1427,2,2026-02-25
866,1429,2,2025-12-14
867,1431,2,2025-05-04
868,1432,2,2025-06-11
869,1436,2,2025-05-27
870,1438,2,2025-07-31
871,1440,2,2025-09-13
872,1441,2,2026-01-12
873,1442,2,2025-10-12
874,1445,2,2025-08-13
875,1446,2,2025-07-20
876,1449,2,2025-07-23
877,1451,2,2025-12-31
878,1452,2,2025-06-19
879,1453,2,2025-03-27
880,1454,2,2026-02-23
881,1455,2,2025-06-09
882,1457,2,2026-03-05
883,1458,2,2025-10-22
884,1459,2,2026-02-06
885,1462,2,2025-04-29
886,1466,2,2025-09-26
887,1467,2,2025-10-31
888,1470,2,2025-11-20
889,1471,2,2025-11-06
890,1476,2,2025-09-13
891,1477,2,2026-01-24
892,1478,2,2026-01-11
893,1481,2,2025-03-21
894,1482,2,2025-07-25
895,1485,2,2025-12-30
896,1486,2,2025-11-23
897,1488,2,2025-12-01
898,1489,2,2025-06-19
899,1490,2,2025-11-26
900,1491,2,2025-08-06
901,1494,2,2026-03-18
902,1495,2,2026-01-02
903,1496,2,2025-11-22
904,1497,2,2025-11-17
905,1498,2,2026-01-08
906,1499,2,2025-11-24
907,1503,2,2025-08-07
908,1504,2,2025-05-24
909,1505,2,2025-05-07
910,1507,2,2025-05-04
911,1508,2,2025-05-17
912,1510,2,2025-04-03
913,1512,2,2025-03-30
914,1515,2,2025-12-23
915,1517,2,2026-03-21
916,1525,2,2026-01-04
917,1526,2,2025-07-08
918,1527,2,2025-07-02
919,1528,2,2025-09-26
920,1530,2,2025-08-27
921,1531,2,2025-09-24
922,1532,2,2025-05-18
923,1533,2,2026-02-15
924,1537,2,2025-06-24
925,1538,2,2026-03-13
926,1539,2,2025-08-21
927,1541,2,2025-04-09
928,1542,2,2025-05-19
929,1545,2,2025-09-22
930,1548,2,2025-09-07
931,1551,2,2025-05-23
932,1552,2,2025-12-17
933,1554,2,2025-03-28
934,1557,2,2025-08-10
935,1558,2,2026-03-21
936,1559,2,2025-04-30
937,1560,2,2025-09-10
938,1561,2,2025-10-18
939,1564,2,2025-10-07
940,1566,2,2025-06-24
941,1567,2,2025-10-18
942,1569,2,2025-08-18
943,1572,2,2026-03-15
944,1574,2,2025-11-30
945,1575,2,2025-05-20
946,1576,2,2026-01-02
947,1577,2,2026-03-06
948,1578,2,2025-07-05
949,1580,2,2025-05-12
950,1583,2,2025-11-28
951,1584,2,2025-04-01
952,1588,2,2025-11-07
953,1590,2,2025-08-29
954,1593,2,2025-07-14
955,1597,2,2025-08-06
956,1598,2,2025-06-21
957,1602,2,2025-05-25
958,1603,2,2025-09-24
959,1608,2,2025-08-17
960,1610,2,2025-04-09
961,1612,2,2026-01-19
962,1613,2,2025-04-14
963,1614,2,2026-02-27
964,1616,2,2025-06-23
965,1620,2,2026-01-31
966,1622,2,2025-10-05
967,1623,2,2025-07-19
968,1625,2,2025-07-10
969,1626,2,2026-02-19
970,1627,2,2025-07-05
971,1630,2,2025-05-16
972,1632,2,2026-02-10
973,1633,2,2025-03-22
974,1635,2,2025-08-11
975,1637,2,2025-12-31
976,1638,2,2025-03-24
977,1641,2,2025-06-13
978,1643,2,2025-12-26
979,1644,2,2025-03-23
980,1645,2,2025-04-12
981,1647,2,2025-06-20
982,1648,2,2025-11-13
983,1649,2,2025-06-13
984,1651,2,2025-06-01
985,1652,2,2025-09-21
986,1654,2,2025-04-15
987,1656,2,2025-07-24
988,1658,2,2025-12-09
989,1659,2,2025-03-25
990,1661,2,2025-04-11
991,1662,2,2026-01-02
992,1663,2,2025-11-16
993,1664,2,2026-01-17
994,1665,2,2025-08-22
995,1666,2,2025-12-17
996,1668,2,2025-04-09
997,1671,2,2025-05-28
998,1674,2,2025-07-20
999,1676,2,2025-11-23
1000,1677,2,2025-04-07
1001,1678,2,2026-03-15
1002,1680,2,2026-02-01
1003,1681,2,2026-01-04
1004,1682,2,2026-02-20
1005,1684,2,2025-12-11
1006,1687,2,2025-11-30
1007,1689,2,2025-06-20
1008,1690,2,2025-10-04
1009,1696,2,2025-07-19
1010,1697,2,2025-10-29
1011,1700,2,2025-10-05
1012,1702,2,2025-05-05
1013,1703,2,2026-03-01
1014,1704,2,2025-05-23
1015,1705,2,2025-05-04
1016,1707,2,2025-11-24
1017,1708,2,2025-06-08
1018,1710,2,2026-01-24
1019,1711,2,2026-03-18
1020,1713,2,2026-01-15
1021,1714,2,2025-09-04
1022,1715,2,2025-05-02
1023,1716,2,2025-08-29
1024,1717,2,2026-01-15
1025,1718,2,2025-04-30
1026,1719,2,2025-04-30
1027,1721,2,2025-08-12
1028,1724,2,2026-01-16
1029,1726,2,2026-01-03
1030,1727,2,2026-01-19
1031,1728,2,2025-06-08
1032,1730,2,2025-04-05
1033,1732,2,2025-06-28
1034,1733,2,2025-10-30
1035,1734,2,2025-06-18
1036,1736,2,2025-05-24
1037,1737,2,2025-04-29
1038,1739,2,2025-04-23
1039,1740,2,2025-08-28
1040,1741,2,2025-12-19
1041,1744,2,2026-03-13
1042,1747,2,2026-01-30
1043,1748,2,2025-10-13
1044,1749,2,2026-02-11
1045,1750,2,2025-03-26
1046,1751,2,2025-09-06
1047,1752,2,2025-05-12
1048,1753,2,2026-03-11
1049,1755,2,2026-02-27
1050,1756,2,2025-05-06
1051,1757,2,2026-02-27
1052,1759,2,2025-06-19
1053,1763,2,2025-05-16
1054,1765,2,2026-02-05
1055,1767,2,2025-03-17
1056,1768,2,2025-12-27
1057,1769,2,2026-02-26
1058,1774,2,2025-12-06
1059,1776,2,2025-05-19
1060,1777,2,2025-04-10
1061,1780,2,2025-12-26
1062,1781,2,2026-03-12
1063,1782,2,2025-04-19
1064,1783,2,2025-09-17
1065,1784,2,2025-03-28
1066,1785,2,2025-11-16
1067,1786,2,2025-12-11
1068,1788,2,2025-03-26
1069,1789,2,2026-01-30
1070,1791,2,2025-10-30
1071,1792,2,2026-02-22
1072,1793,2,2026-01-24
1073,1794,2,2025-10-31
1074,1795,2,2025-11-05
1075,1796,2,2026-02-21
1076,1800,2,2025-04-02
1077,1802,2,2025-11-17
1078,1803,2,2025-09-30
1079,1804,2,2025-09-27
1080,1807,2,2026-03-03
1081,1808,2,2026-02-20
1082,1810,2,2025-06-22
1083,1811,2,2025-08-01
1084,1813,2,2026-01-22
1085,1817,2,2026-01-08
1086,1818,2,2025-05-10
1087,1819,2,2026-03-02
1088,1820,2,2025-09-12
1089,1821,2,2025-11-29
1090,1824,2,2026-02-28
1091,1826,2,2025-08-12
1092,1829,2,2025-12-27
1093,1830,2,2025-08-27
1094,1831,2,2025-04-18
1095,1835,2,2026-01-21
1096,1836,2,2026-01-27
1097,1838,2,2025-11-13
1098,1840,2,2025-10-28
1099,1841,2,2025-05-25
1100,1843,2,2026-01-29
1101,1844,2,2025-09-09
1102,1845,2,2025-07-23
1103,1846,2,2025-03-29
1104,1852,2,2026-03-21
1105,1853,2,2025-09-18
1106,1854,2,2025-10-11
1107,1856,2,2025-12-12
1108,1861,2,2026-03-16
1109,1863,2,2025-12-16
1110,1865,2,2026-03-06
1111,1867,2,2025-05-01
1112,1869,2,2025-12-01
1113,1871,2,2026-01-28
1114,1873,2,2025-05-01
1115,1874,2,2026-01-15
1116,1875,2,2025-11-15
1117,1876,2,2025-12-12
1118,1877,2,2025-12-11
1119,1878,2,2025-05-12
1120,1880,2,2025-04-09
1121,1883,2,2026-01-31
1122,1886,2,2025-05-12
1123,1887,2,2025-11-28
1124,1889,2,2025-09-05
1125,1890,2,2025-05-02
1126,1892,2,2025-10-23
1127,1893,2,2025-05-20
1128,1896,2,2025-05-14
1129,1897,2,2026-02-12
1130,1898,2,2026-02-20
1131,1900,2,2025-10-31
1132,1901,3,2025-08-13
1133,1903,3,2025-06-15
1134,1908,3,2026-02-23
1135,1909,3,2025-08-15
1136,1910,3,2025-03-31
1137,1911,3,2025-08-08
1138,1912,3,2025-06-12
1139,1913,3,2025-06-13
1140,1915,3,2025-04-28
1141,1916,3,2026-03-01
1142,1918,3,2025-11-29
1143,1920,3,2025-09-14
1144,1921,3,2025-11-11
1145,1923,3,2025-11-01
1146,1926,3,2026-01-08
1147,1927,3,2025-08-18
1148,1928,3,2025-07-23
1149,1929,3,2025-07-17
1150,1931,3,2025-05-30
1151,1933,3,2026-02-28
1152,1934,3,2025-07-10
1153,1935,3,2025-08-02
1154,1936,3,2025-10-04
1155,1940,3,2025-04-05
1156,1942,3,2025-05-18
1157,1943,3,2025-12-31
1158,1944,3,2025-09-07
1159,1946,3,2025-10-11
1160,1947,3,2025-07-03
1161,1950,3,2025-08-30
1162,1951,3,2025-07-31
1163,1953,3,2025-11-26
1164,1957,3,2025-09-07
1165,1958,3,2025-09-06
1166,1960,3,2025-11-02
1167,1961,3,2025-05-23
1168,1962,3,2025-09-07
1169,1964,3,2026-01-20
1170,1965,3,2025-03-19
1171,1966,3,2025-12-16
1172,1971,3,2026-01-08
1173,1972,3,2026-01-23
1174,1973,3,2025-11-04
1175,1974,3,2025-07-22
1176,1975,3,2025-08-19
1177,1980,3,2025-07-07
1178,1981,3,2025-11-24
1179,1982,3,2026-01-03
1180,1985,3,2025-09-16
1181,1986,3,2025-10-24
1182,1989,3,2025-06-19
1183,1990,3,2026-02-05
1184,1992,3,2025-09-22
1185,1993,3,2025-12-29
1186,1997,3,2025-05-02
1187,1999,3,2025-11-05
1188,2001,3,2025-04-04
1189,2002,3,2025-03-26
1190,2003,3,2025-10-04
1191,2004,3,2025-05-01
1192,2005,3,2025-05-03
1193,2007,3,2025-08-13
1194,2008,3,2025-10-10
1195,2011,3,2025-07-06
1196,2012,3,2025-10-29
1197,2015,3,2025-06-09
1198,2016,3,2025-07-09
1199,2019,3,2025-11-08
1200,2020,3,2025-12-31
1201,2021,3,2025-05-28
1202,2022,3,2025-07-10
1203,2024,3,2025-08-18
1204,2028,3,2025-05-27
1205,2031,3,2025-05-26
1206,2033,3,2025-09-19
1207,2034,3,2025-06-11
1208,2035,3,2025-06-12
1209,2036,3,2025-10-19
1210,2040,3,2025-04-11
1211,2041,3,2025-08-20
1212,2042,3,2025-06-18
1213,2043,3,2025-11-20
1214,2044,3,2025-09-06
1215,2045,3,2025-11-11
1216,2049,3,2025-06-20
1217,2050,3,2025-06-13
1218,2051,3,2025-04-08
1219,2054,3,2025-12-27
1220,2056,3,2026-01-19
1221,2058,3,2025-03-24
1222,2059,3,2025-09-30
1223,2065,3,2025-04-01
1224,2066,3,2025-08-07
1225,2068,3,2025-12-08
1226,2069,3,2026-01-06
1227,2070,3,2026-03-16
1228,2071,3,2026-03-09
1229,2072,3,2026-02-10
1230,2073,3,2025-07-06
1231,2074,3,2025-06-19
1232,2075,3,2025-06-03
1233,2080,3,2025-12-03
1234,2081,3,2025-07-16
1235,2082,3,2025-12-24
1236,2083,3,2025-10-05
1237,2085,3,2025-04-18
1238,2088,3,2025-08-09
1239,2089,3,2025-09-13
1240,2095,3,2026-01-29
1241,2096,3,2026-02-01
1242,2098,3,2026-02-07
1243,2099,3,2025-08-06
1244,2100,3,2025-04-20
1245,2102,3,2025-08-23
1246,2103,3,2025-12-10
1247,2104,3,2025-12-12
1248,2105,3,2025-10-13
1249,2106,3,2025-05-15
1250,2107,3,2025-11-28
1251,2110,3,2025-07-28
1252,2111,3,2025-03-18
1253,2112,3,2025-08-18
1254,2114,3,2026-01-09
1255,2115,3,2026-02-23
1256,2117,3,2026-01-27
1257,2119,3,2025-08-04
1258,2120,3,2025-08-16
1259,2122,3,2025-11-06
1260,2123,3,2026-02-09
1261,2124,3,2025-12-28
1262,2125,3,2025-12-31
1263,2131,3,2025-05-22
1264,2133,3,2025-06-23
1265,2134,3,2025-08-04
1266,2135,3,2025-06-21
1267,2138,3,2026-02-21
1268,2139,3,2025-05-17
1269,2142,3,2025-03-18
1270,2144,3,2026-01-08
1271,2146,3,2025-04-27
1272,2147,3,2025-03-17
1273,2151,3,2025-03-23
1274,2152,3,2025-09-14
1275,2157,3,2026-01-19
1276,2160,3,2025-10-26
1277,2161,3,2025-08-28
1278,2162,3,2025-09-09
1279,2163,3,2025-08-16
1280,2164,3,2026-01-25
1281,2167,3,2026-02-22
1282,2169,3,2025-08-01
1283,2171,3,2025-09-03
1284,2172,3,2025-06-07
1285,2178,3,2026-02-15
1286,2180,3,2025-10-18
1287,2181,3,2025-10-13
1288,2184,3,2025-09-10
1289,2185,3,2025-12-07
1290,2186,3,2025-07-07
1291,2187,3,2025-07-09
1292,2188,3,2025-12-05
1293,2190,3,2025-04-08
1294,2191,3,2026-01-01
1295,2192,3,2025-07-27
1296,2194,3,2025-08-02
1297,2195,3,2025-05-11
1298,2196,3,2025-04-11
1299,2197,3,2025-10-25
1300,2198,3,2025-11-19
1301,2199,3,2025-12-27
1302,2201,3,2025-07-14
1303,2202,3,2025-07-02
1304,2203,3,2025-05-18
1305,2204,3,2025-05-10
1306,2210,3,2025-05-21
1307,2213,3,2025-05-14
1308,2217,3,2025-04-19
1309,2218,3,2025-07-01
1310,2219,3,2025-03-18
1311,2220,3,2025-11-03
1312,2221,3,2025-07-18
1313,2222,3,2025-09-13
1314,2223,3,2026-02-02
1315,2224,3,2026-03-01
1316,2225,3,2025-07-01
1317,2227,3,2025-04-03
1318,2230,3,2025-05-28
1319,2232,3,2025-10-25
1320,2234,3,2025-04-05
1321,2235,3,2025-08-01
1322,2236,3,2025-03-25
1323,2237,3,2026-02-20
1324,2238,3,2025-12-08
1325,2239,3,2025-08-08
1326,2241,3,2025-09-11
1327,2242,3,2025-04-07
1328,2243,3,2025-09-17
1329,2244,3,2025-04-14
1330,2246,3,2025-07-18
1331,2247,3,2025-12-28
1332,2249,3,2025-09-04
1333,2250,3,2026-01-07
1334,2251,3,2025-09-06
1335,2252,3,2025-09-12
1336,2254,3,2025-03-27
1337,2256,3,2026-01-12
1338,2257,3,2025-11-08
1339,2259,3,2025-09-14
1340,2261,3,2025-12-09
1341,2262,3,2026-02-06
1342,2265,3,2025-08-28
1343,2266,3,2025-10-12
1344,2267,3,2025-06-27
1345,2268,3,2025-12-09
1346,2271,3,2025-09-25
1347,2275,3,2025-07-22
1348,2276,3,2025-07-19
1349,2281,3,2025-11-23
1350,2282,3,2025-08-14
1351,2285,3,2025-05-17
1352,2286,3,2025-06-28
1353,2289,3,2025-04-26
1354,2290,3,2025-05-31
1355,2294,3,2025-08-24
1356,2295,3,2025-08-18
1357,2299,3,2025-10-31
1358,2300,3,2025-05-04
1359,2301,3,2025-06-28
1360,2303,3,2025-11-21
1361,2306,3,2025-05-03
1362,2307,3,2025-05-21
1363,2308,3,2025-11-24
1364,2309,3,2025-09-24
1365,2310,3,2026-03-17
1366,2312,3,2026-01-10
1367,2313,3,2025-09-03
1368,2314,3,2025-10-05
1369,2316,3,2025-12-11
1370,2318,3,2025-08-02
1371,2319,3,2025-08-21
1372,2320,3,2026-01-11
1373,2322,3,2025-11-08
1374,2323,3,2025-11-24
1375,2324,3,2025-08-25
1376,2325,3,2025-03-21
1377,2326,3,2026-02-18
1378,2327,3,2025-06-04
1379,2328,3,2026-01-15
1380,2330,3,2025-12-26
1381,2333,3,2026-01-23
1382,2334,3,2025-12-02
1383,2336,3,2026-02-10
1384,2338,3,2026-01-30
1385,2339,3,2026-01-01
1386,2340,3,2025-06-02
1387,2341,3,2026-02-02
1388,2342,3,2025-10-08
1389,2343,3,2025-11-18
1390,2344,3,2025-07-16
1391,2347,3,2025-05-13
1392,2348,3,2025-09-16
1393,2349,3,2025-08-11
1394,2354,3,2025-08-14
1395,2355,3,2025-05-20
1396,2356,3,2025-04-21
1397,2357,3,2025-09-02
1398,2358,3,2025-12-16
1399,2359,3,2025-05-21
1400,2361,3,2025-07-25
1401,2363,3,2026-01-21
1402,2364,3,2025-11-02
1403,2365,3,2026-03-13
1404,2366,3,2025-09-22
1405,2368,3,2025-09-16
1406,2369,3,2025-07-02
1407,2370,3,2025-12-17
1408,2371,3,2025-11-18
1409,2372,3,2026-02-24
1410,2373,3,2025-09-09
1411,2374,3,2025-11-26
1412,2376,3,2025-12-20
1413,2378,3,2025-06-06
1414,2379,3,2025-04-19
1415,2381,3,2026-03-05
1416,2382,3,2025-03-18
1417,2383,3,2025-09-12
1418,2384,3,2025-04-15
1419,2385,3,2025-11-18
1420,2387,3,2025-05-01
1421,2389,3,2025-12-30
1422,2391,3,2026-01-26
1423,2393,3,2026-01-06
1424,2394,3,2026-01-18
1425,2397,3,2025-09-21
1426,2400,3,2025-07-16
1427,2401,3,2025-11-23
1428,2402,3,2025-08-21
1429,2403,3,2025-08-27
1430,2404,3,2025-05-01
1431,2405,3,2025-08-05
1432,2406,3,2025-05-15
1433,2407,3,2026-03-09
1434,2411,3,2025-12-12
1435,2414,3,2026-02-22
1436,2415,3,2025-05-11
1437,2418,3,2025-10-30
1438,2419,3,2025-03-19
1439,2420,3,2025-04-20
1440,2421,3,2025-05-22
1441,2422,3,2026-01-01
1442,2423,3,2025-04-22
1443,2425,3,2025-08-11
1444,2429,3,2025-08-09
1445,2430,3,2025-04-25
1446,2431,3,2026-01-06
1447,2433,3,2025-06-04
1448,2434,3,2026-03-07
1449,2436,3,2025-05-26
1450,2437,3,2025-12-20
1451,2438,3,2026-01-04
1452,2439,3,2025-09-10
1453,2440,3,2025-03-18
1454,2441,3,2026-03-06
1455,2442,3,2025-07-08
1456,2446,3,2026-01-24
1457,2448,3,2025-06-08
1458,2453,3,2025-06-01
1459,2454,3,2025-10-04
1460,2455,3,2025-12-26
1461,2457,3,2026-01-09
1462,2459,3,2026-01-06
1463,2460,3,2025-11-25
1464,2463,3,2025-05-12
1465,2464,3,2025-12-08
1466,2468,3,2025-09-29
1467,2472,3,2025-03-23
1468,2473,3,2026-03-16
1469,2476,3,2026-02-01
1470,2477,3,2025-09-29
1471,2478,3,2026-03-07
1472,2479,3,2025-03-18
1473,2480,3,2026-03-07
1474,2482,3,2025-03-30
1475,2484,3,2026-01-19
1476,2485,3,2025-10-31
1477,2486,3,2025-09-21
1478,2488,3,2025-09-03
1479,2490,3,2025-11-25
1480,2492,3,2025-08-20
1481,2493,3,2025-04-26
1482,2494,3,2025-11-29
1483,2495,3,2025-06-18
1484,2497,3,2026-02-05
1485,2498,3,2025-04-09
1486,2499,3,2025-04-01
1487,2501,3,2025-08-21
1488,2502,3,2025-10-23
1489,2503,3,2025-05-07
1490,2507,3,2025-10-06
1491,2513,3,2025-06-09
1492,2514,3,2025-09-17
1493,2517,3,2025-07-07
1494,2519,3,2025-09-28
1495,2522,3,2026-02-25
1496,2523,3,2025-08-05
1497,2524,3,2026-02-22
1498,2525,3,2025-10-09
1499,2526,3,2025-11-17
1500,2528,3,2025-10-03
1501,2529,3,2026-01-23
1502,2531,3,2025-12-30
1503,2534,3,2026-02-21
1504,2535,3,2025-06-28
1505,2538,3,2025-06-02
1506,2539,3,2025-04-03
1507,2540,3,2025-07-29
1508,2541,3,2025-07-28
1509,2543,3,2026-02-23
1510,2544,3,2025-07-18
1511,2545,3,2025-12-04
1512,2547,3,2025-10-06
1513,2548,3,2025-10-14
1514,2549,3,2025-09-16
1515,2550,3,2025-05-25
1516,2554,3,2026-02-03
1517,2559,3,2025-10-27
1518,2560,3,2026-03-03
1519,2561,3,2026-01-03
1520,2562,3,2025-05-03
1521,2563,3,2025-07-12
1522,2564,3,2025-10-02
1523,2566,3,2025-03-28
1524,2568,3,2025-07-22
1525,2569,3,2025-05-24
1526,2571,3,2025-11-06
1527,2572,3,2025-04-11
1528,2574,3,2026-01-19
1529,2575,3,2026-01-16
1530,2576,3,2026-02-19
1531,2577,3,2026-02-20
1532,2580,3,2025-11-10
1533,2581,3,2025-08-31
1534,2584,3,2026-03-09
1535,2585,3,2025-08-25
1536,2586,3,2025-12-09
1537,2587,3,2025-12-06
1538,2589,3,2026-03-07
1539,2592,3,2025-06-07
1540,2593,3,2025-09-26
1541,2594,3,2025-08-27
1542,2596,3,2025-12-30
1543,2602,3,2025-11-05
1544,2603,3,2025-03-24
1545,2604,3,2025-05-31
1546,2605,3,2026-02-10
1547,2607,3,2025-10-05
1548,2608,3,2025-04-13
1549,2609,3,2025-04-10
1550,2611,3,2025-06-08
1551,2614,3,2026-02-10
1552,2615,3,2025-09-16
1553,2616,3,2025-04-30
1554,2617,3,2025-12-28
1555,2618,3,2025-11-09
1556,2620,3,2026-02-07
1557,2621,3,2025-10-08
1558,2622,3,2026-01-19
1559,2623,3,2025-08-01
1560,2624,3,2025-10-12
1561,2625,3,2025-10-10
1562,2626,3,2025-06-10
1563,2628,3,2025-09-19
1564,2629,3,2025-08-02
1565,2630,3,2026-03-11
1566,2631,3,2025-05-15
1567,2633,3,2025-04-18
1568,2634,3,2025-07-30
1569,2635,3,2025-11-09
1570,2636,3,2026-01-25
1571,2637,3,2025-04-14
1572,2638,3,2025-09-01
1573,2640,3,2025-12-17
1574,2643,3,2025-08-01
1575,2647,3,2025-03-18
1576,2648,3,2025-03-22
1577,2649,3,2025-07-21
1578,2651,3,2025-10-09
1579,2653,3,2026-01-05
1580,2656,3,2025-05-31
1581,2659,3,2025-04-11
1582,2660,3,2025-06-02
1583,2663,3,2025-06-03
1584,2666,3,2025-08-06
1585,2667,3,2025-03-20
1586,2668,3,2025-06-19
1587,2669,3,2025-09-15
1588,2672,3,2025-07-03
1589,2673,3,2025-09-30
1590,2674,3,2025-07-05
1591,2675,3,2025-05-27
1592,2676,3,2025-05-07
1593,2678,3,2025-10-29
1594,2679,3,2025-07-12
1595,2682,3,2026-02-12
1596,2687,3,2026-01-26
1597,2689,3,2025-05-09
1598,2690,3,2025-09-24
1599,2693,3,2025-08-09
1600,2695,3,2025-11-27
1601,2696,3,2025-10-09
1602,2697,3,2026-01-13
1603,2699,3,2025-04-09
1604,2700,3,2025-03-27
1605,2701,3,2025-08-01
1606,2702,3,2025-04-07
1607,2704,3,2025-08-26
1608,2707,3,2025-12-30
1609,2708,3,2026-02-08
1610,2709,3,2026-02-17
1611,2710,3,2026-01-16
1612,2711,3,2025-06-17
1613,2712,3,2025-07-14
1614,2713,3,2026-01-22
1615,2714,3,2025-06-08
1616,2715,3,2026-02-16
1617,2716,3,2025-09-08
1618,2718,3,2025-09-18
1619,2720,3,2025-09-13
1620,2721,3,2025-05-27
1621,2722,3,2025-09-19
1622,2723,3,2025-09-17
1623,2724,3,2025-12-22
1624,2725,3,2025-09-02
1625,2726,3,2025-09-07
1626,2727,3,2026-03-15
1627,2728,3,2025-08-23
1628,2729,3,2026-02-07
1629,2731,3,2026-03-09
1630,2732,3,2025-06-20
1631,2735,3,2025-06-22
1632,2736,3,2026-03-17
1633,2741,3,2025-03-26
1634,2742,3,2025-03-24
1635,2743,3,2026-02-18
1636,2744,3,2025-12-12
1637,2745,3,2025-06-01
1638,2749,3,2025-09-02
1639,2754,3,2026-02-15
1640,2756,3,2025-08-19
1641,2758,3,2025-06-11
1642,2759,3,2025-12-28
1643,2761,3,2026-01-16
1644,2762,3,2025-10-17
1645,2763,3,2025-08-21
1646,2768,3,2025-11-17
1647,2771,3,2025-08-02
1648,2773,3,2026-03-10
1649,2776,3,2025-05-17
1650,2778,3,2025-09-17
1651,2779,3,2025-04-19
1652,2780,3,2025-12-31
1653,2783,3,2025-06-27
1654,2784,3,2025-10-17
1655,2787,3,2026-03-07
1656,2788,3,2026-03-22
1657,2790,3,2025-06-24
1658,2793,3,2025-09-20
1659,2794,3,2026-01-29
1660,2796,3,2025-06-19
1661,2797,3,2025-10-17
1662,2799,3,2025-11-04
1663,2804,3,2026-01-21
1664,2805,3,2025-04-26
1665,2806,3,2025-06-26
1666,2810,3,2025-04-29
1667,2811,3,2025-11-06
1668,2812,3,2026-01-09
1669,2813,3,2025-07-11
1670,2814,3,2025-06-21
1671,2815,3,2025-10-21
1672,2817,3,2025-07-06
1673,2819,3,2025-06-20
1674,2820,3,2025-07-19
1675,2821,3,2025-04-12
1676,2823,3,2026-03-08
1677,2824,3,2025-04-08
1678,2825,3,2025-08-21
1679,2826,3,2025-05-15
1680,2827,3,2026-03-02
1681,2828,3,2026-01-14
1682,2832,3,2025-12-25
1683,2833,3,2026-02-10
1684,2838,3,2026-03-06
1685,2839,3,2025-04-26
1686,2841,3,2026-01-18
1687,2842,3,2026-01-10
1688,2845,3,2025-09-18
1689,2848,3,2025-10-09
1690,2849,3,2026-03-02
1691,2853,4,2025-10-05
1692,2854,4,2025-07-12
1693,2855,4,2026-01-27
1694,2856,4,2025-11-25
1695,2857,4,2026-01-28
1696,2861,4,2025-10-16
1697,2863,4,2025-11-08
1698,2864,4,2025-08-18
1699,2865,4,2025-03-24
1700,2866,4,2025-05-25
1701,2867,4,2025-09-09
1702,2868,4,2025-12-12
1703,2871,4,2025-07-23
1704,2873,4,2025-07-15
1705,2874,4,2025-09-01
1706,2875,4,2025-10-12
1707,2876,4,2025-08-09
1708,2877,4,2025-10-04
1709,2878,4,2025-08-28
1710,2879,4,2025-07-11
1711,2880,4,2025-08-13
1712,2881,4,2025-06-12
1713,2883,4,2025-06-06
1714,2884,4,2025-07-12
1715,2885,4,2025-12-20
1716,2886,4,2025-11-12
1717,2887,4,2026-01-29
1718,2889,4,2025-10-23
1719,2890,4,2025-05-28
1720,2892,4,2025-09-21
1721,2893,4,2025-10-28
1722,2895,4,2025-07-29
1723,2897,4,2025-08-23
1724,2898,4,2025-04-27
1725,2900,4,2025-07-25
1726,2901,4,2025-07-02
1727,2903,4,2025-05-04
1728,2906,4,2025-08-15
1729,2913,4,2025-03-18
1730,2916,4,2025-08-14
1731,2917,4,2025-05-12
1732,2918,4,2025-08-22
1733,2920,4,2025-04-28
1734,2921,4,2026-03-15
1735,2924,4,2026-01-14
1736,2926,4,2025-06-07
1737,2927,4,2025-08-26
1738,2929,4,2025-08-04
1739,2930,4,2025-06-06
1740,2931,4,2026-03-22
1741,2933,4,2025-10-09
1742,2934,4,2025-04-18
1743,2935,4,2026-03-12
1744,2943,4,2025-04-22
1745,2944,4,2025-09-28
1746,2945,4,2025-07-09
1747,2946,4,2025-12-10
1748,2947,4,2025-04-23
1749,2948,4,2026-02-22
1750,2949,4,2025-06-09
1751,2950,4,2025-03-19
1752,2954,4,2025-11-20
1753,2956,4,2026-03-12
1754,2957,4,2026-03-20
1755,2958,4,2025-08-24
1756,2959,4,2025-08-23
1757,2961,4,2025-08-17
1758,2963,4,2026-01-03
1759,2964,4,2025-10-19
1760,2965,4,2025-09-30
1761,2966,4,2025-04-30
1762,2967,4,2025-03-23
1763,2972,4,2025-09-20
1764,2973,4,2026-01-16
1765,2974,4,2025-06-16
1766,2975,4,2026-03-02
1767,2978,4,2026-01-05
1768,2980,4,2025-03-30
1769,2982,4,2026-02-23
1770,2983,4,2025-11-16
1771,2984,4,2026-02-14
1772,2985,4,2025-04-04
1773,2986,4,2026-01-22
1774,2987,4,2025-07-22
1775,2988,4,2025-11-02
1776,2989,4,2025-07-13
1777,2990,4,2025-09-13
1778,2991,4,2025-07-28
1779,2992,4,2025-04-28
1780,2994,4,2025-08-23
1781,2996,4,2025-04-29
1782,2998,4,2025-09-03
1783,2999,4,2025-11-30
1784,3000,4,2025-06-22
1785,3002,4,2026-01-08
1786,3004,4,2025-07-28
1787,3005,4,2025-09-24
1788,3006,4,2025-10-30
1789,3007,4,2025-08-01
1790,3010,4,2025-06-06
1791,3011,4,2025-05-21
1792,3012,4,2025-08-18
1793,3013,4,2025-10-08
1794,3014,4,2025-06-29
1795,3017,4,2025-05-07
1796,3020,4,2026-02-14
1797,3022,4,2025-05-05
1798,3024,4,2025-04-25
1799,3027,4,2026-03-14
1800,3028,4,2025-11-28
1801,3029,4,2025-09-28
1802,3032,4,2025-05-29
1803,3034,4,2025-07-07
1804,3035,4,2025-07-09
1805,3037,4,2025-09-07
1806,3038,4,2025-10-28
1807,3039,4,2026-02-18
1808,3040,4,2025-09-29
1809,3041,4,2025-11-21
1810,3043,4,2025-11-25
1811,3049,4,2025-03-22
1812,3051,4,2026-01-30
1813,3052,4,2025-04-24
1814,3056,4,2026-03-21
1815,3058,4,2026-02-07
1816,3060,4,2025-07-11
1817,3061,4,2025-10-04
1818,3062,4,2025-09-15
1819,3065,4,2025-04-25
1820,3068,4,2025-04-22
1821,3069,4,2025-03-25
1822,3070,4,2025-10-21
1823,3071,4,2025-05-07
1824,3075,4,2025-05-06
1825,3079,4,2025-11-26
1826,3084,4,2026-01-27
1827,3085,4,2026-01-02
1828,3086,4,2025-12-10
1829,3088,4,2025-10-06
1830,3089,4,2025-10-05
1831,3091,4,2025-07-30
1832,3092,4,2025-09-09
1833,3093,4,2026-03-11
1834,3094,4,2025-07-31
1835,3095,4,2025-07-08
1836,3096,4,2026-01-02
1837,3097,4,2025-07-31
1838,3100,4,2025-11-11
1839,3101,4,2025-08-24
1840,3102,4,2026-03-06
1841,3104,4,2026-01-03
1842,3105,4,2026-03-20
1843,3106,4,2025-12-17
1844,3107,4,2025-09-18
1845,3111,4,2025-07-31
1846,3112,4,2025-09-10
1847,3113,4,2025-11-19
1848,3117,4,2025-12-09
1849,3118,4,2025-04-17
1850,3119,4,2025-07-26
1851,3120,4,2025-03-25
1852,3121,4,2025-08-16
1853,3122,4,2025-10-28
1854,3124,4,2025-07-17
1855,3126,4,2025-11-01
1856,3128,4,2025-12-10
1857,3129,4,2025-04-20
1858,3130,4,2025-08-08
1859,3131,4,2025-04-04
1860,3132,4,2026-03-02
1861,3133,4,2026-02-12
1862,3135,4,2026-01-10
1863,3136,4,2025-03-24
1864,3137,4,2025-10-25
1865,3139,4,2025-11-06
1866,3140,4,2025-09-22
1867,3142,4,2025-12-09
1868,3145,4,2025-09-24
1869,3150,4,2026-03-09
1870,3151,4,2026-03-14
1871,3152,4,2025-12-30
1872,3153,4,2026-03-18
1873,3156,4,2025-05-28
1874,3158,4,2026-03-21
1875,3159,4,2025-04-30
1876,3162,4,2025-04-04
1877,3163,4,2025-06-25
1878,3165,4,2025-07-16
1879,3166,4,2025-07-13
1880,3168,4,2025-06-14
1881,3170,4,2025-12-10
1882,3171,4,2026-02-27
1883,3173,4,2026-01-17
1884,3177,4,2025-07-19
1885,3179,4,2025-08-15
1886,3182,4,2025-08-25
1887,3184,4,2025-10-02
1888,3186,4,2025-05-10
1889,3188,4,2025-11-03
1890,3189,4,2026-01-25
1891,3190,4,2025-06-15
1892,3195,4,2026-02-04
1893,3199,4,2025-05-31
1894,3200,4,2025-08-09
1895,3201,4,2026-03-13
1896,3203,4,2026-03-09
1897,3205,4,2025-11-01
1898,3208,4,2025-04-17
1899,3209,4,2025-07-27
1900,3211,4,2025-05-18
1901,3212,4,2025-06-28
1902,3217,4,2025-06-30
1903,3219,4,2025-06-19
1904,3222,4,2025-07-14
1905,3224,4,2025-03-19
1906,3226,4,2025-05-24
1907,3227,4,2025-05-28
1908,3231,4,2025-08-25
1909,3232,4,2025-10-18
1910,3234,4,2025-10-09
1911,3236,4,2026-02-09
1912,3237,4,2025-06-17
1913,3238,4,2025-06-30
1914,3241,4,2025-11-10
1915,3242,4,2025-09-08
1916,3243,4,2026-03-09
1917,3245,4,2025-11-30
1918,3246,4,2025-04-04
1919,3248,4,2025-11-23
1920,3251,4,2025-06-25
1921,3252,4,2025-07-30
1922,3254,4,2026-02-05
1923,3255,4,2025-05-14
1924,3258,4,2025-12-10
1925,3260,4,2025-09-01
1926,3261,4,2026-02-23
1927,3262,4,2026-01-23
1928,3264,4,2026-02-11
1929,3265,4,2026-03-21
1930,3266,4,2025-12-30
1931,3267,4,2025-07-03
1932,3268,4,2025-12-28
1933,3269,4,2025-09-21
1934,3271,4,2025-07-04
1935,3272,4,2025-11-26
1936,3277,4,2025-05-07
1937,3278,4,2026-02-10
1938,3281,4,2026-01-05
1939,3283,4,2025-12-03
1940,3284,4,2025-08-24
1941,3287,4,2025-05-03
1942,3289,4,2025-11-01
1943,3291,4,2026-01-31
1944,3293,4,2025-10-25
1945,3295,4,2025-11-10
1946,3296,4,2025-09-13
1947,3297,4,2026-03-06
1948,3298,4,2025-08-02
1949,3299,4,2026-01-28
1950,3301,4,2025-06-21
1951,3302,4,2025-04-10
1952,3308,4,2025-11-27
1953,3311,4,2025-12-11
1954,3312,4,2025-05-11
1955,3316,4,2025-11-09
1956,3318,4,2025-07-04
1957,3319,4,2025-10-24
1958,3320,4,2025-04-26
1959,3321,4,2025-09-30
1960,3323,4,2025-04-20
1961,3324,4,2025-11-23
1962,3326,4,2026-01-27
1963,3328,4,2025-10-23
1964,3329,4,2025-04-15
1965,3330,4,2026-03-09
1966,3332,4,2025-11-06
1967,3335,4,2025-06-05
1968,3337,4,2025-07-05
1969,3342,4,2025-07-26
1970,3344,4,2025-10-06
1971,3345,4,2025-06-02
1972,3346,4,2025-08-02
1973,3348,4,2025-10-26
1974,3349,4,2025-11-25
1975,3351,4,2025-06-05
1976,3352,4,2025-09-02
1977,3353,4,2025-06-10
1978,3354,4,2025-07-14
1979,3355,4,2025-06-21
1980,3357,4,2025-08-28
1981,3361,4,2025-05-01
1982,3362,4,2025-03-22
1983,3363,4,2025-06-26
1984,3365,4,2025-11-02
1985,3367,4,2026-02-17
1986,3368,4,2025-04-11
1987,3369,4,2025-12-04
1988,3370,4,2025-09-04
1989,3371,4,2025-10-27
1990,3374,4,2026-01-21
1991,3375,4,2025-05-08
1992,3377,4,2025-05-11
1993,3380,4,2026-03-13
1994,3382,4,2026-03-20
1995,3383,4,2025-09-01
1996,3384,4,2025-09-04
1997,3385,4,2025-12-04
1998,3389,4,2026-03-18
1999,3390,4,2025-06-22
2000,3392,4,2025-07-18
2001,3393,4,2025-05-20
2002,3394,4,2026-03-07
2003,3395,4,2025-10-29
2004,3396,4,2025-10-29
2005,3399,4,2025-11-09
2006,3405,4,2025-08-09
2007,3408,4,2025-10-29
2008,3410,4,2025-12-31
2009,3411,4,2026-01-02
2010,3412,4,2025-11-25
2011,3413,4,2025-09-06
2012,3415,4,2025-08-26
2013,3416,4,2025-08-24
2014,3418,4,2026-01-30
2015,3419,4,2026-03-12
2016,3420,4,2025-10-16
2017,3421,4,2025-05-22
2018,3422,4,2026-03-14
2019,3423,4,2025-04-18
2020,3424,4,2025-07-10
2021,3425,4,2025-04-30
2022,3427,4,2025-11-19
2023,3429,4,2025-04-05
2024,3431,4,2025-10-17
2025,3437,4,2025-12-14
2026,3438,4,2025-09-27
2027,3440,4,2025-03-17
2028,3442,4,2025-10-01
2029,3443,4,2026-02-21
2030,3445,4,2025-04-11
2031,3446,4,2025-06-29
2032,3447,4,2025-04-08
2033,3449,4,2025-09-28
2034,3450,4,2025-12-03
2035,3451,4,2025-09-08
2036,3452,4,2025-05-26
2037,3454,4,2026-01-09
2038,3456,4,2025-11-04
2039,3457,4,2025-10-18
2040,3458,4,2025-08-14
2041,3461,4,2025-04-26
2042,3462,4,2025-05-18
2043,3463,4,2026-02-15
2044,3464,4,2025-05-01
2045,3465,4,2025-06-03
2046,3466,4,2025-12-29
2047,3467,4,2025-12-15
2048,3468,4,2026-02-07
2049,3471,4,2025-08-02
2050,3472,4,2025-10-19
2051,3473,4,2025-04-19
2052,3475,4,2025-08-07
2053,3477,4,2025-03-21
2054,3480,4,2025-07-25
2055,3481,4,2025-06-25
2056,3482,4,2025-06-25
2057,3483,4,2025-08-31
2058,3485,4,2026-01-04
2059,3486,4,2025-08-05
2060,3487,4,2026-02-26
2061,3488,4,2025-11-22
2062,3489,4,2025-09-10
2063,3491,4,2025-11-27
2064,3492,4,2025-03-26
2065,3493,4,2025-10-09
2066,3494,4,2025-07-17
2067,3496,4,2025-04-18
2068,3497,4,2025-08-14
2069,3498,4,2025-12-07
2070,3503,4,2025-06-13
2071,3504,4,2025-04-01
2072,3506,4,2025-05-30
2073,3508,4,2025-05-29
2074,3509,4,2025-08-30
2075,3510,4,2026-02-03
2076,3511,4,2026-03-01
2077,3516,4,2025-06-19
2078,3517,4,2025-10-16
2079,3518,4,2025-10-04
2080,3519,4,2025-07-05
2081,3520,4,2025-06-10
2082,3521,4,2025-03-31
2083,3523,4,2025-07-02
2084,3524,4,2026-01-10
2085,3526,4,2026-02-24
2086,3527,4,2026-02-27
2087,3528,4,2025-07-09
2088,3530,4,2025-11-27
2089,3533,4,2025-07-27
2090,3535,4,2025-12-07
2091,3536,4,2025-09-26
2092,3537,4,2026-03-14
2093,3540,4,2025-09-10
2094,3541,4,2025-11-19
2095,3542,4,2025-11-10
2096,3543,4,2026-02-26
2097,3544,4,2025-10-17
2098,3545,4,2025-08-22
2099,3546,4,2025-08-11
2100,3548,4,2026-02-13
2101,3549,4,2025-09-28
2102,3550,4,2025-09-04
2103,3555,4,2025-05-18
2104,3556,4,2025-04-21
2105,3557,4,2025-12-24
2106,3558,4,2025-08-29
2107,3559,4,2025-09-17
2108,3560,4,2025-12-16
2109,3561,4,2025-10-27
2110,3563,4,2025-05-10
2111,3564,4,2025-12-23
2112,3565,4,2025-12-25
2113,3566,4,2025-11-01
2114,3568,4,2026-01-25
2115,3569,4,2025-05-31
2116,3570,4,2025-05-02
2117,3572,4,2025-03-20
2118,3573,4,2025-04-14
2119,3574,4,2025-04-27
2120,3578,4,2025-08-03
2121,3579,4,2025-10-22
2122,3581,4,2026-03-01
2123,3582,4,2025-05-02
2124,3584,4,2026-03-07
2125,3585,4,2026-03-06
2126,3588,4,2025-11-11
2127,3590,4,2025-12-26
2128,3593,4,2026-01-13
2129,3594,4,2025-11-15
2130,3595,4,2026-03-03
2131,3597,4,2025-07-23
2132,3598,4,2025-12-17
2133,3600,4,2026-02-19
2134,3604,4,2025-06-15
2135,3607,4,2025-11-26
2136,3608,4,2025-04-18
2137,3609,4,2025-10-18
2138,3612,4,2025-11-28
2139,3613,4,2025-05-21
2140,3615,4,2025-09-15
2141,3616,4,2026-03-10
2142,3617,4,2026-03-07
2143,3619,4,2026-03-17
2144,3620,4,2025-10-26
2145,3622,4,2025-11-16
2146,3623,4,2025-12-03
2147,3626,4,2025-08-17
2148,3629,4,2025-08-25
2149,3633,4,2025-08-21
2150,3634,4,2026-03-20
2151,3635,4,2025-11-22
2152,3636,4,2025-07-16
2153,3637,4,2026-01-27
2154,3638,4,2026-02-11
2155,3640,4,2025-09-29
2156,3641,4,2025-05-16
2157,3644,4,2025-10-24
2158,3646,4,2025-04-13
2159,3649,4,2025-04-07
2160,3651,4,2025-12-12
2161,3654,4,2025-08-03
2162,3656,4,2026-01-03
2163,3657,4,2025-12-23
2164,3659,4,2026-03-16
2165,3661,4,2025-11-26
2166,3662,4,2025-10-30
2167,3663,4,2025-10-02
2168,3664,4,2025-06-30
2169,3665,4,2025-07-04
2170,3666,4,2025-12-26
2171,3667,4,2026-03-19
2172,3669,4,2025-07-26
2173,3670,4,2025-03-29
2174,3671,4,2026-02-22
2175,3672,4,2025-11-02
2176,3673,4,2026-01-21
2177,3674,4,2025-05-27
2178,3675,4,2025-12-06
2179,3676,4,2025-05-26
2180,3677,4,2025-11-01
2181,3679,4,2025-04-02
2182,3680,4,2026-01-18
2183,3681,4,2025-11-16
2184,3682,4,2026-01-24
2185,3683,4,2025-05-27
2186,3684,4,2025-07-28
2187,3685,4,2026-01-24
2188,3686,4,2025-03-19
2189,3687,4,2025-10-14
2190,3689,4,2025-11-23
2191,3690,4,2025-06-05
2192,3692,4,2025-07-31
2193,3693,4,2025-03-20
2194,3696,4,2025-11-30
2195,3697,4,2025-08-18
2196,3699,4,2025-05-18
2197,3701,4,2025-11-05
2198,3703,4,2026-01-25
2199,3704,4,2025-04-22
2200,3705,4,2025-08-02
2201,3707,4,2026-01-26
2202,3708,4,2025-07-02
2203,3709,4,2026-02-09
2204,3710,4,2025-12-11
2205,3711,4,2026-02-17
2206,3713,4,2025-08-02
2207,3714,4,2025-12-04
2208,3716,4,2025-12-22
2209,3721,4,2025-06-20
2210,3722,4,2025-04-07
2211,3723,4,2025-09-13
2212,3726,4,2025-07-25
2213,3727,4,2025-09-01
2214,3728,4,2025-10-06
2215,3729,4,2025-07-16
2216,3732,4,2025-06-08
2217,3735,4,2025-12-06
2218,3736,4,2025-09-08
2219,3740,4,2025-09-14
2220,3741,4,2025-06-19
2221,3742,4,2025-03-30
2222,3743,4,2026-01-05
2223,3744,4,2025-11-02
2224,3746,4,2026-03-09
2225,3750,4,2025-11-03
2226,3751,4,2025-05-25
2227,3752,4,2025-11-22
2228,3753,4,2025-03-29
2229,3758,4,2025-04-02
2230,3761,4,2025-08-04
2231,3762,4,2026-01-27
2232,3763,4,2025-08-30
2233,3764,4,2025-07-30
2234,3766,4,2025-04-15
2235,3767,4,2025-12-24
2236,3768,4,2025-08-31
2237,3769,4,2025-05-29
2238,3770,4,2025-10-30
2239,3774,4,2025-10-08
2240,3776,4,2025-08-12
2241,3778,4,2025-07-04
2242,3780,4,2025-03-17
2243,3783,4,2025-07-29
2244,3784,4,2025-07-25
2245,3787,4,2025-07-26
2246,3788,4,2025-04-15
2247,3790,4,2026-01-29
2248,3793,4,2026-03-11
2249,3795,4,2025-05-16
2250,3797,4,2025-05-18
2251,3798,4,2025-08-03
2252,3800,4,2025-05-18
2253,3802,5,2025-06-21
2254,3803,5,2026-02-15
2255,3805,5,2025-12-04
2256,3807,5,2025-03-29
2257,3808,5,2025-07-03
2258,3809,5,2025-09-01
2259,3814,5,2026-02-17
2260,3816,5,2025-07-10
2261,3817,5,2025-08-30
2262,3819,5,2025-03-25
2263,3820,5,2025-12-14
2264,3821,5,2026-02-01
2265,3823,5,2025-10-05
2266,3825,5,2026-01-02
2267,3826,5,2025-09-19
2268,3827,5,2025-08-27
2269,3829,5,2026-03-12
2270,3831,5,2025-05-23
2271,3832,5,2025-12-16
2272,3834,5,2025-08-09
2273,3836,5,2025-11-15
2274,3838,5,2025-12-02
2275,3841,5,2025-09-15
2276,3845,5,2025-12-28
2277,3847,5,2025-10-11
2278,3848,5,2025-10-18
2279,3849,5,2026-01-13
2280,3850,5,2025-06-18
2281,3851,5,2025-05-07
2282,3852,5,2025-08-20
2283,3855,5,2025-12-25
2284,3857,5,2025-12-30
2285,3860,5,2025-05-11
2286,3863,5,2026-01-12
2287,3864,5,2025-09-26
2288,3865,5,2025-12-14
2289,3868,5,2025-10-16
2290,3869,5,2025-05-11
2291,3872,5,2025-04-22
2292,3874,5,2025-08-01
2293,3876,5,2025-11-27
2294,3878,5,2025-11-28
2295,3879,5,2026-01-05
2296,3880,5,2025-06-03
2297,3881,5,2025-07-01
2298,3882,5,2025-11-25
2299,3884,5,2025-07-29
2300,3885,5,2025-03-20
2301,3886,5,2025-12-20
2302,3888,5,2025-12-10
2303,3889,5,2025-09-16
2304,3890,5,2025-12-07
2305,3894,5,2025-07-08
2306,3896,5,2025-10-17
2307,3899,5,2026-02-27
2308,3900,5,2025-12-29
2309,3901,5,2025-10-31
2310,3905,5,2025-09-30
2311,3911,5,2026-01-29
2312,3912,5,2026-01-09
2313,3913,5,2025-04-06
2314,3914,5,2025-10-15
2315,3915,5,2025-07-22
2316,3917,5,2026-01-12
2317,3920,5,2025-07-29
2318,3921,5,2026-02-17
2319,3922,5,2026-02-04
2320,3926,5,2025-12-20
2321,3927,5,2025-07-01
2322,3930,5,2025-11-23
2323,3931,5,2025-10-29
2324,3933,5,2025-06-06
2325,3935,5,2025-12-23
2326,3937,5,2026-02-02
2327,3938,5,2026-02-13
2328,3940,5,2025-08-20
2329,3942,5,2025-11-15
2330,3944,5,2026-01-17
2331,3945,5,2025-06-28
2332,3946,5,2026-01-17
2333,3948,5,2025-05-14
2334,3949,5,2025-05-21
2335,3950,5,2025-05-03
2336,3951,5,2025-05-08
2337,3952,5,2025-08-10
2338,3953,5,2026-01-07
2339,3954,5,2025-12-05
2340,3955,5,2025-08-15
2341,3956,5,2026-02-26
2342,3959,5,2025-07-15
2343,3960,5,2025-11-27
2344,3961,5,2026-03-09
2345,3962,5,2026-02-12
2346,3964,5,2025-09-28
2347,3965,5,2026-01-20
2348,3967,5,2025-06-10
2349,3969,5,2026-03-10
2350,3970,5,2025-04-11
2351,3971,5,2026-03-12
2352,3972,5,2026-01-10
2353,3973,5,2026-01-18
2354,3975,5,2025-06-05
2355,3977,5,2026-03-13
2356,3983,5,2025-12-31
2357,3985,5,2026-01-30
2358,3989,5,2025-06-19
2359,3990,5,2025-04-22
2360,3993,5,2025-10-06
2361,3994,5,2026-03-19
2362,3996,5,2025-03-23
2363,3997,5,2026-02-15
2364,4000,5,2025-10-17
2365,4001,5,2025-04-05
2366,4003,5,2025-05-23
2367,4004,5,2025-08-20
2368,4005,5,2026-02-11
2369,4006,5,2025-11-30
2370,4008,5,2025-09-02
2371,4010,5,2025-06-20
2372,4012,5,2025-11-17
2373,4015,5,2025-04-07
2374,4017,5,2026-02-24
2375,4018,5,2026-02-19
2376,4019,5,2025-10-25
2377,4021,5,2025-11-23
2378,4024,5,2025-05-03
2379,4025,5,2025-11-24
2380,4027,5,2025-07-08
2381,4028,5,2025-09-04
2382,4029,5,2026-02-20
2383,4030,5,2025-08-17
2384,4031,5,2025-11-07
2385,4034,5,2026-01-24
2386,4035,5,2025-08-13
2387,4036,5,2025-04-29
2388,4038,5,2025-09-22
2389,4043,5,2025-10-25
2390,4044,5,2026-02-07
2391,4045,5,2025-07-16
2392,4047,5,2025-09-20
2393,4051,5,2025-12-28
2394,4053,5,2026-02-09
2395,4055,5,2026-01-15
2396,4057,5,2026-01-01
2397,4061,5,2025-09-16
2398,4062,5,2025-03-29
2399,4063,5,2025-12-18
2400,4064,5,2025-12-06
2401,4067,5,2025-05-22
2402,4068,5,2025-08-11
2403,4069,5,2025-09-20
2404,4072,5,2026-01-24
2405,4074,5,2025-06-13
2406,4075,5,2025-05-02
2407,4077,5,2025-11-12
2408,4078,5,2025-06-06
2409,4081,5,2025-11-14
2410,4084,5,2025-10-10
2411,4086,5,2025-06-02
2412,4090,5,2026-02-22
2413,4091,5,2025-03-26
2414,4092,5,2025-06-10
2415,4093,5,2026-02-25
2416,4094,5,2025-08-25
2417,4095,5,2025-07-27
2418,4097,5,2025-06-28
2419,4100,5,2026-02-20
2420,4101,5,2026-01-22
2421,4102,5,2026-03-21
2422,4103,5,2025-04-17
2423,4105,5,2026-01-04
2424,4106,5,2025-06-23
2425,4107,5,2026-02-26
2426,4108,5,2025-10-29
2427,4110,5,2025-12-21
2428,4111,5,2026-01-12
2429,4113,5,2025-05-16
2430,4114,5,2026-03-10
2431,4115,5,2025-10-11
2432,4116,5,2026-01-09
2433,4117,5,2025-11-22
2434,4119,5,2026-02-14
2435,4120,5,2025-08-07
2436,4123,5,2026-02-28
2437,4124,5,2025-08-01
2438,4126,5,2025-09-24
2439,4127,5,2025-08-16
2440,4130,5,2025-04-05
2441,4131,5,2025-05-25
2442,4132,5,2025-10-25
2443,4134,5,2025-04-29
2444,4135,5,2025-09-20
2445,4136,5,2025-05-23
2446,4137,5,2025-05-27
2447,4138,5,2025-04-28
2448,4139,5,2025-09-22
2449,4141,5,2026-01-04
2450,4144,5,2025-11-18
2451,4145,5,2025-07-10
2452,4148,5,2026-01-11
2453,4149,5,2025-08-09
2454,4151,5,2025-04-02
2455,4152,5,2026-02-08
2456,4153,5,2026-02-03
2457,4154,5,2026-03-21
2458,4155,5,2026-01-13
2459,4156,5,2025-05-07
2460,4157,5,2025-09-29
2461,4158,5,2025-11-18
2462,4160,5,2025-10-20
2463,4163,5,2025-10-02
2464,4164,5,2025-07-08
2465,4165,5,2025-05-03
2466,4168,5,2026-03-12
2467,4172,5,2026-02-28
2468,4173,5,2025-05-06
2469,4177,5,2025-04-19
2470,4178,5,2026-01-26
2471,4180,5,2025-06-15
2472,4181,5,2026-01-11
2473,4185,5,2026-03-19
2474,4187,5,2025-08-14
2475,4188,5,2025-06-25
2476,4189,5,2026-01-06
2477,4192,5,2025-04-10
2478,4193,5,2025-11-22
2479,4194,5,2025-12-12
2480,4196,5,2025-05-07
2481,4197,5,2025-03-29
2482,4198,5,2025-05-07
2483,4199,5,2025-12-26
2484,4200,5,2025-09-05
2485,4201,5,2025-03-27
2486,4204,5,2025-04-10
2487,4206,5,2025-09-07
2488,4207,5,2026-02-19
2489,4209,5,2025-12-26
2490,4210,5,2026-02-07
2491,4211,5,2025-06-29
2492,4212,5,2025-12-10
2493,4213,5,2026-02-14
2494,4214,5,2025-09-18
2495,4215,5,2025-12-24
2496,4217,5,2025-08-01
2497,4218,5,2025-08-28
2498,4220,5,2026-01-27
2499,4221,5,2025-06-28
2500,4222,5,2025-07-03
2501,4223,5,2025-10-16
2502,4224,5,2025-11-24
2503,4225,5,2026-03-12
2504,4227,5,2025-08-15
2505,4231,5,2026-02-16
2506,4232,5,2025-06-13
2507,4233,5,2025-03-28
2508,4234,5,2025-06-14
2509,4237,5,2025-04-24
2510,4238,5,2025-03-31
2511,4239,5,2025-03-26
2512,4240,5,2025-05-10
2513,4241,5,2025-08-11
2514,4244,5,2025-08-16
2515,4245,5,2025-12-06
2516,4247,5,2025-04-15
2517,4248,5,2025-11-26
2518,4249,5,2025-10-17
2519,4250,5,2025-10-06
2520,4251,5,2025-09-02
2521,4254,5,2025-11-03
2522,4256,5,2025-05-07
2523,4258,5,2025-07-01
2524,4259,5,2026-02-02
2525,4260,5,2026-02-13
2526,4261,5,2025-03-18
2527,4262,5,2025-07-07
2528,4264,5,2025-04-07
2529,4265,5,2026-03-09
2530,4266,5,2025-11-02
2531,4267,5,2025-04-27
2532,4268,5,2025-08-23
2533,4271,5,2026-02-18
2534,4273,5,2025-08-06
2535,4279,5,2025-08-11
2536,4280,5,2025-10-22
2537,4286,5,2025-04-03
2538,4287,5,2025-06-11
2539,4289,5,2026-02-19
2540,4292,5,2025-06-06
2541,4293,5,2025-12-13
2542,4297,5,2026-01-02
2543,4299,5,2025-04-12
2544,4300,5,2025-05-11
2545,4302,5,2025-12-02
2546,4303,5,2025-03-22
2547,4304,5,2026-03-16
2548,4305,5,2025-04-18
2549,4306,5,2026-01-01
2550,4307,5,2025-04-25
2551,4308,5,2025-07-20
2552,4309,5,2025-08-27
2553,4310,5,2025-10-14
2554,4311,5,2025-09-25
2555,4314,5,2025-12-13
2556,4315,5,2025-07-04
2557,4316,5,2025-11-01
2558,4317,5,2025-10-23
2559,4319,5,2025-10-01
2560,4320,5,2025-07-16
2561,4321,5,2025-10-25
2562,4323,5,2025-11-07
2563,4325,5,2026-01-23
2564,4326,5,2026-01-20
2565,4327,5,2026-01-11
2566,4328,5,2025-04-04
2567,4331,5,2025-05-25
2568,4333,5,2026-02-08
2569,4334,5,2025-08-03
2570,4335,5,2025-12-30
2571,4336,5,2025-11-21
2572,4338,5,2025-09-17
2573,4340,5,2025-09-21
2574,4341,5,2025-10-03
2575,4342,5,2025-03-23
2576,4343,5,2026-03-03
2577,4344,5,2025-07-02
2578,4345,5,2025-08-01
2579,4346,5,2026-03-11
2580,4352,5,2025-06-25
2581,4355,5,2025-10-05
2582,4359,5,2025-11-09
2583,4360,5,2025-12-02
2584,4361,5,2025-07-08
2585,4362,5,2025-09-24
2586,4363,5,2026-02-11
2587,4364,5,2025-04-20
2588,4365,5,2026-01-23
2589,4366,5,2025-08-02
2590,4367,5,2025-07-13
2591,4368,5,2025-04-25
2592,4372,5,2025-07-06
2593,4374,5,2026-01-20
2594,4375,5,2026-03-04
2595,4377,5,2025-12-06
2596,4378,5,2025-08-25
2597,4379,5,2025-05-27
2598,4381,5,2025-05-21
2599,4388,5,2025-10-06
2600,4389,5,2026-03-14
2601,4391,5,2025-07-01
2602,4396,5,2025-05-13
2603,4397,5,2025-10-17
2604,4399,5,2025-06-22
2605,4400,5,2026-01-01
2606,4402,5,2026-02-08
2607,4403,5,2025-03-30
2608,4406,5,2025-07-14
2609,4408,5,2025-09-17
2610,4409,5,2025-09-13
2611,4412,5,2025-10-31
2612,4413,5,2025-05-02
2613,4414,5,2025-06-29
2614,4419,5,2026-03-03
2615,4421,5,2025-06-21
2616,4423,5,2025-09-11
2617,4425,5,2025-03-29
2618,4428,5,2025-09-29
2619,4429,5,2026-01-04
2620,4431,5,2025-08-07
2621,4432,5,2025-03-23
2622,4434,5,2025-09-16
2623,4435,5,2025-04-13
2624,4436,5,2026-03-01
2625,4437,5,2025-12-17
2626,4441,5,2025-04-03
2627,4442,5,2025-09-19
2628,4443,5,2025-11-06
2629,4444,5,2025-06-25
2630,4445,5,2025-12-27
2631,4446,5,2025-07-03
2632,4448,5,2025-04-09
2633,4450,5,2025-10-27
2634,4451,5,2025-05-10
2635,4452,5,2025-10-22
2636,4453,5,2025-10-01
2637,4454,5,2026-02-04
2638,4455,5,2025-05-05
2639,4457,5,2025-03-26
2640,4461,5,2025-06-27
2641,4462,5,2025-10-05
2642,4464,5,2025-04-03
2643,4465,5,2025-06-19
2644,4466,5,2026-03-22
2645,4467,5,2025-10-25
2646,4472,5,2025-05-30
2647,4473,5,2026-01-30
2648,4475,5,2026-02-22
2649,4476,5,2025-12-23
2650,4477,5,2026-03-14
2651,4478,5,2025-12-06
2652,4481,5,2025-04-20
2653,4482,5,2026-03-05
2654,4484,5,2025-04-20
2655,4485,5,2025-05-21
2656,4486,5,2025-10-15
2657,4488,5,2025-05-26
2658,4489,5,2025-04-06
2659,4490,5,2025-10-25
2660,4491,5,2025-05-24
2661,4493,5,2025-08-27
2662,4494,5,2025-04-11
2663,4495,5,2025-09-20
2664,4497,5,2025-06-19
2665,4498,5,2025-11-23
2666,4499,5,2026-02-08
2667,4501,5,2025-04-15
2668,4502,5,2025-08-11
2669,4503,5,2025-06-10
2670,4505,5,2025-08-03
2671,4506,5,2025-05-13
2672,4511,5,2025-12-06
2673,4513,5,2026-02-07
2674,4514,5,2025-04-07
2675,4518,5,2025-04-07
2676,4519,5,2025-08-13
2677,4520,5,2026-01-17
2678,4522,5,2025-09-19
2679,4523,5,2025-05-18
2680,4525,5,2025-10-02
2681,4526,5,2025-10-01
2682,4529,5,2025-07-13
2683,4531,5,2025-07-16
2684,4535,5,2025-10-03
2685,4536,5,2025-11-10
2686,4537,5,2026-01-01
2687,4539,5,2025-09-16
2688,4541,5,2025-04-10
2689,4543,5,2025-03-17
2690,4546,5,2025-04-29
2691,4548,5,2025-11-06
2692,4549,5,2025-07-01
2693,4550,5,2025-06-03
2694,4553,5,2025-04-17
2695,4554,5,2025-07-25
2696,4555,5,2025-07-08
2697,4556,5,2025-03-20
2698,4557,5,2025-08-31
2699,4561,5,2025-04-29
2700,4562,5,2026-02-02
2701,4563,5,2025-04-19
2702,4565,5,2025-09-22
2703,4567,5,2026-01-18
2704,4568,5,2026-02-13
2705,4569,5,2026-01-15
2706,4570,5,2025-03-29
2707,4574,5,2025-05-17
2708,4575,5,2025-06-07
2709,4576,5,2026-01-10
2710,4577,5,2025-11-21
2711,4583,5,2025-12-29
2712,4584,5,2026-01-08
2713,4586,5,2026-02-12
2714,4589,5,2026-02-18
2715,4590,5,2025-05-02
2716,4591,5,2026-01-11
2717,4592,5,2025-09-27
2718,4593,5,2025-08-29
2719,4596,5,2025-05-27
2720,4598,5,2025-09-02
2721,4600,5,2025-12-21
2722,4601,5,2025-12-19
2723,4602,5,2026-03-07
2724,4603,5,2025-09-25
2725,4612,5,2025-04-15
2726,4614,5,2025-12-24
2727,4615,5,2026-01-31
2728,4616,5,2025-06-23
2729,4617,5,2025-06-16
2730,4618,5,2025-09-06
2731,4619,5,2025-05-04
2732,4620,5,2026-01-08
2733,4621,5,2025-09-02
2734,4622,5,2025-10-06
2735,4623,5,2025-12-23
2736,4625,5,2025-10-13
2737,4628,5,2025-12-02
2738,4629,5,2025-10-29
2739,4630,5,2025-07-20
2740,4631,5,2025-04-07
2741,4637,5,2025-09-28
2742,4638,5,2026-01-02
2743,4640,5,2026-02-14
2744,4641,5,2025-05-07
2745,4642,5,2025-07-04
2746,4643,5,2025-09-21
2747,4646,5,2025-11-25
2748,4647,5,2025-04-15
2749,4648,5,2025-07-18
2750,4649,5,2025-12-13
2751,4651,5,2025-08-24
2752,4652,5,2026-02-16
2753,4653,5,2026-03-13
2754,4654,5,2025-03-21
2755,4655,5,2025-03-26
2756,4657,5,2025-05-18
2757,4659,5,2025-03-18
2758,4660,5,2025-11-22
2759,4661,5,2026-03-02
2760,4664,5,2025-07-10
2761,4665,5,2025-12-09
2762,4666,5,2026-01-18
2763,4667,5,2025-10-24
2764,4669,5,2025-09-09
2765,4670,5,2025-04-28
2766,4671,5,2025-05-24
2767,4672,5,2025-06-05
2768,4674,5,2025-08-05
2769,4675,5,2025-07-21
2770,4676,5,2025-11-01
2771,4678,5,2025-10-22
2772,4679,5,2025-06-24
2773,4680,5,2026-03-03
2774,4681,5,2026-01-25
2775,4683,5,2025-07-21
2776,4685,5,2026-03-09
2777,4686,5,2025-04-24
2778,4693,5,2025-05-20
2779,4694,5,2025-08-28
2780,4696,5,2025-04-22
2781,4697,5,2025-07-02
2782,4698,5,2026-02-22
2783,4699,5,2025-06-29
2784,4700,5,2025-09-13
2785,4701,5,2025-07-26
2786,4703,5,2025-08-22
2787,4704,5,2025-04-17
2788,4705,5,2025-12-13
2789,4708,5,2025-04-29
2790,4709,5,2025-12-23
2791,4710,5,2025-03-23
2792,4711,5,2025-08-09
2793,4712,5,2025-12-25
2794,4713,5,2025-06-14
2795,4715,5,2025-12-18
2796,4716,5,2025-08-27
2797,4717,5,2025-07-25
2798,4718,5,2025-03-28
2799,4720,5,2025-08-20
2800,4723,5,2025-07-25
2801,4724,5,2025-09-14
2802,4727,5,2025-06-21
2803,4728,5,2025-09-06
2804,4729,5,2025-09-05
2805,4731,5,2026-02-05
2806,4732,5,2025-06-10
2807,4734,5,2025-06-21
2808,4735,5,2025-07-02
2809,4738,5,2025-07-03
2810,4739,5,2025-03-31
2811,4740,5,2025-11-12
2812,4741,5,2025-11-25
2813,4744,5,2025-08-28
2814,4745,5,2025-09-01
2815,4748,5,2026-01-20
2816,4749,5,2026-02-27
2817,4750,5,2025-11-29
2818,4751,6,2026-01-05
2819,4752,6,2026-03-15
2820,4754,6,2025-06-25
2821,4755,6,2025-09-21
2822,4756,6,2025-08-19
2823,4757,6,2026-02-12
2824,4758,6,2025-08-23
2825,4759,6,2025-11-14
2826,4760,6,2026-01-01
2827,4761,6,2025-03-25
2828,4762,6,2026-02-19
2829,4763,6,2025-10-25
2830,4765,6,2025-09-04
2831,4766,6,2026-03-19
2832,4767,6,2025-06-18
2833,4770,6,2025-12-15
2834,4771,6,2025-05-06
2835,4772,6,2025-10-27
2836,4776,6,2025-12-18
2837,4777,6,2025-04-06
2838,4778,6,2025-12-18
2839,4780,6,2025-05-22
2840,4783,6,2025-07-21
2841,4784,6,2025-09-29
2842,4788,6,2026-02-09
2843,4789,6,2025-05-14
2844,4790,6,2025-09-04
2845,4791,6,2025-11-23
2846,4792,6,2026-01-07
2847,4795,6,2025-06-19
2848,4796,6,2025-04-26
2849,4797,6,2025-08-14
2850,4798,6,2026-01-28
2851,4799,6,2026-02-01
2852,4803,6,2025-09-20
2853,4804,6,2025-03-28
2854,4805,6,2025-10-25
2855,4806,6,2025-06-04
2856,4807,6,2026-01-23
2857,4809,6,2025-10-29
2858,4810,6,2025-04-04
2859,4812,6,2025-12-12
2860,4813,6,2026-03-13
2861,4817,6,2025-07-24
2862,4818,6,2025-11-16
2863,4819,6,2025-07-06
2864,4820,6,2025-06-08
2865,4821,6,2026-03-11
2866,4822,6,2025-12-05
2867,4824,6,2025-08-09
2868,4825,6,2025-07-19
2869,4827,6,2025-08-18
2870,4830,6,2025-11-24
2871,4832,6,2026-02-27
2872,4833,6,2025-10-25
2873,4834,6,2026-02-22
2874,4836,6,2026-01-21
2875,4837,6,2025-06-28
2876,4843,6,2025-05-02
2877,4844,6,2025-08-08
2878,4845,6,2026-01-26
2879,4846,6,2025-08-16
2880,4848,6,2025-08-04
2881,4851,6,2025-03-21
2882,4853,6,2025-11-04
2883,4857,6,2025-10-06
2884,4858,6,2025-05-08
2885,4859,6,2025-10-02
2886,4860,6,2025-10-11
2887,4861,6,2025-06-01
2888,4862,6,2025-04-03
2889,4863,6,2026-02-09
2890,4867,6,2025-12-19
2891,4869,6,2025-07-01
2892,4873,6,2026-03-04
2893,4874,6,2025-08-04
2894,4876,6,2026-01-07
2895,4878,6,2026-01-15
2896,4881,6,2025-12-16
2897,4883,6,2025-07-17
2898,4884,6,2025-04-04
2899,4885,6,2025-08-22
2900,4886,6,2025-11-09
2901,4887,6,2025-09-28
2902,4890,6,2025-10-10
2903,4892,6,2025-09-03
2904,4893,6,2026-01-02
2905,4894,6,2025-03-28
2906,4898,6,2026-01-05
2907,4899,6,2025-04-15
2908,4900,6,2025-04-15
2909,4901,6,2025-04-17
2910,4903,6,2025-05-28
2911,4904,6,2025-11-21
2912,4905,6,2025-09-04
2913,4910,6,2025-05-24
2914,4911,6,2025-07-05
2915,4912,6,2025-05-10
2916,4913,6,2026-01-12
2917,4915,6,2025-12-17
2918,4918,6,2025-10-19
2919,4919,6,2025-12-02
2920,4920,6,2025-10-08
2921,4924,6,2026-02-25
2922,4925,6,2025-05-29
2923,4926,6,2025-07-01
2924,4927,6,2025-08-30
2925,4928,6,2025-06-30
2926,4929,6,2025-05-15
2927,4933,6,2026-01-22
2928,4935,6,2026-02-17
2929,4936,6,2025-09-07
2930,4937,6,2025-06-23
2931,4938,6,2026-01-17
2932,4941,6,2025-06-23
2933,4945,6,2026-03-16
2934,4946,6,2025-11-04
2935,4947,6,2025-08-22
2936,4948,6,2026-02-28
2937,4949,6,2025-03-17
2938,4951,6,2025-11-19
2939,4952,6,2025-11-23
2940,4953,6,2025-12-23
2941,4956,6,2025-07-09
2942,4957,6,2026-03-05
2943,4958,6,2026-01-26
2944,4959,6,2025-10-15
2945,4960,6,2025-12-04
2946,4961,6,2025-08-26
2947,4962,6,2025-12-10
2948,4965,6,2026-02-08
2949,4966,6,2025-06-18
2950,4969,6,2025-09-05
2951,4970,6,2026-02-28
2952,4972,6,2025-10-26
2953,4973,6,2025-11-28
2954,4974,6,2025-11-07
2955,4976,6,2026-03-04
2956,4977,6,2026-02-23
2957,4979,6,2025-05-24
2958,4983,6,2025-08-03
2959,4984,6,2025-08-11
2960,4985,6,2026-01-29
2961,4987,6,2026-02-05
2962,4988,6,2025-06-01
2963,4989,6,2025-09-18
2964,4990,6,2025-08-17
2965,4991,6,2026-03-17
2966,4992,6,2025-08-05
2967,4993,6,2025-08-04
2968,4995,6,2026-01-03
2969,4997,6,2025-04-15
2970,4998,6,2025-12-05
2971,4999,6,2026-02-11
2972,5000,6,2025-04-09
2973,5002,6,2025-11-19
2974,5003,6,2025-09-14
2975,5004,6,2025-04-13
2976,5006,6,2025-09-16
2977,5007,6,2025-11-23
2978,5008,6,2025-06-30
2979,5009,6,2025-05-04
2980,5010,6,2026-01-07
2981,5011,6,2026-01-14
2982,5012,6,2026-02-06
2983,5013,6,2025-09-01
2984,5016,6,2025-12-31
2985,5017,6,2026-01-06
2986,5018,6,2025-05-18
2987,5019,6,2025-07-06
2988,5021,6,2025-05-26
2989,5024,6,2025-06-17
2990,5025,6,2025-03-18
2991,5026,6,2025-10-24
2992,5029,6,2025-06-14
2993,5030,6,2025-09-30
2994,5031,6,2025-05-06
2995,5033,6,2026-01-04
2996,5036,6,2025-06-11
2997,5038,6,2026-03-22
2998,5039,6,2025-03-27
2999,5040,6,2026-03-13
3000,5041,6,2026-03-14
3001,5042,6,2026-02-27
3002,5044,6,2025-07-24
3003,5045,6,2025-04-17
3004,5049,6,2025-08-10
3005,5050,6,2025-10-03
3006,5051,6,2025-04-26
3007,5052,6,2026-01-14
3008,5053,6,2025-03-22
3009,5055,6,2025-11-03
3010,5056,6,2025-08-06
3011,5057,6,2025-04-25
3012,5058,6,2025-11-05
3013,5059,6,2026-03-16
3014,5061,6,2026-02-03
3015,5065,6,2025-04-17
3016,5066,6,2025-09-05
3017,5068,6,2025-10-09
3018,5070,6,2025-06-17
3019,5071,6,2025-07-23
3020,5073,6,2026-03-09
3021,5074,6,2025-08-13
3022,5078,6,2025-06-09
3023,5080,6,2025-11-26
3024,5081,6,2026-01-23
3025,5084,6,2025-06-22
3026,5085,6,2025-05-16
3027,5086,6,2025-08-30
3028,5087,6,2025-06-23
3029,5088,6,2025-08-06
3030,5091,6,2025-10-14
3031,5092,6,2025-09-06
3032,5093,6,2026-02-24
3033,5096,6,2025-07-22
3034,5097,6,2026-02-27
3035,5099,6,2025-11-15
3036,5100,6,2026-02-22
3037,5101,6,2025-09-15
3038,5102,6,2025-09-26
3039,5104,6,2025-10-19
3040,5105,6,2025-06-06
3041,5107,6,2025-09-02
3042,5108,6,2026-03-09
3043,5109,6,2025-05-22
3044,5111,6,2026-01-21
3045,5112,6,2025-06-20
3046,5115,6,2025-11-11
3047,5117,6,2025-11-30
3048,5119,6,2026-02-02
3049,5122,6,2025-10-31
3050,5123,6,2025-06-21
3051,5124,6,2026-03-12
3052,5126,6,2025-06-04
3053,5128,6,2026-02-06
3054,5129,6,2026-02-14
3055,5130,6,2025-06-25
3056,5133,6,2026-02-17
3057,5135,6,2026-01-31
3058,5138,6,2025-06-17
3059,5140,6,2025-07-07
3060,5141,6,2025-09-13
3061,5143,6,2026-01-10
3062,5150,6,2025-06-24
3063,5151,6,2025-07-27
3064,5152,6,2026-02-02
3065,5153,6,2025-05-11
3066,5154,6,2025-09-01
3067,5155,6,2025-12-10
3068,5156,6,2025-10-31
3069,5157,6,2025-10-01
3070,5159,6,2025-05-04
3071,5162,6,2026-02-20
3072,5164,6,2026-02-24
3073,5165,6,2025-04-28
3074,5166,6,2025-04-30
3075,5171,6,2025-04-01
3076,5172,6,2025-10-16
3077,5174,6,2026-02-10
3078,5175,6,2025-12-13
3079,5180,6,2025-06-08
3080,5181,6,2025-07-07
3081,5182,6,2025-10-26
3082,5183,6,2025-04-04
3083,5184,6,2025-07-01
3084,5185,6,2025-09-27
3085,5188,6,2026-01-14
3086,5189,6,2026-02-24
3087,5190,6,2025-03-24
3088,5194,6,2025-12-03
3089,5195,6,2025-07-12
3090,5196,6,2025-12-26
3091,5197,6,2026-01-04
3092,5198,6,2026-02-07
3093,5199,6,2025-10-26
3094,5200,6,2025-10-08
3095,5201,6,2025-05-13
3096,5202,6,2025-09-29
3097,5203,6,2025-12-31
3098,5205,6,2025-09-05
3099,5207,6,2025-06-07
3100,5208,6,2025-05-26
3101,5209,6,2026-03-05
3102,5211,6,2025-06-27
3103,5213,6,2025-07-05
3104,5214,6,2025-06-12
3105,5215,6,2025-08-18
3106,5220,6,2026-03-02
3107,5222,6,2026-02-25
3108,5223,6,2025-12-02
3109,5225,6,2025-12-03
3110,5226,6,2026-02-17
3111,5227,6,2025-12-22
3112,5229,6,2025-09-16
3113,5231,6,2025-12-23
3114,5232,6,2025-07-29
3115,5234,6,2025-04-25
3116,5235,6,2025-07-31
3117,5238,6,2025-08-06
3118,5239,6,2025-08-07
3119,5240,6,2025-07-22
3120,5241,6,2026-02-02
3121,5243,6,2025-07-10
3122,5244,6,2025-08-26
3123,5247,6,2025-09-23
3124,5248,6,2025-10-18
3125,5250,6,2025-05-01
3126,5252,6,2025-11-19
3127,5254,6,2025-09-06
3128,5255,6,2025-05-12
3129,5256,6,2025-08-04
3130,5258,6,2026-01-30
3131,5260,6,2025-03-26
3132,5261,6,2025-08-04
3133,5267,6,2025-06-14
3134,5268,6,2026-01-18
3135,5273,6,2026-01-03
3136,5275,6,2025-09-26
3137,5277,6,2026-02-28
3138,5278,6,2025-07-26
3139,5284,6,2025-09-30
3140,5285,6,2025-11-24
3141,5286,6,2025-08-18
3142,5290,6,2025-09-18
3143,5295,6,2025-11-23
3144,5297,6,2025-11-09
3145,5298,6,2026-03-14
3146,5299,6,2025-11-30
3147,5300,6,2026-01-01
3148,5301,6,2025-10-28
3149,5303,6,2025-03-18
3150,5304,6,2025-11-16
3151,5305,6,2025-11-08
3152,5306,6,2025-12-30
3153,5307,6,2025-07-03
3154,5308,6,2025-06-01
3155,5310,6,2025-04-12
3156,5314,6,2026-01-29
3157,5319,6,2025-06-13
3158,5322,6,2026-03-17
3159,5324,6,2025-11-06
3160,5325,6,2025-11-19
3161,5326,6,2025-05-22
3162,5328,6,2025-03-24
3163,5329,6,2025-07-13
3164,5334,6,2025-12-24
3165,5335,6,2026-01-06
3166,5336,6,2025-11-23
3167,5337,6,2025-10-26
3168,5338,6,2025-06-12
3169,5339,6,2025-06-21
3170,5342,6,2025-12-25
3171,5345,6,2025-10-19
3172,5346,6,2025-06-06
3173,5347,6,2026-03-07
3174,5348,6,2025-03-23
3175,5351,6,2025-10-22
3176,5353,6,2025-08-23
3177,5355,6,2025-08-17
3178,5356,6,2025-12-19
3179,5357,6,2025-08-14
3180,5358,6,2026-02-14
3181,5361,6,2025-11-08
3182,5362,6,2025-09-10
3183,5363,6,2026-01-21
3184,5365,6,2025-03-31
3185,5366,6,2025-11-03
3186,5368,6,2026-02-12
3187,5369,6,2025-10-20
3188,5370,6,2025-04-07
3189,5372,6,2025-04-04
3190,5373,6,2025-08-28
3191,5374,6,2025-11-06
3192,5375,6,2025-07-20
3193,5377,6,2026-01-12
3194,5378,6,2025-09-03
3195,5379,6,2026-03-16
3196,5380,6,2025-12-25
3197,5382,6,2025-07-23
3198,5384,6,2025-11-05
3199,5385,6,2026-01-11
3200,5386,6,2026-03-17
3201,5388,6,2025-07-24
3202,5391,6,2025-10-19
3203,5393,6,2025-09-29
3204,5395,6,2025-11-29
3205,5397,6,2025-07-12
3206,5398,6,2025-05-11
3207,5399,6,2025-04-06
3208,5400,6,2025-03-22
3209,5402,6,2025-11-10
3210,5403,6,2025-07-13
3211,5406,6,2025-08-28
3212,5413,6,2026-03-18
3213,5415,6,2025-04-24
3214,5416,6,2025-04-16
3215,5417,6,2026-03-20
3216,5419,6,2025-12-05
3217,5420,6,2026-03-05
3218,5423,6,2025-08-07
3219,5424,6,2025-10-12
3220,5425,6,2026-03-19
3221,5429,6,2025-04-20
3222,5430,6,2026-01-19
3223,5431,6,2025-06-27
3224,5434,6,2025-06-17
3225,5435,6,2025-04-08
3226,5437,6,2026-02-28
3227,5439,6,2025-04-20
3228,5442,6,2025-11-08
3229,5443,6,2025-12-03
3230,5444,6,2025-07-31
3231,5445,6,2025-10-07
3232,5447,6,2025-12-10
3233,5449,6,2026-03-21
3234,5451,6,2025-12-23
3235,5452,6,2025-07-01
3236,5453,6,2025-04-26
3237,5454,6,2026-03-12
3238,5455,6,2025-06-29
3239,5456,6,2025-06-16
3240,5461,6,2025-08-20
3241,5464,6,2025-06-24
3242,5466,6,2026-03-05
3243,5467,6,2026-01-02
3244,5468,6,2026-01-11
3245,5472,6,2026-03-12
3246,5474,6,2026-03-22
3247,5476,6,2025-05-24
3248,5477,6,2026-02-03
3249,5479,6,2025-10-14
3250,5482,6,2026-02-23
3251,5484,6,2025-06-29
3252,5485,6,2025-10-06
3253,5493,6,2025-04-26
3254,5495,6,2025-04-13
3255,5499,6,2025-04-18
3256,5501,6,2025-04-16
3257,5505,6,2025-05-16
3258,5506,6,2025-07-08
3259,5507,6,2026-03-04
3260,5511,6,2025-07-09
3261,5512,6,2025-03-19
3262,5513,6,2025-09-23
3263,5515,6,2025-05-17
3264,5516,6,2025-07-20
3265,5517,6,2025-10-14
3266,5518,6,2025-03-26
3267,5519,6,2025-08-07
3268,5522,6,2026-01-13
3269,5524,6,2025-04-27
3270,5526,6,2025-05-29
3271,5527,6,2025-11-08
3272,5528,6,2025-08-30
3273,5531,6,2025-11-12
3274,5532,6,2026-02-07
3275,5533,6,2026-01-03
3276,5536,6,2025-05-27
3277,5538,6,2025-05-07
3278,5543,6,2025-09-23
3279,5548,6,2026-01-02
3280,5549,6,2026-02-06
3281,5551,6,2025-06-12
3282,5552,6,2025-06-02
3283,5556,6,2025-06-22
3284,5565,6,2026-02-08
3285,5568,6,2026-01-20
3286,5571,6,2025-06-07
3287,5572,6,2025-05-28
3288,5574,6,2025-04-12
3289,5576,6,2025-04-27
3290,5577,6,2025-05-28
3291,5579,6,2025-09-15
3292,5582,6,2025-10-07
3293,5586,6,2025-06-22
3294,5589,6,2025-12-07
3295,5590,6,2025-06-08
3296,5591,6,2026-01-29
3297,5592,6,2025-07-10
3298,5593,6,2025-10-16
3299,5594,6,2025-11-05
3300,5597,6,2026-01-01
3301,5598,6,2025-05-20
3302,5602,6,2025-04-23
3303,5605,6,2025-09-15
3304,5606,6,2025-07-14
3305,5607,6,2026-01-01
3306,5610,6,2026-02-28
3307,5611,6,2025-04-19
3308,5612,6,2025-08-11
3309,5613,6,2026-02-10
3310,5616,6,2026-02-11
3311,5617,6,2026-01-21
3312,5618,6,2025-09-14
3313,5619,6,2026-03-22
3314,5620,6,2026-01-15
3315,5621,6,2025-09-17
3316,5622,6,2025-09-08
3317,5625,6,2025-04-28
3318,5626,6,2025-12-06
3319,5627,6,2025-04-09
3320,5628,6,2025-05-01
3321,5629,6,2025-10-18
3322,5631,6,2026-01-05
3323,5632,6,2025-09-14
3324,5633,6,2025-08-14
3325,5635,6,2025-10-26
3326,5638,6,2025-08-03
3327,5639,6,2026-01-02
3328,5642,6,2026-01-12
3329,5645,6,2025-09-07
3330,5646,6,2025-04-17
3331,5647,6,2025-11-04
3332,5648,6,2026-01-01
3333,5649,6,2026-01-07
3334,5656,6,2025-06-21
3335,5658,6,2026-01-06
3336,5659,6,2025-05-19
3337,5660,6,2025-09-11
3338,5662,6,2025-07-06
3339,5664,6,2025-09-20
3340,5666,6,2025-06-03
3341,5668,6,2025-04-25
3342,5671,6,2025-04-03
3343,5672,6,2025-07-04
3344,5673,6,2026-02-06
3345,5674,6,2025-07-09
3346,5676,6,2025-03-27
3347,5677,6,2025-06-21
3348,5678,6,2025-11-20
3349,5680,6,2026-02-06
3350,5683,6,2025-09-18
3351,5689,6,2026-03-07
3352,5690,6,2025-03-29
3353,5691,6,2025-04-04
3354,5692,6,2025-11-18
3355,5693,6,2025-04-02
3356,5695,6,2025-04-28
3357,5696,6,2025-10-25
3358,5697,6,2025-12-29
3359,5700,6,2026-02-17
3360,5701,7,2026-01-29
3361,5704,7,2025-08-21
3362,5705,7,2025-10-10
3363,5707,7,2025-08-18
3364,5708,7,2026-01-26
3365,5711,7,2025-08-30
3366,5713,7,2025-12-13
3367,5714,7,2026-03-02
3368,5716,7,2025-04-27
3369,5717,7,2026-02-01
3370,5718,7,2026-03-08
3371,5721,7,2025-07-03
3372,5722,7,2025-05-15
3373,5723,7,2026-03-19
3374,5725,7,2025-12-04
3375,5726,7,2025-12-31
3376,5727,7,2025-04-07
3377,5728,7,2025-09-27
3378,5730,7,2025-08-25
3379,5732,7,2026-02-15
3380,5733,7,2025-12-30
3381,5735,7,2025-06-03
3382,5736,7,2025-12-13
3383,5737,7,2025-06-15
3384,5739,7,2025-10-28
3385,5740,7,2025-09-26
3386,5742,7,2026-01-21
3387,5744,7,2025-12-29
3388,5746,7,2026-02-09
3389,5747,7,2025-10-17
3390,5748,7,2025-03-17
3391,5751,7,2025-11-25
3392,5752,7,2025-10-18
3393,5753,7,2025-12-27
3394,5754,7,2026-02-28
3395,5756,7,2026-01-25
3396,5758,7,2025-09-25
3397,5759,7,2025-08-15
3398,5760,7,2025-04-17
3399,5761,7,2025-12-13
3400,5766,7,2025-12-07
3401,5767,7,2026-03-12
3402,5768,7,2026-01-23
3403,5769,7,2025-05-05
3404,5771,7,2025-09-30
3405,5772,7,2025-03-22
3406,5773,7,2025-03-26
3407,5775,7,2025-12-22
3408,5776,7,2026-02-11
3409,5777,7,2025-06-19
3410,5778,7,2025-05-18
3411,5780,7,2026-02-11
3412,5781,7,2025-09-29
3413,5783,7,2025-04-05
3414,5784,7,2025-09-28
3415,5785,7,2025-03-27
3416,5786,7,2025-04-09
3417,5787,7,2025-04-24
3418,5788,7,2025-04-28
3419,5789,7,2025-03-28
3420,5791,7,2025-08-07
3421,5794,7,2026-02-17
3422,5795,7,2025-06-25
3423,5796,7,2025-11-30
3424,5797,7,2025-08-18
3425,5798,7,2025-04-26
3426,5799,7,2025-10-02
3427,5800,7,2025-08-24
3428,5801,7,2025-06-18
3429,5805,7,2025-05-13
3430,5807,7,2025-09-21
3431,5808,7,2025-03-17
3432,5809,7,2025-12-01
3433,5810,7,2025-09-22
3434,5812,7,2025-09-23
3435,5813,7,2025-11-27
3436,5814,7,2025-06-11
3437,5816,7,2025-04-12
3438,5819,7,2025-05-20
3439,5820,7,2025-09-23
3440,5821,7,2025-11-13
3441,5822,7,2025-07-06
3442,5823,7,2025-08-23
3443,5825,7,2025-08-11
3444,5826,7,2025-06-02
3445,5827,7,2026-01-19
3446,5828,7,2025-03-28
3447,5830,7,2026-01-29
3448,5831,7,2025-03-24
3449,5832,7,2025-08-12
3450,5837,7,2025-04-05
3451,5840,7,2026-03-11
3452,5841,7,2025-11-25
3453,5842,7,2025-11-30
3454,5844,7,2026-01-29
3455,5845,7,2025-09-16
3456,5849,7,2025-04-15
3457,5850,7,2026-01-12
3458,5851,7,2026-02-15
3459,5852,7,2025-05-24
3460,5857,7,2025-09-11
3461,5861,7,2025-09-14
3462,5862,7,2025-07-21
3463,5864,7,2026-02-23
3464,5866,7,2026-03-06
3465,5869,7,2025-12-15
3466,5870,7,2025-07-01
3467,5871,7,2025-04-12
3468,5873,7,2026-02-21
3469,5874,7,2025-03-27
3470,5875,7,2025-08-10
3471,5876,7,2025-04-01
3472,5877,7,2025-12-15
3473,5879,7,2025-07-18
3474,5884,7,2025-10-15
3475,5885,7,2026-01-25
3476,5888,7,2025-08-16
3477,5889,7,2025-12-07
3478,5891,7,2025-07-20
3479,5892,7,2025-08-20
3480,5893,7,2025-05-26
3481,5894,7,2026-03-06
3482,5895,7,2025-05-18
3483,5898,7,2025-10-04
3484,5899,7,2025-09-11
3485,5900,7,2025-08-26
3486,5902,7,2025-04-08
3487,5904,7,2025-10-29
3488,5906,7,2026-03-17
3489,5907,7,2025-09-09
3490,5909,7,2025-04-19
3491,5912,7,2025-09-06
3492,5915,7,2026-03-14
3493,5916,7,2025-08-27
3494,5917,7,2026-02-02
3495,5918,7,2026-02-25
3496,5919,7,2025-09-24
3497,5922,7,2025-11-18
3498,5923,7,2026-02-02
3499,5924,7,2025-06-08
3500,5926,7,2025-06-18
3501,5927,7,2026-01-08
3502,5928,7,2025-03-27
3503,5929,7,2026-03-20
3504,5930,7,2025-05-17
3505,5931,7,2025-05-04
3506,5932,7,2025-11-15
3507,5933,7,2025-09-11
3508,5934,7,2025-03-17
3509,5936,7,2025-12-18
3510,5939,7,2025-04-19
3511,5940,7,2025-07-14
3512,5941,7,2025-04-11
3513,5944,7,2025-03-24
3514,5945,7,2025-08-25
3515,5946,7,2026-01-27
3516,5947,7,2025-07-02
3517,5949,7,2025-04-12
3518,5950,7,2026-01-31
3519,5951,7,2025-07-13
3520,5952,7,2025-08-15
3521,5953,7,2025-06-08
3522,5954,7,2025-11-26
3523,5955,7,2025-08-27
3524,5956,7,2025-10-31
3525,5957,7,2025-11-25
3526,5958,7,2025-08-19
3527,5960,7,2026-02-02
3528,5963,7,2025-06-23
3529,5964,7,2026-01-04
3530,5965,7,2025-07-09
3531,5966,7,2026-01-04
3532,5967,7,2025-07-08
3533,5969,7,2025-10-19
3534,5970,7,2025-07-26
3535,5972,7,2025-09-02
3536,5975,7,2026-02-08
3537,5979,7,2025-11-07
3538,5980,7,2026-02-12
3539,5981,7,2025-10-06
3540,5983,7,2025-12-11
3541,5984,7,2025-05-02
3542,5985,7,2025-05-23
3543,5986,7,2026-02-11
3544,5987,7,2025-05-05
3545,5988,7,2025-12-02
3546,5992,7,2025-05-15
3547,5993,7,2025-08-22
3548,5995,7,2025-08-24
3549,5996,7,2025-09-02
3550,5998,7,2025-04-22
3551,5999,7,2025-08-07
3552,6001,7,2026-03-03
3553,6002,7,2025-09-23
3554,6003,7,2025-07-03
3555,6005,7,2025-08-18
3556,6006,7,2026-02-03
3557,6007,7,2026-01-30
3558,6008,7,2025-12-22
3559,6009,7,2025-06-29
3560,6014,7,2026-03-08
3561,6015,7,2026-03-08
3562,6016,7,2025-04-08
3563,6017,7,2025-09-20
3564,6018,7,2025-12-02
3565,6020,7,2025-07-20
3566,6021,7,2025-12-17
3567,6023,7,2026-01-02
3568,6027,7,2025-06-12
3569,6028,7,2025-04-10
3570,6030,7,2025-06-15
3571,6035,7,2025-09-02
3572,6036,7,2026-03-01
3573,6037,7,2025-06-19
3574,6038,7,2026-01-24
3575,6039,7,2025-12-09
3576,6040,7,2025-09-17
3577,6041,7,2025-08-21
3578,6042,7,2025-04-06
3579,6045,7,2025-04-24
3580,6048,7,2025-06-12
3581,6049,7,2025-10-16
3582,6050,7,2026-03-09
3583,6052,7,2026-03-04
3584,6054,7,2025-12-27
3585,6055,7,2025-04-13
3586,6057,7,2026-01-05
3587,6059,7,2025-07-10
3588,6060,7,2026-01-27
3589,6062,7,2025-06-20
3590,6063,7,2025-04-04
3591,6066,7,2025-09-29
3592,6067,7,2026-02-02
3593,6068,7,2025-11-17
3594,6069,7,2026-01-27
3595,6072,7,2025-08-02
3596,6073,7,2025-10-06
3597,6075,7,2025-10-24
3598,6078,7,2025-12-17
3599,6080,7,2026-02-13
3600,6081,7,2025-05-06
3601,6082,7,2025-04-26
3602,6083,7,2025-07-30
3603,6084,7,2025-06-11
3604,6086,7,2025-09-25
3605,6087,7,2025-07-05
3606,6092,7,2025-06-04
3607,6095,7,2025-03-27
3608,6096,7,2025-12-05
3609,6098,7,2026-03-21
3610,6099,7,2025-06-06
3611,6100,7,2025-09-06
3612,6101,7,2025-12-06
3613,6106,7,2025-10-24
3614,6107,7,2025-12-02
3615,6108,7,2025-11-12
3616,6110,7,2025-09-03
3617,6113,7,2026-03-14
3618,6114,7,2025-10-07
3619,6117,7,2026-02-26
3620,6119,7,2025-03-31
3621,6120,7,2025-11-07
3622,6121,7,2025-04-13
3623,6122,7,2025-05-01
3624,6124,7,2025-12-11
3625,6125,7,2025-07-24
3626,6126,7,2025-08-26
3627,6128,7,2026-02-04
3628,6130,7,2025-05-18
3629,6131,7,2025-10-15
3630,6134,7,2025-06-15
3631,6135,7,2025-06-24
3632,6136,7,2025-11-18
3633,6138,7,2025-12-23
3634,6139,7,2025-08-13
3635,6140,7,2026-02-04
3636,6143,7,2025-06-25
3637,6144,7,2025-05-27
3638,6146,7,2026-01-18
3639,6150,7,2025-11-24
3640,6151,7,2025-05-05
3641,6153,7,2025-11-01
3642,6154,7,2025-09-01
3643,6155,7,2025-06-22
3644,6156,7,2026-03-16
3645,6157,7,2025-09-26
3646,6158,7,2025-07-23
3647,6159,7,2025-06-20
3648,6160,7,2025-06-26
3649,6163,7,2025-03-19
3650,6164,7,2025-06-18
3651,6165,7,2025-05-18
3652,6166,7,2025-06-14
3653,6167,7,2025-11-21
3654,6168,7,2025-08-17
3655,6169,7,2025-08-12
3656,6170,7,2026-01-23
3657,6174,7,2025-07-25
3658,6176,7,2025-03-26
3659,6177,7,2025-03-24
3660,6178,7,2025-07-11
3661,6182,7,2025-05-28
3662,6187,7,2025-08-09
3663,6189,7,2025-08-13
3664,6191,7,2025-05-01
3665,6194,7,2026-01-22
3666,6196,7,2025-10-05
3667,6198,7,2025-10-04
3668,6201,7,2025-06-21
3669,6202,7,2025-10-08
3670,6203,7,2026-02-07
3671,6205,7,2025-10-17
3672,6207,7,2026-01-29
3673,6208,7,2025-04-17
3674,6209,7,2026-03-17
3675,6210,7,2026-01-27
3676,6212,7,2025-03-25
3677,6214,7,2025-04-11
3678,6215,7,2025-07-06
3679,6217,7,2025-04-21
3680,6218,7,2025-07-31
3681,6219,7,2025-08-31
3682,6220,7,2025-07-26
3683,6224,7,2025-06-20
3684,6225,7,2026-01-08
3685,6228,7,2025-04-14
3686,6230,7,2026-02-10
3687,6232,7,2025-08-30
3688,6238,7,2025-06-10
3689,6240,7,2025-12-14
3690,6243,7,2025-10-29
3691,6244,7,2025-05-07
3692,6246,7,2025-05-03
3693,6249,7,2025-06-26
3694,6250,7,2025-04-17
3695,6251,7,2025-09-04
3696,6253,7,2025-07-27
3697,6254,7,2025-12-14
3698,6255,7,2025-09-11
3699,6256,7,2025-03-24
3700,6257,7,2025-05-24
3701,6258,7,2026-03-15
3702,6260,7,2026-03-19
3703,6263,7,2025-08-25
3704,6264,7,2025-11-14
3705,6265,7,2026-01-05
3706,6266,7,2025-03-22
3707,6267,7,2025-07-16
3708,6268,7,2025-08-21
3709,6269,7,2025-06-17
3710,6272,7,2025-11-01
3711,6274,7,2025-06-05
3712,6276,7,2025-05-18
3713,6277,7,2025-09-05
3714,6280,7,2026-01-12
3715,6281,7,2025-09-07
3716,6282,7,2026-02-11
3717,6284,7,2025-12-19
3718,6285,7,2025-10-28
3719,6288,7,2026-02-17
3720,6289,7,2025-11-28
3721,6290,7,2025-05-25
3722,6295,7,2026-01-23
3723,6297,7,2025-11-03
3724,6299,7,2026-02-13
3725,6302,7,2025-07-29
3726,6304,7,2025-07-17
3727,6306,7,2025-12-05
3728,6307,7,2025-04-06
3729,6311,7,2026-02-14
3730,6312,7,2025-08-02
3731,6317,7,2025-12-08
3732,6318,7,2025-03-22
3733,6319,7,2025-12-31
3734,6320,7,2026-01-08
3735,6322,7,2025-10-04
3736,6323,7,2025-10-30
3737,6325,7,2025-07-06
3738,6326,7,2025-11-24
3739,6327,7,2025-06-14
3740,6329,7,2026-03-18
3741,6332,7,2025-11-13
3742,6334,7,2025-11-21
3743,6335,7,2025-03-22
3744,6337,7,2026-01-15
3745,6338,7,2025-11-12
3746,6339,7,2026-02-19
3747,6341,7,2025-03-25
3748,6342,7,2026-01-21
3749,6345,7,2025-10-27
3750,6346,7,2026-03-03
3751,6347,7,2026-02-03
3752,6349,7,2025-05-28
3753,6350,7,2025-12-06
3754,6351,7,2025-10-29
3755,6352,7,2026-01-16
3756,6353,7,2025-08-06
3757,6354,7,2025-09-30
3758,6356,7,2025-06-05
3759,6358,7,2025-05-26
3760,6361,7,2026-01-01
3761,6362,7,2025-11-08
3762,6363,7,2025-05-09
3763,6365,7,2025-08-22
3764,6367,7,2026-03-08
3765,6369,7,2025-12-24
3766,6370,7,2025-09-08
3767,6371,7,2025-05-01
3768,6372,7,2026-02-16
3769,6375,7,2025-12-17
3770,6377,7,2026-02-02
3771,6378,7,2025-11-02
3772,6380,7,2026-02-08
3773,6381,7,2025-10-31
3774,6383,7,2025-06-28
3775,6384,7,2025-07-03
3776,6385,7,2025-05-14
3777,6386,7,2025-09-12
3778,6387,7,2025-12-06
3779,6388,7,2026-01-20
3780,6389,7,2025-09-15
3781,6391,7,2025-06-22
3782,6392,7,2025-07-12
3783,6393,7,2025-07-27
3784,6394,7,2025-06-22
3785,6395,7,2026-01-07
3786,6396,7,2026-03-04
3787,6397,7,2026-03-02
3788,6398,7,2025-06-03
3789,6400,7,2025-11-16
3790,6401,7,2025-12-12
3791,6402,7,2025-04-05
3792,6403,7,2025-09-20
3793,6404,7,2025-10-25
3794,6406,7,2025-09-22
3795,6407,7,2026-03-14
3796,6411,7,2025-07-26
3797,6413,7,2026-02-22
3798,6416,7,2025-06-28
3799,6417,7,2025-12-11
3800,6418,7,2025-04-04
3801,6420,7,2025-10-27
3802,6428,7,2025-07-18
3803,6429,7,2025-03-18
3804,6430,7,2025-07-16
3805,6431,7,2026-03-10
3806,6433,7,2025-11-04
3807,6434,7,2025-09-01
3808,6435,7,2026-01-29
3809,6436,7,2025-08-17
3810,6437,7,2026-03-01
3811,6438,7,2025-04-07
3812,6440,7,2025-04-19
3813,6442,7,2025-10-27
3814,6444,7,2025-11-08
3815,6445,7,2025-05-03
3816,6448,7,2025-11-16
3817,6449,7,2026-01-14
3818,6450,7,2025-05-29
3819,6454,7,2025-11-02
3820,6458,7,2025-05-23
3821,6459,7,2025-12-16
3822,6460,7,2025-12-21
3823,6464,7,2025-03-26
3824,6467,7,2025-10-23
3825,6468,7,2026-03-22
3826,6470,7,2025-12-23
3827,6472,7,2026-02-28
3828,6473,7,2025-10-12
3829,6478,7,2025-04-17
3830,6482,7,2025-12-23
3831,6483,7,2026-01-09
3832,6486,7,2025-09-19
3833,6487,7,2025-06-03
3834,6488,7,2025-07-18
3835,6490,7,2025-12-07
3836,6494,7,2026-01-16
3837,6496,7,2025-11-13
3838,6499,7,2025-12-05
3839,6500,7,2026-01-15
3840,6502,7,2025-11-22
3841,6503,7,2026-02-20
3842,6505,7,2025-04-21
3843,6507,7,2026-03-02
3844,6508,7,2025-04-27
3845,6509,7,2025-06-27
3846,6511,7,2025-07-01
3847,6512,7,2025-10-21
3848,6514,7,2025-04-07
3849,6516,7,2025-08-13
3850,6524,7,2026-01-23
3851,6525,7,2026-03-11
3852,6528,7,2025-12-12
3853,6531,7,2025-09-03
3854,6532,7,2025-09-10
3855,6535,7,2025-09-07
3856,6536,7,2025-08-04
3857,6538,7,2025-11-08
3858,6539,7,2025-11-04
3859,6540,7,2025-04-25
3860,6543,7,2025-06-03
3861,6544,7,2025-08-19
3862,6545,7,2026-02-17
3863,6546,7,2026-01-15
3864,6547,7,2025-08-02
3865,6550,7,2026-03-22
3866,6553,7,2025-07-19
3867,6554,7,2025-08-31
3868,6555,7,2025-06-05
3869,6556,7,2026-01-20
3870,6560,7,2025-05-14
3871,6562,7,2025-10-06
3872,6564,7,2025-10-01
3873,6566,7,2025-05-06
3874,6568,7,2026-03-05
3875,6570,7,2025-07-20
3876,6571,7,2025-06-15
3877,6573,7,2025-11-21
3878,6574,7,2025-10-04
3879,6575,7,2025-06-02
3880,6576,7,2025-04-17
3881,6577,7,2026-02-04
3882,6581,7,2025-10-05
3883,6582,7,2025-06-23
3884,6583,7,2025-10-29
3885,6584,7,2025-07-26
3886,6586,7,2025-09-02
3887,6591,7,2026-01-09
3888,6593,7,2025-03-22
3889,6595,7,2026-02-28
3890,6596,7,2025-03-24
3891,6597,7,2025-09-02
3892,6598,7,2026-03-02
3893,6599,7,2025-07-21
3894,6600,7,2026-01-21
3895,6601,7,2025-04-11
3896,6602,7,2025-09-19
3897,6603,7,2026-02-04
3898,6604,7,2025-06-25
3899,6605,7,2025-04-14
3900,6606,7,2026-02-24
3901,6607,7,2025-11-10
3902,6608,7,2025-06-17
3903,6610,7,2025-08-01
3904,6611,7,2025-05-14
3905,6612,7,2026-01-01
3906,6613,7,2025-06-19
3907,6614,7,2025-07-14
3908,6615,7,2026-01-28
3909,6616,7,2025-11-26
3910,6617,7,2025-03-28
3911,6619,7,2026-03-16
3912,6624,7,2025-09-09
3913,6626,7,2026-02-01
3914,6628,7,2025-08-23
3915,6629,7,2025-09-30
3916,6630,7,2025-09-16
3917,6632,7,2025-04-03
3918,6633,7,2025-03-27
3919,6636,7,2026-02-17
3920,6639,7,2025-06-21
3921,6643,7,2025-12-18
3922,6645,7,2026-01-04
3923,6646,7,2025-09-04
3924,6651,8,2025-05-11
3925,6653,8,2026-02-07
3926,6654,8,2025-10-06
3927,6656,8,2025-12-20
3928,6657,8,2025-09-27
3929,6658,8,2025-08-14
3930,6661,8,2026-02-28
3931,6662,8,2025-12-18
3932,6663,8,2025-05-08
3933,6665,8,2025-06-24
3934,6666,8,2025-10-04
3935,6667,8,2025-09-09
3936,6668,8,2025-09-24
3937,6673,8,2025-08-14
3938,6674,8,2025-03-18
3939,6678,8,2025-10-02
3940,6679,8,2025-09-07
3941,6680,8,2025-06-23
3942,6682,8,2025-11-16
3943,6684,8,2026-02-04
3944,6685,8,2025-10-16
3945,6686,8,2026-01-03
3946,6688,8,2025-04-20
3947,6690,8,2026-01-07
3948,6691,8,2025-07-04
3949,6693,8,2025-05-09
3950,6694,8,2025-04-08
3951,6695,8,2026-02-26
3952,6697,8,2025-04-05
3953,6698,8,2026-01-08
3954,6699,8,2025-07-01
3955,6700,8,2025-11-25
3956,6703,8,2025-12-12
3957,6704,8,2026-02-02
3958,6706,8,2026-03-18
3959,6707,8,2025-04-05
3960,6710,8,2025-10-14
3961,6712,8,2025-09-13
3962,6713,8,2025-12-12
3963,6715,8,2025-12-05
3964,6717,8,2025-03-29
3965,6718,8,2025-10-23
3966,6720,8,2026-02-08
3967,6722,8,2025-04-16
3968,6723,8,2026-02-04
3969,6724,8,2026-02-25
3970,6725,8,2026-02-22
3971,6726,8,2026-01-06
3972,6727,8,2025-12-18
3973,6728,8,2025-11-11
3974,6729,8,2025-11-26
3975,6730,8,2025-12-14
3976,6731,8,2025-04-02
3977,6734,8,2025-07-23
3978,6736,8,2025-10-15
3979,6737,8,2025-04-30
3980,6739,8,2025-11-21
3981,6740,8,2025-08-03
3982,6742,8,2025-10-09
3983,6743,8,2025-03-28
3984,6744,8,2026-03-02
3985,6746,8,2025-08-19
3986,6747,8,2025-11-16
3987,6748,8,2025-08-01
3988,6749,8,2025-05-09
3989,6750,8,2025-07-27
3990,6751,8,2025-07-13
3991,6752,8,2026-03-22
3992,6753,8,2025-09-21
3993,6754,8,2026-01-26
3994,6759,8,2025-05-05
3995,6760,8,2025-08-16
3996,6761,8,2025-07-12
3997,6763,8,2025-12-27
3998,6764,8,2025-05-06
3999,6767,8,2025-03-31
4000,6768,8,2025-07-28
4001,6772,8,2025-05-29
4002,6774,8,2025-10-29
4003,6776,8,2025-04-07
4004,6777,8,2025-03-17
4005,6779,8,2026-03-22
4006,6780,8,2026-03-19
4007,6781,8,2025-07-29
4008,6783,8,2026-01-17
4009,6785,8,2025-10-20
4010,6786,8,2026-02-17
4011,6787,8,2026-03-02
4012,6788,8,2025-05-23
4013,6790,8,2026-01-30
4014,6791,8,2025-04-16
4015,6795,8,2025-06-06
4016,6796,8,2025-08-01
4017,6797,8,2026-03-11
4018,6798,8,2025-12-30
4019,6799,8,2025-05-15
4020,6802,8,2025-06-16
4021,6803,8,2025-09-21
4022,6809,8,2025-10-19
4023,6810,8,2026-01-06
4024,6811,8,2026-03-14
4025,6812,8,2025-06-06
4026,6813,8,2025-09-06
4027,6815,8,2025-05-25
4028,6816,8,2025-10-30
4029,6819,8,2026-02-02
4030,6821,8,2025-07-20
4031,6823,8,2025-12-29
4032,6824,8,2025-12-04
4033,6826,8,2026-02-08
4034,6827,8,2026-02-07
4035,6828,8,2025-08-16
4036,6829,8,2025-11-28
4037,6830,8,2025-08-12
4038,6831,8,2026-03-05
4039,6832,8,2025-04-23
4040,6837,8,2026-02-17
4041,6838,8,2025-07-26
4042,6839,8,2025-08-02
4043,6842,8,2025-09-30
4044,6843,8,2025-08-17
4045,6845,8,2025-05-07
4046,6846,8,2026-02-17
4047,6847,8,2025-12-14
4048,6849,8,2026-02-25
4049,6852,8,2025-11-28
4050,6854,8,2025-11-14
4051,6856,8,2025-08-28
4052,6859,8,2026-01-10
4053,6860,8,2025-08-25
4054,6861,8,2025-06-16
4055,6862,8,2026-03-06
4056,6863,8,2025-09-30
4057,6864,8,2026-02-09
4058,6865,8,2025-10-28
4059,6868,8,2025-09-02
4060,6869,8,2025-09-18
4061,6871,8,2025-04-24
4062,6872,8,2025-11-15
4063,6873,8,2026-03-15
4064,6874,8,2025-12-21
4065,6875,8,2025-06-17
4066,6877,8,2025-05-09
4067,6881,8,2025-11-30
4068,6882,8,2025-12-10
4069,6885,8,2026-01-09
4070,6886,8,2026-03-07
4071,6890,8,2025-05-28
4072,6892,8,2025-04-06
4073,6895,8,2025-10-28
4074,6898,8,2025-05-08
4075,6899,8,2026-01-11
4076,6900,8,2025-12-16
4077,6901,8,2025-10-23
4078,6903,8,2025-05-28
4079,6904,8,2026-02-13
4080,6908,8,2025-11-17
4081,6909,8,2025-06-23
4082,6911,8,2025-07-08
4083,6915,8,2025-07-06
4084,6916,8,2026-02-24
4085,6917,8,2025-11-02
4086,6918,8,2026-01-16
4087,6919,8,2026-03-13
4088,6920,8,2026-01-29
4089,6921,8,2026-01-27
4090,6925,8,2026-01-26
4091,6928,8,2025-09-08
4092,6932,8,2026-02-25
4093,6933,8,2025-08-18
4094,6935,8,2025-10-08
4095,6939,8,2025-08-29
4096,6940,8,2025-12-26
4097,6941,8,2025-05-25
4098,6944,8,2025-04-07
4099,6947,8,2025-10-31
4100,6948,8,2025-12-22
4101,6951,8,2025-08-12
4102,6952,8,2025-06-07
4103,6953,8,2025-09-16
4104,6954,8,2025-06-30
4105,6957,8,2026-01-25
4106,6958,8,2026-02-03
4107,6962,8,2025-09-18
4108,6965,8,2025-09-10
4109,6968,8,2025-06-18
4110,6969,8,2025-09-16
4111,6970,8,2025-08-13
4112,6972,8,2025-09-18
4113,6974,8,2025-09-11
4114,6975,8,2025-04-07
4115,6979,8,2025-12-25
4116,6980,8,2025-08-02
4117,6981,8,2025-10-17
4118,6983,8,2025-09-15
4119,6984,8,2025-05-10
4120,6985,8,2025-09-10
4121,6986,8,2025-12-25
4122,6988,8,2026-01-27
4123,6991,8,2025-09-01
4124,6992,8,2025-10-31
4125,6993,8,2025-07-23
4126,6995,8,2025-12-08
4127,6996,8,2026-02-20
4128,6999,8,2025-05-24
4129,7001,8,2025-10-29
4130,7002,8,2025-10-20
4131,7007,8,2025-07-24
4132,7009,8,2025-05-30
4133,7012,8,2026-03-11
4134,7013,8,2025-05-27
4135,7014,8,2026-01-09
4136,7015,8,2025-05-27
4137,7016,8,2025-11-23
4138,7017,8,2026-02-02
4139,7019,8,2025-12-16
4140,7021,8,2025-12-12
4141,7022,8,2025-06-20
4142,7023,8,2025-08-18
4143,7024,8,2025-12-05
4144,7025,8,2025-04-15
4145,7027,8,2025-05-13
4146,7029,8,2026-01-25
4147,7030,8,2025-12-21
4148,7031,8,2025-03-24
4149,7035,8,2025-11-29
4150,7036,8,2025-12-02
4151,7037,8,2026-03-19
4152,7038,8,2025-12-23
4153,7040,8,2025-04-05
4154,7042,8,2026-01-22
4155,7043,8,2025-12-19
4156,7045,8,2025-05-25
4157,7047,8,2025-10-05
4158,7048,8,2025-07-22
4159,7049,8,2026-02-19
4160,7050,8,2025-07-24
4161,7051,8,2025-04-24
4162,7052,8,2025-08-13
4163,7054,8,2025-10-07
4164,7057,8,2026-02-10
4165,7058,8,2025-04-05
4166,7059,8,2025-07-07
4167,7061,8,2025-10-27
4168,7062,8,2025-10-20
4169,7064,8,2025-05-05
4170,7065,8,2025-11-21
4171,7066,8,2025-09-09
4172,7067,8,2026-02-22
4173,7069,8,2025-04-03
4174,7071,8,2025-04-30
4175,7075,8,2025-04-09
4176,7076,8,2025-08-21
4177,7077,8,2025-04-16
4178,7078,8,2025-08-07
4179,7080,8,2025-05-19
4180,7081,8,2025-09-30
4181,7082,8,2025-07-24
4182,7086,8,2026-03-19
4183,7087,8,2026-03-06
4184,7088,8,2025-10-18
4185,7090,8,2025-10-23
4186,7091,8,2025-08-09
4187,7093,8,2025-06-22
4188,7097,8,2025-11-05
4189,7098,8,2025-04-07
4190,7099,8,2025-12-14
4191,7101,8,2025-07-26
4192,7102,8,2026-01-05
4193,7103,8,2025-06-13
4194,7104,8,2026-01-18
4195,7105,8,2025-09-18
4196,7106,8,2025-10-17
4197,7107,8,2025-08-30
4198,7108,8,2025-07-18
4199,7109,8,2026-03-10
4200,7110,8,2026-02-17
4201,7111,8,2025-10-30
4202,7112,8,2025-11-29
4203,7113,8,2026-01-26
4204,7114,8,2026-01-25
4205,7115,8,2025-05-16
4206,7116,8,2026-02-06
4207,7117,8,2025-04-16
4208,7118,8,2025-07-03
4209,7119,8,2025-10-03
4210,7120,8,2025-05-07
4211,7122,8,2025-09-19
4212,7123,8,2025-05-20
4213,7124,8,2025-12-11
4214,7125,8,2025-09-27
4215,7126,8,2026-03-12
4216,7127,8,2025-09-25
4217,7128,8,2026-03-03
4218,7129,8,2025-06-03
4219,7131,8,2025-12-12
4220,7134,8,2025-10-02
4221,7135,8,2025-12-27
4222,7138,8,2025-09-12
4223,7142,8,2025-06-26
4224,7144,8,2025-04-20
4225,7145,8,2025-08-22
4226,7148,8,2025-04-01
4227,7150,8,2025-05-01
4228,7152,8,2025-12-09
4229,7154,8,2025-04-25
4230,7155,8,2025-07-20
4231,7159,8,2025-11-29
4232,7160,8,2025-05-21
4233,7161,8,2025-12-19
4234,7162,8,2025-04-29
4235,7167,8,2026-03-16
4236,7168,8,2025-04-30
4237,7170,8,2026-03-13
4238,7171,8,2025-04-13
4239,7175,8,2025-10-06
4240,7176,8,2025-05-05
4241,7177,8,2026-02-19
4242,7179,8,2026-03-04
4243,7180,8,2025-05-30
4244,7181,8,2025-06-19
4245,7182,8,2026-01-13
4246,7184,8,2025-09-20
4247,7186,8,2025-07-20
4248,7187,8,2025-04-16
4249,7188,8,2025-04-08
4250,7189,8,2025-09-13
4251,7190,8,2025-04-12
4252,7192,8,2025-05-27
4253,7193,8,2025-12-21
4254,7195,8,2025-06-21
4255,7196,8,2026-02-24
4256,7199,8,2025-03-25
4257,7200,8,2025-10-05
4258,7201,8,2025-11-14
4259,7202,8,2025-07-24
4260,7203,8,2025-03-17
4261,7204,8,2025-11-22
4262,7205,8,2026-01-02
4263,7207,8,2025-05-13
4264,7208,8,2025-12-30
4265,7209,8,2025-07-04
4266,7211,8,2025-07-28
4267,7212,8,2025-05-19
4268,7213,8,2025-03-28
4269,7214,8,2025-12-11
4270,7215,8,2025-08-03
4271,7216,8,2025-03-17
4272,7220,8,2025-09-21
4273,7221,8,2025-07-30
4274,7222,8,2025-12-05
4275,7224,8,2025-11-08
4276,7225,8,2025-09-12
4277,7229,8,2025-12-28
4278,7231,8,2026-01-02
4279,7232,8,2026-02-28
4280,7234,8,2025-04-19
4281,7237,8,2026-02-09
4282,7241,8,2026-03-04
4283,7242,8,2025-06-14
4284,7243,8,2026-02-08
4285,7244,8,2025-05-04
4286,7245,8,2025-08-29
4287,7246,8,2026-03-01
4288,7247,8,2026-02-12
4289,7248,8,2025-06-19
4290,7250,8,2025-07-11
4291,7251,8,2025-07-18
4292,7252,8,2025-07-08
4293,7253,8,2025-07-23
4294,7254,8,2026-01-09
4295,7256,8,2025-11-12
4296,7258,8,2025-12-05
4297,7259,8,2025-04-16
4298,7263,8,2025-05-16
4299,7266,8,2025-11-25
4300,7267,8,2026-02-05
4301,7268,8,2025-10-21
4302,7270,8,2025-08-21
4303,7272,8,2025-05-18
4304,7275,8,2026-02-19
4305,7276,8,2025-04-01
4306,7279,8,2025-09-05
4307,7280,8,2025-08-13
4308,7281,8,2025-12-21
4309,7283,8,2025-12-25
4310,7284,8,2025-12-07
4311,7285,8,2025-04-10
4312,7287,8,2026-01-05
4313,7288,8,2025-04-12
4314,7289,8,2026-01-06
4315,7291,8,2025-09-28
4316,7292,8,2025-05-24
4317,7293,8,2025-10-23
4318,7294,8,2025-06-24
4319,7296,8,2025-03-23
4320,7297,8,2025-04-27
4321,7300,8,2025-08-12
4322,7301,8,2025-12-29
4323,7302,8,2025-10-14
4324,7303,8,2025-05-05
4325,7306,8,2026-01-05
4326,7308,8,2025-08-10
4327,7310,8,2025-06-29
4328,7313,8,2025-07-17
4329,7314,8,2025-06-05
4330,7316,8,2025-10-03
4331,7318,8,2025-10-09
4332,7319,8,2026-03-10
4333,7320,8,2026-01-05
4334,7323,8,2025-12-16
4335,7326,8,2025-05-15
4336,7329,8,2025-06-11
4337,7330,8,2025-11-24
4338,7332,8,2025-04-13
4339,7334,8,2026-01-14
4340,7336,8,2026-02-18
4341,7340,8,2026-02-18
4342,7342,8,2025-08-22
4343,7351,8,2025-08-09
4344,7354,8,2025-08-27
4345,7358,8,2025-03-18
4346,7359,8,2025-12-07
4347,7360,8,2025-12-08
4348,7361,8,2025-05-21
4349,7363,8,2025-06-25
4350,7364,8,2025-12-20
4351,7365,8,2025-06-16
4352,7366,8,2026-02-16
4353,7368,8,2025-11-22
4354,7374,8,2025-10-21
4355,7376,8,2026-01-19
4356,7378,8,2026-02-11
4357,7379,8,2026-01-20
4358,7381,8,2025-10-11
4359,7382,8,2025-04-26
4360,7383,8,2026-01-21
4361,7384,8,2025-09-23
4362,7385,8,2025-11-30
4363,7386,8,2025-07-21
4364,7389,8,2025-04-21
4365,7392,8,2025-04-18
4366,7393,8,2025-08-25
4367,7395,8,2026-03-06
4368,7396,8,2025-10-13
4369,7398,8,2025-08-07
4370,7399,8,2025-07-20
4371,7401,8,2025-04-12
4372,7402,8,2025-04-21
4373,7403,8,2025-08-08
4374,7404,8,2025-05-25
4375,7405,8,2025-07-25
4376,7406,8,2025-11-30
4377,7407,8,2025-05-06
4378,7408,8,2025-04-23
4379,7409,8,2026-02-03
4380,7412,8,2026-01-23
4381,7415,8,2025-09-02
4382,7416,8,2025-05-03
4383,7418,8,2025-04-15
4384,7419,8,2025-11-11
4385,7420,8,2025-08-24
4386,7424,8,2025-07-05
4387,7425,8,2025-06-27
4388,7429,8,2025-08-08
4389,7430,8,2026-01-31
4390,7431,8,2025-06-01
4391,7432,8,2025-04-19
4392,7434,8,2025-07-13
4393,7436,8,2025-05-09
4394,7437,8,2025-10-30
4395,7441,8,2025-06-06
4396,7443,8,2025-03-21
4397,7445,8,2025-10-08
4398,7446,8,2025-11-17
4399,7447,8,2025-06-14
4400,7448,8,2025-05-30
4401,7450,8,2025-09-05
4402,7451,8,2025-06-25
4403,7452,8,2025-05-27
4404,7453,8,2025-06-09
4405,7455,8,2025-08-14
4406,7459,8,2026-03-07
4407,7460,8,2026-01-28
4408,7461,8,2026-03-21
4409,7465,8,2025-05-17
4410,7467,8,2025-12-26
4411,7468,8,2026-02-19
4412,7469,8,2026-03-03
4413,7470,8,2025-05-16
4414,7471,8,2025-06-06
4415,7474,8,2025-09-21
4416,7476,8,2025-11-07
4417,7477,8,2025-06-23
4418,7478,8,2025-10-19
4419,7479,8,2025-05-14
4420,7481,8,2025-11-16
4421,7482,8,2025-08-09
4422,7483,8,2025-07-02
4423,7486,8,2025-09-03
4424,7487,8,2025-03-27
4425,7488,8,2026-01-06
4426,7489,8,2026-03-05
4427,7492,8,2025-12-08
4428,7496,8,2025-11-02
4429,7497,8,2025-04-06
4430,7503,8,2025-09-18
4431,7504,8,2026-01-29
4432,7507,8,2026-03-22
4433,7508,8,2025-05-07
4434,7509,8,2025-05-17
4435,7511,8,2025-03-18
4436,7513,8,2025-04-01
4437,7514,8,2025-10-08
4438,7518,8,2025-08-26
4439,7519,8,2025-06-30
4440,7520,8,2025-10-18
4441,7521,8,2025-05-25
4442,7522,8,2025-06-26
4443,7523,8,2025-07-25
4444,7524,8,2025-09-04
4445,7527,8,2025-11-22
4446,7529,8,2026-01-04
4447,7530,8,2025-10-19
4448,7531,8,2025-05-31
4449,7532,8,2026-01-04
4450,7533,8,2025-04-14
4451,7534,8,2025-12-25
4452,7535,8,2025-09-09
4453,7536,8,2026-01-03
4454,7539,8,2025-12-20
4455,7541,8,2025-05-18
4456,7542,8,2025-08-08
4457,7544,8,2025-04-14
4458,7545,8,2025-04-29
4459,7546,8,2026-02-07
4460,7547,8,2025-10-25
4461,7549,8,2025-08-30
4462,7553,8,2025-07-10
4463,7554,8,2025-12-23
4464,7555,8,2025-08-13
4465,7556,8,2025-03-25
4466,7557,8,2025-08-08
4467,7558,8,2025-10-14
4468,7561,8,2025-05-12
4469,7565,8,2025-11-22
4470,7566,8,2026-01-07
4471,7567,8,2025-05-13
4472,7570,8,2026-02-18
4473,7571,8,2025-04-07
4474,7572,8,2025-12-07
4475,7574,8,2025-05-10
4476,7575,8,2025-08-21
4477,7576,8,2026-01-13
4478,7578,8,2026-01-08
4479,7579,8,2025-07-28
4480,7581,8,2025-10-04
4481,7583,8,2026-02-09
4482,7584,8,2025-04-21
4483,7585,8,2025-05-31
4484,7586,8,2025-06-27
4485,7587,8,2025-08-26
4486,7588,8,2025-06-12
4487,7589,8,2025-03-23
4488,7590,8,2025-09-19
4489,7592,8,2026-03-14
4490,7596,8,2025-09-16
4491,7598,8,2025-07-23
4492,7601,9,2025-08-18
4493,7604,9,2026-01-31
4494,7605,9,2026-02-27
4495,7606,9,2025-12-20
4496,7607,9,2025-04-24
4497,7609,9,2025-06-04
4498,7612,9,2025-07-08
4499,7614,9,2025-10-31
4500,7621,9,2025-10-20
4501,7622,9,2025-04-14
4502,7626,9,2025-08-05
4503,7627,9,2025-06-02
4504,7634,9,2025-11-30
4505,7637,9,2025-10-27
4506,7638,9,2026-01-10
4507,7639,9,2025-11-20
4508,7643,9,2026-01-29
4509,7644,9,2026-01-31
4510,7648,9,2026-02-24
4511,7649,9,2025-12-08
4512,7650,9,2026-02-16
4513,7651,9,2025-06-15
4514,7653,9,2025-08-04
4515,7654,9,2026-02-28
4516,7656,9,2025-05-20
4517,7657,9,2025-07-02
4518,7658,9,2025-07-14
4519,7661,9,2026-03-22
4520,7662,9,2026-03-01
4521,7664,9,2025-03-22
4522,7666,9,2026-03-22
4523,7667,9,2026-02-23
4524,7669,9,2026-01-17
4525,7671,9,2025-12-23
4526,7674,9,2025-05-08
4527,7676,9,2025-11-04
4528,7678,9,2026-03-10
4529,7679,9,2025-10-08
4530,7683,9,2025-12-30
4531,7684,9,2025-10-29
4532,7685,9,2025-08-23
4533,7689,9,2025-07-22
4534,7690,9,2025-10-18
4535,7691,9,2026-01-08
4536,7692,9,2025-06-01
4537,7693,9,2025-06-12
4538,7695,9,2025-06-25
4539,7697,9,2026-01-30
4540,7699,9,2025-10-26
4541,7700,9,2025-05-19
4542,7701,9,2025-09-05
4543,7702,9,2026-01-29
4544,7705,9,2025-05-31
4545,7708,9,2025-07-17
4546,7709,9,2025-03-19
4547,7710,9,2025-12-23
4548,7711,9,2025-03-29
4549,7713,9,2025-04-08
4550,7714,9,2026-01-25
4551,7715,9,2025-08-05
4552,7716,9,2025-10-28
4553,7717,9,2025-11-27
4554,7718,9,2026-03-16
4555,7719,9,2026-03-06
4556,7723,9,2025-11-20
4557,7724,9,2025-11-30
4558,7725,9,2025-12-05
4559,7727,9,2025-12-23
4560,7728,9,2026-03-08
4561,7730,9,2026-01-14
4562,7731,9,2025-09-23
4563,7732,9,2025-07-17
4564,7733,9,2025-06-07
4565,7734,9,2025-05-27
4566,7735,9,2025-06-20
4567,7736,9,2025-05-02
4568,7739,9,2025-09-13
4569,7742,9,2025-11-19
4570,7743,9,2025-12-25
4571,7746,9,2025-09-01
4572,7748,9,2026-02-23
4573,7749,9,2025-12-19
4574,7753,9,2025-11-01
4575,7754,9,2026-02-17
4576,7755,9,2026-01-10
4577,7756,9,2025-09-01
4578,7758,9,2025-05-26
4579,7759,9,2025-11-02
4580,7761,9,2025-06-27
4581,7763,9,2025-10-24
4582,7764,9,2025-11-01
4583,7765,9,2025-03-17
4584,7766,9,2025-04-12
4585,7769,9,2025-04-18
4586,7770,9,2025-05-14
4587,7771,9,2026-01-01
4588,7772,9,2025-05-13
4589,7774,9,2026-01-28
4590,7776,9,2025-09-04
4591,7777,9,2025-05-23
4592,7778,9,2025-04-16
4593,7779,9,2025-06-22
4594,7780,9,2025-07-03
4595,7781,9,2025-03-31
4596,7786,9,2025-10-23
4597,7788,9,2026-03-12
4598,7789,9,2026-03-04
4599,7790,9,2025-08-09
4600,7793,9,2025-11-30
4601,7795,9,2025-03-17
4602,7798,9,2025-04-15
4603,7802,9,2025-11-25
4604,7803,9,2025-09-18
4605,7806,9,2025-12-07
4606,7808,9,2026-03-19
4607,7812,9,2025-11-15
4608,7813,9,2025-03-20
4609,7816,9,2026-03-03
4610,7817,9,2025-10-18
4611,7819,9,2026-02-23
4612,7820,9,2025-10-17
4613,7821,9,2025-06-25
4614,7822,9,2025-07-05
4615,7823,9,2026-01-04
4616,7824,9,2026-02-09
4617,7825,9,2025-10-10
4618,7828,9,2025-09-18
4619,7829,9,2026-01-11
4620,7834,9,2025-10-28
4621,7835,9,2025-11-07
4622,7836,9,2025-03-19
4623,7838,9,2026-01-18
4624,7840,9,2025-09-17
4625,7842,9,2025-11-10
4626,7843,9,2026-01-05
4627,7844,9,2025-05-05
4628,7845,9,2025-11-11
4629,7848,9,2025-11-11
4630,7849,9,2025-10-22
4631,7850,9,2025-04-23
4632,7851,9,2025-04-20
4633,7852,9,2025-03-17
4634,7853,9,2026-02-18
4635,7854,9,2026-03-18
4636,7855,9,2025-07-26
4637,7856,9,2026-03-04
4638,7857,9,2025-12-08
4639,7864,9,2025-11-17
4640,7865,9,2025-08-31
4641,7866,9,2025-10-14
4642,7867,9,2025-08-07
4643,7871,9,2025-04-01
4644,7872,9,2025-09-23
4645,7874,9,2025-06-28
4646,7876,9,2025-08-02
4647,7877,9,2025-07-03
4648,7878,9,2025-06-20
4649,7879,9,2025-11-05
4650,7881,9,2025-04-23
4651,7882,9,2025-05-20
4652,7883,9,2025-12-03
4653,7884,9,2025-06-11
4654,7885,9,2025-04-20
4655,7886,9,2026-01-20
4656,7887,9,2025-09-19
4657,7891,9,2025-04-22
4658,7892,9,2025-06-22
4659,7897,9,2025-09-09
4660,7898,9,2025-05-15
4661,7902,9,2025-10-03
4662,7903,9,2025-10-24
4663,7904,9,2026-03-10
4664,7905,9,2025-05-10
4665,7906,9,2025-07-29
4666,7907,9,2026-01-24
4667,7908,9,2025-04-21
4668,7909,9,2026-02-21
4669,7910,9,2025-05-23
4670,7911,9,2026-03-17
4671,7912,9,2026-01-16
4672,7914,9,2025-08-22
4673,7915,9,2026-03-15
4674,7918,9,2025-06-16
4675,7920,9,2026-01-06
4676,7921,9,2025-08-25
4677,7927,9,2025-06-29
4678,7929,9,2025-06-11
4679,7931,9,2025-06-04
4680,7933,9,2025-06-21
4681,7934,9,2025-09-30
4682,7935,9,2025-09-07
4683,7937,9,2025-10-11
4684,7938,9,2025-09-17
4685,7939,9,2025-10-23
4686,7941,9,2025-08-24
4687,7942,9,2025-07-09
4688,7943,9,2025-05-01
4689,7944,9,2026-01-29
4690,7945,9,2025-04-28
4691,7946,9,2025-07-14
4692,7947,9,2025-07-04
4693,7950,9,2025-11-03
4694,7952,9,2025-12-07
4695,7953,9,2025-04-08
4696,7954,9,2025-08-21
4697,7955,9,2025-12-19
4698,7956,9,2025-12-12
4699,7957,9,2026-01-01
4700,7961,9,2025-08-15
4701,7962,9,2025-10-30
4702,7964,9,2025-12-28
4703,7965,9,2025-07-18
4704,7966,9,2025-12-21
4705,7968,9,2025-05-16
4706,7970,9,2025-04-13
4707,7972,9,2026-03-06
4708,7973,9,2025-05-05
4709,7977,9,2025-04-23
4710,7979,9,2025-04-02
4711,7981,9,2025-10-06
4712,7982,9,2025-10-02
4713,7983,9,2026-02-04
4714,7985,9,2026-02-07
4715,7987,9,2025-09-13
4716,7988,9,2025-12-30
4717,7989,9,2025-09-04
4718,7990,9,2025-07-29
4719,7992,9,2025-07-12
4720,7993,9,2025-03-21
4721,7994,9,2025-07-01
4722,7995,9,2025-06-06
4723,7997,9,2025-03-27
4724,7998,9,2025-10-17
4725,7999,9,2025-06-08
4726,8000,9,2025-09-08
4727,8004,9,2025-09-26
4728,8009,9,2025-10-05
4729,8010,9,2025-04-19
4730,8011,9,2025-12-28
4731,8012,9,2025-09-29
4732,8016,9,2025-12-14
4733,8018,9,2026-01-02
4734,8020,9,2025-09-23
4735,8021,9,2025-06-05
4736,8022,9,2025-10-15
4737,8026,9,2025-08-20
4738,8027,9,2025-06-08
4739,8028,9,2025-11-11
4740,8032,9,2025-12-04
4741,8033,9,2025-11-02
4742,8036,9,2026-01-04
4743,8038,9,2025-11-29
4744,8040,9,2025-12-27
4745,8041,9,2025-06-24
4746,8042,9,2025-05-03
4747,8046,9,2025-10-30
4748,8047,9,2025-10-20
4749,8048,9,2026-01-20
4750,8049,9,2025-10-22
4751,8051,9,2026-02-10
4752,8052,9,2025-12-07
4753,8053,9,2025-11-21
4754,8054,9,2025-10-15
4755,8055,9,2025-11-28
4756,8056,9,2025-04-23
4757,8057,9,2025-04-29
4758,8058,9,2026-02-16
4759,8059,9,2025-06-08
4760,8060,9,2025-04-26
4761,8062,9,2025-10-29
4762,8064,9,2025-12-31
4763,8072,9,2025-10-05
4764,8075,9,2025-04-08
4765,8078,9,2025-04-22
4766,8079,9,2025-12-30
4767,8080,9,2025-11-23
4768,8081,9,2026-01-10
4769,8082,9,2026-01-27
4770,8083,9,2025-06-20
4771,8084,9,2025-03-25
4772,8085,9,2025-06-10
4773,8086,9,2025-06-30
4774,8087,9,2025-06-21
4775,8088,9,2025-07-29
4776,8089,9,2025-10-29
4777,8090,9,2026-01-14
4778,8092,9,2025-04-13
4779,8093,9,2025-11-18
4780,8097,9,2025-05-14
4781,8098,9,2025-08-18
4782,8099,9,2025-05-25
4783,8101,9,2025-12-28
4784,8102,9,2025-12-01
4785,8103,9,2025-07-09
4786,8104,9,2025-05-08
4787,8105,9,2025-07-29
4788,8108,9,2025-03-19
4789,8109,9,2025-06-25
4790,8112,9,2025-12-14
4791,8115,9,2025-06-08
4792,8116,9,2025-03-31
4793,8117,9,2025-07-12
4794,8118,9,2025-09-24
4795,8123,9,2025-09-08
4796,8125,9,2025-09-07
4797,8126,9,2026-02-23
4798,8128,9,2025-11-18
4799,8130,9,2025-10-22
4800,8133,9,2025-11-28
4801,8138,9,2025-07-05
4802,8139,9,2025-08-10
4803,8140,9,2025-08-15
4804,8141,9,2025-12-05
4805,8142,9,2025-11-23
4806,8145,9,2025-12-08
4807,8146,9,2025-03-24
4808,8148,9,2025-07-06
4809,8150,9,2025-10-13
4810,8151,9,2025-07-02
4811,8152,9,2025-05-06
4812,8154,9,2025-07-05
4813,8157,9,2026-01-20
4814,8158,9,2025-12-17
4815,8159,9,2025-09-01
4816,8161,9,2025-09-24
4817,8162,9,2025-06-25
4818,8164,9,2025-12-25
4819,8165,9,2025-08-12
4820,8166,9,2025-10-29
4821,8167,9,2026-01-01
4822,8170,9,2025-10-25
4823,8171,9,2025-06-22
4824,8172,9,2026-03-11
4825,8174,9,2025-11-17
4826,8175,9,2025-07-22
4827,8176,9,2025-11-06
4828,8183,9,2025-07-16
4829,8185,9,2025-12-26
4830,8186,9,2025-12-29
4831,8187,9,2025-04-26
4832,8189,9,2025-09-09
4833,8191,9,2025-03-23
4834,8193,9,2025-09-09
4835,8196,9,2026-03-08
4836,8197,9,2025-06-17
4837,8198,9,2025-08-27
4838,8199,9,2025-05-22
4839,8201,9,2026-01-20
4840,8202,9,2026-01-11
4841,8204,9,2025-05-16
4842,8205,9,2026-03-08
4843,8207,9,2025-03-27
4844,8208,9,2025-05-26
4845,8209,9,2025-08-23
4846,8210,9,2025-10-17
4847,8211,9,2025-06-11
4848,8213,9,2025-06-21
4849,8214,9,2025-08-22
4850,8216,9,2025-08-21
4851,8217,9,2025-06-22
4852,8218,9,2026-01-02
4853,8220,9,2026-01-16
4854,8221,9,2025-10-31
4855,8222,9,2025-09-15
4856,8223,9,2025-04-19
4857,8224,9,2025-08-02
4858,8225,9,2025-03-23
4859,8226,9,2026-03-10
4860,8231,9,2026-02-03
4861,8233,9,2025-07-10
4862,8234,9,2025-06-18
4863,8236,9,2025-04-19
4864,8239,9,2025-10-24
4865,8241,9,2026-02-25
4866,8242,9,2025-03-23
4867,8243,9,2025-08-23
4868,8244,9,2025-09-18
4869,8245,9,2025-06-12
4870,8247,9,2025-10-15
4871,8249,9,2025-08-19
4872,8250,9,2025-11-30
4873,8251,9,2026-03-10
4874,8252,9,2025-10-17
4875,8253,9,2025-06-15
4876,8254,9,2025-07-05
4877,8255,9,2025-10-06
4878,8258,9,2026-03-07
4879,8259,9,2025-09-30
4880,8260,9,2026-01-30
4881,8265,9,2026-01-12
4882,8267,9,2025-03-21
4883,8269,9,2025-11-28
4884,8273,9,2025-08-04
4885,8274,9,2026-02-11
4886,8276,9,2026-01-06
4887,8277,9,2025-03-19
4888,8278,9,2026-01-08
4889,8280,9,2025-05-12
4890,8281,9,2025-09-21
4891,8283,9,2025-05-07
4892,8285,9,2026-01-10
4893,8287,9,2025-04-14
4894,8291,9,2025-07-12
4895,8294,9,2026-01-01
4896,8295,9,2025-04-17
4897,8296,9,2025-07-25
4898,8297,9,2026-01-25
4899,8299,9,2025-09-15
4900,8303,9,2025-10-07
4901,8305,9,2025-09-06
4902,8307,9,2025-11-04
4903,8308,9,2025-07-24
4904,8311,9,2025-03-18
4905,8312,9,2025-08-02
4906,8313,9,2026-02-13
4907,8314,9,2025-04-05
4908,8315,9,2025-03-30
4909,8317,9,2025-12-20
4910,8319,9,2026-03-10
4911,8320,9,2025-03-18
4912,8322,9,2025-05-12
4913,8323,9,2026-03-05
4914,8325,9,2026-03-05
4915,8326,9,2025-04-05
4916,8329,9,2025-09-10
4917,8331,9,2025-12-18
4918,8334,9,2025-12-25
4919,8337,9,2025-07-24
4920,8340,9,2025-04-01
4921,8341,9,2025-09-04
4922,8342,9,2025-07-01
4923,8343,9,2026-01-09
4924,8344,9,2025-06-26
4925,8345,9,2025-12-05
4926,8347,9,2025-11-08
4927,8348,9,2025-09-08
4928,8351,9,2025-05-05
4929,8352,9,2025-09-23
4930,8353,9,2025-11-11
4931,8354,9,2025-07-15
4932,8358,9,2025-06-05
4933,8361,9,2025-05-30
4934,8363,9,2025-09-12
4935,8364,9,2025-06-03
4936,8365,9,2025-11-14
4937,8368,9,2025-12-09
4938,8369,9,2025-05-25
4939,8370,9,2025-05-27
4940,8372,9,2025-07-31
4941,8373,9,2025-07-28
4942,8374,9,2025-05-06
4943,8376,9,2025-08-13
4944,8377,9,2025-08-24
4945,8380,9,2025-09-14
4946,8381,9,2026-03-13
4947,8382,9,2025-04-05
4948,8384,9,2025-07-02
4949,8385,9,2025-04-21
4950,8386,9,2025-08-19
4951,8387,9,2025-08-09
4952,8388,9,2025-04-16
4953,8393,9,2025-05-26
4954,8394,9,2025-05-15
4955,8395,9,2025-07-22
4956,8396,9,2025-03-20
4957,8398,9,2025-07-13
4958,8399,9,2025-09-26
4959,8400,9,2025-07-07
4960,8401,9,2026-02-12
4961,8402,9,2025-06-01
4962,8404,9,2026-01-15
4963,8405,9,2025-05-17
4964,8408,9,2025-05-15
4965,8409,9,2025-12-22
4966,8410,9,2025-06-05
4967,8411,9,2025-11-16
4968,8412,9,2025-07-14
4969,8413,9,2026-01-22
4970,8415,9,2025-09-12
4971,8416,9,2026-02-18
4972,8417,9,2025-11-11
4973,8419,9,2025-07-08
4974,8420,9,2025-06-20
4975,8423,9,2025-12-23
4976,8424,9,2025-08-24
4977,8427,9,2025-03-19
4978,8428,9,2026-02-11
4979,8429,9,2025-04-17
4980,8430,9,2025-09-16
4981,8431,9,2025-10-20
4982,8432,9,2025-08-04
4983,8433,9,2026-02-18
4984,8434,9,2025-07-01
4985,8435,9,2026-02-21
4986,8437,9,2025-09-09
4987,8438,9,2026-03-20
4988,8441,9,2026-03-22
4989,8442,9,2025-11-04
4990,8443,9,2025-03-20
4991,8444,9,2025-03-24
4992,8445,9,2025-04-18
4993,8447,9,2025-05-08
4994,8450,9,2025-09-15
4995,8451,9,2025-06-20
4996,8453,9,2025-07-17
4997,8454,9,2025-08-16
4998,8456,9,2025-08-02
4999,8458,9,2025-09-06
5000,8460,9,2025-10-24
5001,8461,9,2026-01-08
5002,8462,9,2025-05-09
5003,8464,9,2025-12-08
5004,8465,9,2025-08-31
5005,8466,9,2025-07-14
5006,8467,9,2025-05-14
5007,8469,9,2025-07-02
5008,8470,9,2025-03-18
5009,8472,9,2025-11-20
5010,8474,9,2026-03-07
5011,8478,9,2025-04-27
5012,8481,9,2025-07-29
5013,8482,9,2025-10-22
5014,8486,9,2025-11-19
5015,8487,9,2025-09-25
5016,8488,9,2026-02-11
5017,8491,9,2025-08-02
5018,8492,9,2026-03-13
5019,8493,9,2025-05-01
5020,8495,9,2025-10-04
5021,8496,9,2026-01-19
5022,8497,9,2025-12-14
5023,8499,9,2025-08-31
5024,8500,9,2025-06-22
5025,8505,9,2025-12-10
5026,8506,9,2026-02-03
5027,8507,9,2025-08-01
5028,8509,9,2025-05-18
5029,8510,9,2025-11-14
5030,8511,9,2026-03-09
5031,8512,9,2025-12-05
5032,8513,9,2026-02-18
5033,8516,9,2025-06-24
5034,8517,9,2025-08-19
5035,8518,9,2025-09-16
5036,8521,9,2025-11-04
5037,8522,9,2025-09-20
5038,8523,9,2025-10-18
5039,8524,9,2025-09-12
5040,8525,9,2025-06-05
5041,8526,9,2025-05-30
5042,8527,9,2026-03-17
5043,8528,9,2025-07-15
5044,8530,9,2025-03-21
5045,8532,9,2025-08-04
5046,8533,9,2025-11-06
5047,8534,9,2026-01-12
5048,8535,9,2025-05-22
5049,8536,9,2025-04-28
5050,8537,9,2025-12-19
5051,8539,9,2025-08-10
5052,8540,9,2025-10-29
5053,8542,9,2025-08-16
5054,8543,9,2025-11-09
5055,8545,9,2025-09-20
5056,8546,9,2025-06-17
5057,8549,9,2025-07-25
5058,8550,9,2025-03-19
5059,8554,10,2025-10-01
5060,8555,10,2026-01-03
5061,8559,10,2026-02-16
5062,8560,10,2025-09-13
5063,8561,10,2025-10-30
5064,8562,10,2026-02-25
5065,8563,10,2025-10-02
5066,8565,10,2025-12-16
5067,8566,10,2025-10-03
5068,8567,10,2025-04-19
5069,8569,10,2025-08-21
5070,8571,10,2025-05-14
5071,8572,10,2026-02-22
5072,8573,10,2025-06-18
5073,8574,10,2026-01-22
5074,8575,10,2025-06-13
5075,8576,10,2025-09-13
5076,8577,10,2025-08-23
5077,8578,10,2025-03-26
5078,8579,10,2025-03-28
5079,8580,10,2025-10-05
5080,8583,10,2025-04-02
5081,8587,10,2025-05-09
5082,8589,10,2025-12-21
5083,8594,10,2025-04-20
5084,8596,10,2025-10-12
5085,8599,10,2025-10-11
5086,8600,10,2025-10-17
5087,8602,10,2025-08-15
5088,8604,10,2026-01-11
5089,8605,10,2025-12-31
5090,8606,10,2025-12-14
5091,8607,10,2026-02-08
5092,8611,10,2025-04-29
5093,8612,10,2025-11-11
5094,8613,10,2026-03-11
5095,8615,10,2025-06-10
5096,8616,10,2025-08-03
5097,8619,10,2026-01-05
5098,8621,10,2025-07-17
5099,8622,10,2025-08-27
5100,8625,10,2025-10-02
5101,8628,10,2025-05-06
5102,8629,10,2025-05-31
5103,8630,10,2025-05-14
5104,8631,10,2025-09-26
5105,8632,10,2025-06-26
5106,8634,10,2025-07-26
5107,8635,10,2025-04-15
5108,8636,10,2026-02-13
5109,8638,10,2025-06-30
5110,8641,10,2026-01-19
5111,8643,10,2025-07-12
5112,8644,10,2025-06-24
5113,8645,10,2025-04-07
5114,8646,10,2025-08-01
5115,8647,10,2025-12-15
5116,8650,10,2025-08-13
5117,8651,10,2025-10-02
5118,8655,10,2026-01-05
5119,8657,10,2025-08-23
5120,8659,10,2025-03-30
5121,8660,10,2025-07-27
5122,8661,10,2025-07-21
5123,8662,10,2026-03-13
5124,8663,10,2025-06-30
5125,8667,10,2025-11-08
5126,8668,10,2026-01-08
5127,8669,10,2026-01-10
5128,8672,10,2026-01-18
5129,8673,10,2025-04-12
5130,8675,10,2025-11-29
5131,8676,10,2025-05-31
5132,8677,10,2025-04-08
5133,8678,10,2026-03-13
5134,8679,10,2025-05-24
5135,8681,10,2025-12-25
5136,8682,10,2025-10-07
5137,8683,10,2025-11-19
5138,8685,10,2026-02-09
5139,8686,10,2025-04-02
5140,8687,10,2025-12-05
5141,8688,10,2025-04-18
5142,8689,10,2026-02-22
5143,8692,10,2025-07-20
5144,8693,10,2026-03-08
5145,8694,10,2025-05-02
5146,8695,10,2026-03-10
5147,8696,10,2025-11-14
5148,8697,10,2025-12-20
5149,8698,10,2025-08-13
5150,8699,10,2025-06-16
5151,8702,10,2025-03-28
5152,8705,10,2025-04-02
5153,8707,10,2025-09-10
5154,8711,10,2026-01-02
5155,8715,10,2025-09-18
5156,8718,10,2025-05-06
5157,8721,10,2025-06-04
5158,8725,10,2025-06-06
5159,8728,10,2025-08-29
5160,8729,10,2025-09-06
5161,8730,10,2025-04-11
5162,8732,10,2025-10-14
5163,8733,10,2025-05-06
5164,8734,10,2025-06-20
5165,8736,10,2025-10-01
5166,8738,10,2025-12-09
5167,8739,10,2025-06-10
5168,8742,10,2025-12-21
5169,8745,10,2025-08-16
5170,8746,10,2026-01-07
5171,8747,10,2026-01-05
5172,8748,10,2025-04-20
5173,8749,10,2025-04-03
5174,8750,10,2025-08-17
5175,8751,10,2025-11-16
5176,8752,10,2025-11-03
5177,8753,10,2026-02-13
5178,8754,10,2025-04-10
5179,8756,10,2025-09-10
5180,8757,10,2025-04-28
5181,8760,10,2025-06-15
5182,8761,10,2025-06-23
5183,8764,10,2026-03-21
5184,8765,10,2025-12-09
5185,8766,10,2025-10-05
5186,8767,10,2025-04-06
5187,8768,10,2025-06-19
5188,8769,10,2025-10-07
5189,8770,10,2025-06-24
5190,8772,10,2025-12-11
5191,8780,10,2026-01-08
5192,8781,10,2025-06-13
5193,8783,10,2025-09-23
5194,8785,10,2025-08-15
5195,8786,10,2026-03-11
5196,8787,10,2025-09-10
5197,8788,10,2025-10-17
5198,8789,10,2026-01-07
5199,8791,10,2026-03-10
5200,8792,10,2026-01-01
5201,8794,10,2025-08-25
5202,8797,10,2025-10-20
5203,8798,10,2025-05-27
5204,8800,10,2025-05-04
5205,8801,10,2026-01-23
5206,8802,10,2025-10-18
5207,8803,10,2025-03-31
5208,8804,10,2025-09-12
5209,8805,10,2025-05-04
5210,8806,10,2026-02-26
5211,8808,10,2025-09-23
5212,8809,10,2026-03-22
5213,8811,10,2026-03-20
5214,8813,10,2025-06-20
5215,8814,10,2025-10-20
5216,8815,10,2025-09-03
5217,8817,10,2025-06-09
5218,8819,10,2026-01-23
5219,8820,10,2025-08-22
5220,8821,10,2025-07-21
5221,8822,10,2026-03-06
5222,8824,10,2025-07-17
5223,8826,10,2026-03-19
5224,8828,10,2025-09-06
5225,8830,10,2025-06-16
5226,8831,10,2025-11-02
5227,8833,10,2025-09-29
5228,8836,10,2025-04-20
5229,8837,10,2026-02-21
5230,8838,10,2025-05-28
5231,8839,10,2025-11-25
5232,8840,10,2026-01-20
5233,8841,10,2025-04-23
5234,8843,10,2025-11-15
5235,8844,10,2025-12-23
5236,8847,10,2025-11-07
5237,8849,10,2025-08-01
5238,8850,10,2025-08-23
5239,8851,10,2025-07-02
5240,8852,10,2025-07-01
5241,8853,10,2025-11-23
5242,8855,10,2025-08-09
5243,8857,10,2025-12-16
5244,8858,10,2025-04-15
5245,8860,10,2025-08-14
5246,8861,10,2025-08-18
5247,8864,10,2025-08-12
5248,8865,10,2026-01-20
5249,8866,10,2026-02-10
5250,8870,10,2026-02-28
5251,8872,10,2025-08-05
5252,8875,10,2025-12-15
5253,8876,10,2025-07-23
5254,8877,10,2025-10-06
5255,8879,10,2025-07-08
5256,8881,10,2026-02-02
5257,8883,10,2025-09-01
5258,8885,10,2025-04-05
5259,8891,10,2025-08-31
5260,8895,10,2026-02-23
5261,8896,10,2025-10-01
5262,8898,10,2025-04-27
5263,8900,10,2026-03-10
5264,8901,10,2025-10-16
5265,8902,10,2025-07-01
5266,8903,10,2025-12-02
5267,8904,10,2025-12-19
5268,8908,10,2026-03-14
5269,8910,10,2025-03-23
5270,8911,10,2025-09-03
5271,8913,10,2025-09-01
5272,8914,10,2026-01-02
5273,8916,10,2026-01-16
5274,8918,10,2025-10-26
5275,8919,10,2026-01-11
5276,8921,10,2026-02-21
5277,8922,10,2025-08-16
5278,8923,10,2025-03-31
5279,8926,10,2025-11-09
5280,8927,10,2025-05-22
5281,8928,10,2026-03-07
5282,8929,10,2025-10-02
5283,8932,10,2025-09-20
5284,8933,10,2026-01-18
5285,8934,10,2026-01-02
5286,8935,10,2026-02-02
5287,8937,10,2025-12-17
5288,8942,10,2026-02-21
5289,8944,10,2025-12-02
5290,8945,10,2025-03-22
5291,8947,10,2025-06-30
5292,8948,10,2025-05-17
5293,8949,10,2025-12-30
5294,8952,10,2025-09-13
5295,8955,10,2025-11-18
5296,8956,10,2025-08-28
5297,8958,10,2025-07-27
5298,8961,10,2026-02-14
5299,8962,10,2026-01-13
5300,8963,10,2025-04-24
5301,8964,10,2025-11-23
5302,8966,10,2025-11-01
5303,8967,10,2025-04-27
5304,8969,10,2025-03-25
5305,8970,10,2026-02-01
5306,8971,10,2025-10-30
5307,8973,10,2026-01-07
5308,8975,10,2025-08-27
5309,8978,10,2025-09-05
5310,8979,10,2025-09-08
5311,8980,10,2026-02-22
5312,8981,10,2026-02-04
5313,8982,10,2025-04-03
5314,8983,10,2025-03-31
5315,8985,10,2026-03-12
5316,8986,10,2025-09-21
5317,8987,10,2025-11-30
5318,8988,10,2025-08-20
5319,8989,10,2026-01-04
5320,8990,10,2026-01-04
5321,8991,10,2025-06-16
5322,8992,10,2026-01-19
5323,8993,10,2026-01-01
5324,8994,10,2025-04-13
5325,8995,10,2026-01-17
5326,8997,10,2025-08-18
5327,8998,10,2025-09-26
5328,8999,10,2025-06-05
5329,9001,10,2025-12-04
5330,9002,10,2025-12-14
5331,9003,10,2025-07-03
5332,9006,10,2025-05-15
5333,9007,10,2025-08-10
5334,9008,10,2026-02-20
5335,9009,10,2025-11-10
5336,9010,10,2025-07-23
5337,9011,10,2025-04-02
5338,9012,10,2025-11-17
5339,9014,10,2025-04-19
5340,9015,10,2025-08-23
5341,9016,10,2025-10-09
5342,9017,10,2025-09-15
5343,9018,10,2025-03-24
5344,9019,10,2025-04-24
5345,9020,10,2025-03-28
5346,9021,10,2025-07-02
5347,9022,10,2026-01-24
5348,9023,10,2026-03-13
5349,9024,10,2025-08-17
5350,9025,10,2025-08-28
5351,9030,10,2025-11-20
5352,9031,10,2025-05-14
5353,9032,10,2026-01-20
5354,9034,10,2025-12-26
5355,9035,10,2025-07-03
5356,9038,10,2025-08-01
5357,9042,10,2026-02-28
5358,9044,10,2025-10-31
5359,9046,10,2025-04-09
5360,9047,10,2026-03-22
5361,9049,10,2025-09-21
5362,9051,10,2026-02-07
5363,9054,10,2025-05-22
5364,9055,10,2025-08-30
5365,9056,10,2026-03-02
5366,9057,10,2025-09-24
5367,9058,10,2025-07-08
5368,9062,10,2025-12-12
5369,9064,10,2026-03-11
5370,9065,10,2025-04-05
5371,9067,10,2025-05-15
5372,9069,10,2025-11-19
5373,9070,10,2025-11-29
5374,9071,10,2025-10-31
5375,9072,10,2025-04-01
5376,9073,10,2025-10-17
5377,9075,10,2025-10-02
5378,9076,10,2026-03-11
5379,9079,10,2025-03-30
5380,9080,10,2025-12-24
5381,9081,10,2025-12-17
5382,9083,10,2025-04-25
5383,9086,10,2025-09-17
5384,9087,10,2026-02-11
5385,9089,10,2025-06-11
5386,9092,10,2026-02-08
5387,9094,10,2025-04-19
5388,9095,10,2026-01-12
5389,9096,10,2025-10-23
5390,9098,10,2025-12-02
5391,9101,10,2026-01-26
5392,9102,10,2025-08-18
5393,9103,10,2025-05-02
5394,9104,10,2025-07-29
5395,9105,10,2025-12-15
5396,9106,10,2025-04-12
5397,9111,10,2025-11-08
5398,9115,10,2025-10-07
5399,9123,10,2025-11-19
5400,9124,10,2025-04-14
5401,9125,10,2026-02-25
5402,9126,10,2025-05-04
5403,9127,10,2025-04-19
5404,9128,10,2025-09-17
5405,9131,10,2025-10-26
5406,9132,10,2025-07-09
5407,9133,10,2025-05-16
5408,9135,10,2026-02-23
5409,9136,10,2025-11-27
5410,9139,10,2026-02-01
5411,9141,10,2026-02-11
5412,9143,10,2025-11-06
5413,9144,10,2026-02-23
5414,9145,10,2025-04-24
5415,9146,10,2026-03-09
5416,9147,10,2025-05-09
5417,9148,10,2025-09-27
5418,9149,10,2026-01-09
5419,9151,10,2025-05-12
5420,9153,10,2025-08-20
5421,9154,10,2026-02-25
5422,9157,10,2025-12-05
5423,9158,10,2025-09-11
5424,9160,10,2025-12-21
5425,9161,10,2025-06-18
5426,9163,10,2025-06-03
5427,9164,10,2025-03-31
5428,9166,10,2025-03-26
5429,9167,10,2025-06-10
5430,9169,10,2025-11-03
5431,9171,10,2025-07-04
5432,9172,10,2025-11-07
5433,9173,10,2025-07-18
5434,9174,10,2025-12-22
5435,9175,10,2025-11-20
5436,9176,10,2025-03-27
5437,9178,10,2026-01-09
5438,9180,10,2026-01-24
5439,9181,10,2025-08-15
5440,9182,10,2025-06-01
5441,9183,10,2025-10-10
5442,9186,10,2025-04-23
5443,9187,10,2025-08-12
5444,9189,10,2026-01-25
5445,9191,10,2025-10-11
5446,9193,10,2025-11-14
5447,9194,10,2025-04-06
5448,9195,10,2025-06-08
5449,9196,10,2026-03-12
5450,9197,10,2025-08-07
5451,9201,10,2025-07-31
5452,9202,10,2025-04-11
5453,9203,10,2025-12-25
5454,9204,10,2026-01-11
5455,9207,10,2025-09-23
5456,9208,10,2026-03-21
5457,9210,10,2025-05-07
5458,9214,10,2025-07-06
5459,9215,10,2025-05-20
5460,9216,10,2025-08-22
5461,9219,10,2025-11-18
5462,9220,10,2025-07-26
5463,9226,10,2025-06-18
5464,9227,10,2026-02-06
5465,9228,10,2025-10-07
5466,9230,10,2025-11-19
5467,9231,10,2025-04-30
5468,9232,10,2025-10-07
5469,9236,10,2025-09-08
5470,9237,10,2025-05-06
5471,9238,10,2026-02-09
5472,9239,10,2026-03-03
5473,9240,10,2026-01-12
5474,9241,10,2026-01-02
5475,9242,10,2025-08-24
5476,9243,10,2025-12-11
5477,9244,10,2025-05-03
5478,9245,10,2025-05-28
5479,9246,10,2025-10-30
5480,9247,10,2025-07-12
5481,9249,10,2025-05-14
5482,9250,10,2025-05-27
5483,9251,10,2026-02-22
5484,9253,10,2026-03-04
5485,9254,10,2025-03-20
5486,9255,10,2025-07-07
5487,9256,10,2025-09-08
5488,9257,10,2025-04-04
5489,9259,10,2025-10-13
5490,9260,10,2025-10-27
5491,9261,10,2025-04-15
5492,9262,10,2025-03-22
5493,9264,10,2025-11-22
5494,9265,10,2025-05-18
5495,9267,10,2025-05-21
5496,9268,10,2025-10-21
5497,9269,10,2026-02-11
5498,9271,10,2025-08-06
5499,9272,10,2025-08-07
5500,9273,10,2026-02-18
5501,9274,10,2025-06-05
5502,9275,10,2026-01-30
5503,9276,10,2026-03-20
5504,9279,10,2025-03-29
5505,9282,10,2025-06-03
5506,9283,10,2025-11-11
5507,9285,10,2026-01-21
5508,9286,10,2025-07-05
5509,9288,10,2025-09-26
5510,9290,10,2025-09-29
5511,9291,10,2025-04-30
5512,9292,10,2025-08-08
5513,9294,10,2026-01-04
5514,9296,10,2025-05-14
5515,9298,10,2026-01-07
5516,9299,10,2025-03-27
5517,9300,10,2026-01-27
5518,9301,10,2025-07-11
5519,9304,10,2026-01-23
5520,9305,10,2025-06-29
5521,9307,10,2025-09-24
5522,9308,10,2025-04-12
5523,9311,10,2025-05-11
5524,9312,10,2025-10-01
5525,9313,10,2025-10-23
5526,9315,10,2025-06-06
5527,9316,10,2026-01-29
5528,9318,10,2025-03-23
5529,9320,10,2025-07-20
5530,9321,10,2025-07-16
5531,9326,10,2025-03-31
5532,9330,10,2025-04-20
5533,9333,10,2025-05-02
5534,9336,10,2025-04-08
5535,9337,10,2025-04-03
5536,9338,10,2025-04-01
5537,9340,10,2025-12-08
5538,9343,10,2025-07-07
5539,9345,10,2025-09-26
5540,9346,10,2025-07-26
5541,9347,10,2025-07-25
5542,9350,10,2026-01-16
5543,9353,10,2025-03-29
5544,9357,10,2025-12-04
5545,9361,10,2026-01-06
5546,9362,10,2025-10-28
5547,9363,10,2025-09-17
5548,9364,10,2025-05-12
5549,9365,10,2025-05-31
5550,9368,10,2025-05-04
5551,9370,10,2025-10-26
5552,9371,10,2025-10-12
5553,9372,10,2025-08-23
5554,9373,10,2025-10-09
5555,9376,10,2025-09-06
5556,9378,10,2025-08-09
5557,9380,10,2025-05-13
5558,9382,10,2025-10-28
5559,9383,10,2025-11-29
5560,9384,10,2025-06-12
5561,9385,10,2025-10-06
5562,9386,10,2025-06-14
5563,9389,10,2026-03-16
5564,9391,10,2025-07-12
5565,9392,10,2026-02-27
5566,9393,10,2025-09-07
5567,9394,10,2026-01-28
5568,9395,10,2025-07-14
5569,9396,10,2025-08-11
5570,9397,10,2025-04-06
5571,9399,10,2025-12-10
5572,9401,10,2026-02-18
5573,9402,10,2025-04-10
5574,9404,10,2025-11-05
5575,9406,10,2025-04-27
5576,9407,10,2025-07-30
5577,9408,10,2025-08-11
5578,9409,10,2025-10-11
5579,9410,10,2025-10-21
5580,9413,10,2025-05-18
5581,9414,10,2025-08-17
5582,9415,10,2025-11-25
5583,9416,10,2025-05-12
5584,9417,10,2025-07-17
5585,9418,10,2025-09-01
5586,9419,10,2025-08-24
5587,9420,10,2025-10-28
5588,9421,10,2025-08-08
5589,9422,10,2025-07-23
5590,9423,10,2025-11-16
5591,9424,10,2025-11-25
5592,9425,10,2026-01-14
5593,9426,10,2025-11-24
5594,9427,10,2025-07-08
5595,9428,10,2026-01-05
5596,9429,10,2026-02-08
5597,9430,10,2025-11-28
5598,9432,10,2025-06-16
5599,9433,10,2025-12-29
5600,9434,10,2025-05-25
5601,9437,10,2025-06-03
5602,9438,10,2026-01-21
5603,9440,10,2025-05-08
5604,9444,10,2025-06-20
5605,9447,10,2025-08-04
5606,9448,10,2026-01-02
5607,9449,10,2025-07-12
5608,9452,10,2026-02-28
5609,9455,10,2025-12-06
5610,9457,10,2025-05-11
5611,9459,10,2025-11-01
5612,9460,10,2026-03-18
5613,9463,10,2025-04-03
5614,9465,10,2025-10-02
5615,9466,10,2025-08-18
5616,9467,10,2025-11-16
5617,9468,10,2025-09-19
5618,9470,10,2025-10-17
5619,9471,10,2025-05-29
5620,9472,10,2026-02-02
5621,9473,10,2026-03-15
5622,9474,10,2025-12-23
5623,9475,10,2025-08-26
5624,9476,10,2025-04-12
5625,9478,10,2025-10-14
5626,9480,10,2026-01-21
5627,9484,10,2026-01-10
5628,9485,10,2025-04-03
5629,9487,10,2025-03-24
5630,9489,10,2026-02-06
5631,9495,10,2026-03-03
5632,9496,10,2025-05-06
5633,9497,10,2025-12-02
5634,9498,10,2026-03-19
5635,9500,10,2025-10-26
5636,9501,11,2026-01-04
5637,9502,11,2025-08-05
5638,9503,11,2025-09-07
5639,9505,11,2025-10-26
5640,9510,11,2025-04-07
5641,9513,11,2026-02-11
5642,9516,11,2026-03-14
5643,9518,11,2025-05-01
5644,9520,11,2026-02-24
5645,9522,11,2025-12-06
5646,9525,11,2025-11-19
5647,9526,11,2026-01-27
5648,9527,11,2025-11-02
5649,9528,11,2025-06-25
5650,9529,11,2025-07-02
5651,9533,11,2025-08-02
5652,9536,11,2025-03-20
5653,9539,11,2025-05-13
5654,9540,11,2026-01-14
5655,9541,11,2025-08-06
5656,9542,11,2026-01-04
5657,9544,11,2025-06-10
5658,9545,11,2025-10-30
5659,9546,11,2025-09-21
5660,9549,11,2026-02-05
5661,9550,11,2025-10-18
5662,9552,11,2026-02-20
5663,9554,11,2025-12-15
5664,9555,11,2025-05-24
5665,9556,11,2026-02-11
5666,9559,11,2025-06-19
5667,9560,11,2025-03-21
5668,9561,11,2025-09-13
5669,9562,11,2025-07-11
5670,9565,11,2025-12-30
5671,9567,11,2025-04-19
5672,9569,11,2025-08-21
5673,9572,11,2026-03-18
5674,9573,11,2025-10-17
5675,9574,11,2025-09-08
5676,9577,11,2026-02-05
5677,9579,11,2025-09-10
5678,9580,11,2025-12-17
5679,9583,11,2025-06-29
5680,9584,11,2025-08-19
5681,9587,11,2025-05-11
5682,9588,11,2025-11-20
5683,9589,11,2025-03-22
5684,9590,11,2025-10-14
5685,9591,11,2026-02-28
5686,9592,11,2025-04-12
5687,9593,11,2025-10-23
5688,9594,11,2026-01-18
5689,9595,11,2026-01-24
5690,9597,11,2025-07-23
5691,9599,11,2025-08-19
5692,9601,11,2026-01-31
5693,9602,11,2025-09-13
5694,9603,11,2025-12-14
5695,9608,11,2025-08-23
5696,9612,11,2026-03-13
5697,9613,11,2025-12-15
5698,9614,11,2025-12-22
5699,9617,11,2025-07-25
5700,9618,11,2025-10-15
5701,9621,11,2025-07-14
5702,9622,11,2025-08-28
5703,9623,11,2025-10-04
5704,9625,11,2025-09-23
5705,9627,11,2026-01-10
5706,9628,11,2025-05-18
5707,9629,11,2026-01-29
5708,9630,11,2025-10-23
5709,9632,11,2026-03-14
5710,9633,11,2026-01-25
5711,9634,11,2025-11-24
5712,9637,11,2026-03-18
5713,9638,11,2025-10-28
5714,9639,11,2026-01-03
5715,9641,11,2026-01-11
5716,9642,11,2026-02-13
5717,9645,11,2025-08-11
5718,9647,11,2025-12-07
5719,9648,11,2025-10-12
5720,9650,11,2026-01-13
5721,9651,11,2025-10-23
5722,9652,11,2025-06-03
5723,9654,11,2026-02-08
5724,9657,11,2025-10-12
5725,9658,11,2025-10-11
5726,9659,11,2025-09-05
5727,9664,11,2025-11-25
5728,9665,11,2026-02-23
5729,9666,11,2026-03-01
5730,9672,11,2026-02-26
5731,9675,11,2026-01-31
5732,9676,11,2025-09-26
5733,9677,11,2025-04-23
5734,9678,11,2025-04-10
5735,9680,11,2025-04-21
5736,9681,11,2025-05-21
5737,9682,11,2025-03-28
5738,9684,11,2025-06-21
5739,9686,11,2025-11-28
5740,9687,11,2025-12-04
5741,9688,11,2026-01-02
5742,9689,11,2026-02-09
5743,9690,11,2025-11-03
5744,9694,11,2025-08-24
5745,9695,11,2025-10-03
5746,9696,11,2025-09-30
5747,9698,11,2026-02-11
5748,9700,11,2025-11-29
5749,9708,11,2025-03-17
5750,9709,11,2025-05-15
5751,9712,11,2025-12-06
5752,9713,11,2026-01-22
5753,9714,11,2025-11-05
5754,9716,11,2026-03-15
5755,9718,11,2025-05-21
5756,9719,11,2025-05-31
5757,9720,11,2025-09-05
5758,9721,11,2025-11-27
5759,9722,11,2026-02-13
5760,9723,11,2025-03-28
5761,9725,11,2025-08-29
5762,9732,11,2025-05-26
5763,9734,11,2025-04-09
5764,9735,11,2025-10-09
5765,9736,11,2025-09-10
5766,9738,11,2025-05-25
5767,9739,11,2025-04-11
5768,9740,11,2025-12-24
5769,9741,11,2025-10-21
5770,9742,11,2025-05-18
5771,9744,11,2025-06-25
5772,9746,11,2025-10-19
5773,9747,11,2025-09-02
5774,9749,11,2025-06-30
5775,9750,11,2025-07-11
5776,9751,11,2025-05-07
5777,9753,11,2025-04-11
5778,9754,11,2026-02-03
5779,9755,11,2025-08-10
5780,9757,11,2025-05-22
5781,9758,11,2025-05-04
5782,9760,11,2025-09-23
5783,9761,11,2026-01-12
5784,9765,11,2025-07-23
5785,9767,11,2025-04-21
5786,9768,11,2026-03-08
5787,9769,11,2025-05-17
5788,9770,11,2025-08-19
5789,9772,11,2025-12-12
5790,9775,11,2025-05-16
5791,9776,11,2026-01-13
5792,9779,11,2025-07-29
5793,9780,11,2025-06-28
5794,9782,11,2025-10-12
5795,9785,11,2026-01-03
5796,9786,11,2025-07-05
5797,9787,11,2025-10-08
5798,9789,11,2026-03-08
5799,9791,11,2025-05-26
5800,9792,11,2025-05-30
5801,9793,11,2025-05-11
5802,9795,11,2025-09-20
5803,9796,11,2025-10-23
5804,9797,11,2025-03-19
5805,9800,11,2025-08-23
5806,9801,11,2025-04-17
5807,9802,11,2025-04-17
5808,9807,11,2025-11-27
5809,9808,11,2025-12-14
5810,9809,11,2025-09-13
5811,9810,11,2025-12-16
5812,9811,11,2025-11-24
5813,9812,11,2025-06-20
5814,9816,11,2026-02-14
5815,9817,11,2025-11-12
5816,9821,11,2025-12-20
5817,9822,11,2025-10-25
5818,9825,11,2026-01-14
5819,9828,11,2025-12-24
5820,9829,11,2025-12-17
5821,9832,11,2025-10-01
5822,9833,11,2026-01-24
5823,9835,11,2025-12-31
5824,9838,11,2025-09-12
5825,9839,11,2026-01-12
5826,9841,11,2025-06-27
5827,9842,11,2025-12-15
5828,9844,11,2025-06-04
5829,9845,11,2025-04-16
5830,9846,11,2026-01-18
5831,9847,11,2025-06-06
5832,9848,11,2025-12-09
5833,9850,11,2025-04-30
5834,9853,11,2026-01-15
5835,9854,11,2025-08-06
5836,9855,11,2026-01-26
5837,9857,11,2025-12-11
5838,9859,11,2026-02-18
5839,9860,11,2025-04-30
5840,9861,11,2026-02-24
5841,9862,11,2026-02-10
5842,9863,11,2026-01-26
5843,9865,11,2025-08-17
5844,9866,11,2025-08-18
5845,9867,11,2025-12-28
5846,9869,11,2025-06-03
5847,9870,11,2025-06-06
5848,9873,11,2025-04-25
5849,9874,11,2025-11-06
5850,9875,11,2025-11-29
5851,9876,11,2025-03-19
5852,9877,11,2025-04-21
5853,9878,11,2025-09-17
5854,9879,11,2026-01-17
5855,9881,11,2025-05-27
5856,9882,11,2025-12-28
5857,9884,11,2025-07-03
5858,9886,11,2025-04-24
5859,9887,11,2025-10-16
5860,9889,11,2026-01-11
5861,9890,11,2025-10-23
5862,9893,11,2025-08-16
5863,9894,11,2025-06-29
5864,9895,11,2025-04-22
5865,9896,11,2025-12-07
5866,9898,11,2025-11-29
5867,9900,11,2026-01-17
5868,9901,11,2025-11-01
5869,9902,11,2025-11-30
5870,9903,11,2026-02-07
5871,9904,11,2025-10-25
5872,9907,11,2026-02-02
5873,9908,11,2025-10-20
5874,9909,11,2026-01-22
5875,9910,11,2025-12-03
5876,9913,11,2025-07-31
5877,9914,11,2026-01-15
5878,9915,11,2026-01-06
5879,9916,11,2025-11-11
5880,9917,11,2025-06-09
5881,9919,11,2025-12-03
5882,9920,11,2025-05-05
5883,9921,11,2025-05-22
5884,9922,11,2025-05-08
5885,9924,11,2025-09-20
5886,9927,11,2025-11-21
5887,9928,11,2026-01-09
5888,9934,11,2025-07-26
5889,9935,11,2025-03-28
5890,9936,11,2026-02-28
5891,9937,11,2026-01-14
5892,9939,11,2025-11-08
5893,9940,11,2025-09-08
5894,9942,11,2025-06-10
5895,9943,11,2026-01-23
5896,9945,11,2025-06-12
5897,9946,11,2025-05-28
5898,9948,11,2026-02-23
5899,9949,11,2025-08-23
5900,9950,11,2026-01-19
5901,9951,11,2026-01-07
5902,9952,11,2025-09-19
5903,9953,11,2025-06-03
5904,9955,11,2025-07-04
5905,9956,11,2025-05-05
5906,9959,11,2026-03-21
5907,9961,11,2025-08-18
5908,9964,11,2025-05-18
5909,9965,11,2025-06-30
5910,9967,11,2026-01-02
5911,9968,11,2025-10-08
5912,9970,11,2025-12-05
5913,9971,11,2026-02-22
5914,9974,11,2025-03-29
5915,9976,11,2025-10-30
5916,9977,11,2025-07-27
5917,9980,11,2025-07-06
5918,9982,11,2025-06-30
5919,9984,11,2025-12-06
5920,9985,11,2025-05-22
5921,9987,11,2025-07-31
5922,9988,11,2026-03-22
5923,9989,11,2025-11-21
5924,9990,11,2025-06-17
5925,9993,11,2025-08-17
5926,9994,11,2026-03-04
5927,9995,11,2025-10-30
5928,9998,11,2026-01-03
5929,9999,11,2025-09-05
5930,10000,11,2025-08-17
5931,10002,11,2026-02-05
5932,10004,11,2025-05-25
5933,10005,11,2025-07-17
5934,10007,11,2025-12-27
5935,10011,11,2025-06-11
5936,10013,11,2025-12-03
5937,10014,11,2025-10-02
5938,10017,11,2025-10-25
5939,10018,11,2026-01-21
5940,10019,11,2025-10-27
5941,10020,11,2025-07-11
5942,10021,11,2025-07-09
5943,10022,11,2025-09-20
5944,10025,11,2025-12-11
5945,10027,11,2026-01-09
5946,10028,11,2025-12-12
5947,10029,11,2025-07-25
5948,10030,11,2025-07-10
5949,10032,11,2025-11-02
5950,10034,11,2025-06-20
5951,10038,11,2025-06-15
5952,10039,11,2025-06-22
5953,10042,11,2025-09-07
5954,10044,11,2026-01-09
5955,10046,11,2026-01-14
5956,10049,11,2026-01-02
5957,10050,11,2025-10-23
5958,10051,11,2025-05-14
5959,10055,11,2026-02-22
5960,10056,11,2025-12-14
5961,10057,11,2025-05-03
5962,10060,11,2025-05-20
5963,10062,11,2025-04-30
5964,10063,11,2026-02-24
5965,10067,11,2026-03-01
5966,10068,11,2025-07-12
5967,10069,11,2025-09-11
5968,10072,11,2025-07-17
5969,10073,11,2025-04-14
5970,10075,11,2025-09-10
5971,10077,11,2025-05-11
5972,10080,11,2025-09-27
5973,10082,11,2026-01-31
5974,10084,11,2025-05-01
5975,10086,11,2026-01-28
5976,10087,11,2025-11-14
5977,10088,11,2025-07-15
5978,10092,11,2025-04-15
5979,10093,11,2026-01-08
5980,10095,11,2025-11-12
5981,10096,11,2025-06-12
5982,10098,11,2025-12-11
5983,10101,11,2025-03-24
5984,10102,11,2025-09-08
5985,10105,11,2025-06-30
5986,10108,11,2025-06-06
5987,10109,11,2025-08-19
5988,10114,11,2025-10-26
5989,10116,11,2025-08-17
5990,10120,11,2025-10-29
5991,10122,11,2025-10-26
5992,10123,11,2025-04-06
5993,10125,11,2025-09-10
5994,10126,11,2025-07-02
5995,10128,11,2025-03-18
5996,10129,11,2025-10-26
5997,10130,11,2025-12-23
5998,10132,11,2026-01-09
5999,10136,11,2025-10-13
6000,10138,11,2025-12-20
6001,10139,11,2025-05-05
6002,10141,11,2025-12-18
6003,10143,11,2025-09-11
6004,10144,11,2025-11-11
6005,10145,11,2026-01-09
6006,10148,11,2025-07-20
6007,10150,11,2026-02-27
6008,10151,11,2025-10-16
6009,10152,11,2025-05-14
6010,10153,11,2026-03-04
6011,10154,11,2025-06-20
6012,10155,11,2025-10-28
6013,10157,11,2026-01-13
6014,10158,11,2026-01-03
6015,10159,11,2026-03-14
6016,10160,11,2025-09-26
6017,10162,11,2025-06-08
6018,10163,11,2025-10-28
6019,10164,11,2025-08-26
6020,10166,11,2025-07-28
6021,10167,11,2025-08-08
6022,10170,11,2025-08-03
6023,10171,11,2025-06-28
6024,10172,11,2026-02-06
6025,10173,11,2025-06-12
6026,10174,11,2025-08-12
6027,10175,11,2025-12-29
6028,10177,11,2026-01-13
6029,10181,11,2025-09-28
6030,10184,11,2025-03-17
6031,10185,11,2025-12-16
6032,10188,11,2025-10-22
6033,10191,11,2025-12-26
6034,10192,11,2025-06-30
6035,10194,11,2025-09-01
6036,10195,11,2025-11-09
6037,10196,11,2025-06-30
6038,10198,11,2025-09-29
6039,10199,11,2025-04-12
6040,10202,11,2025-09-05
6041,10204,11,2025-10-08
6042,10207,11,2026-03-21
6043,10208,11,2026-02-03
6044,10210,11,2025-12-25
6045,10212,11,2025-08-25
6046,10215,11,2026-03-04
6047,10217,11,2025-07-15
6048,10218,11,2026-02-09
6049,10220,11,2025-10-23
6050,10221,11,2025-07-19
6051,10222,11,2025-11-20
6052,10225,11,2025-12-13
6053,10226,11,2026-02-19
6054,10227,11,2025-07-16
6055,10229,11,2025-12-30
6056,10230,11,2026-03-13
6057,10233,11,2025-07-21
6058,10235,11,2025-07-23
6059,10236,11,2025-09-13
6060,10237,11,2025-05-19
6061,10238,11,2025-05-13
6062,10240,11,2025-09-28
6063,10241,11,2025-06-23
6064,10242,11,2025-11-05
6065,10243,11,2025-05-19
6066,10244,11,2026-02-15
6067,10248,11,2025-06-18
6068,10249,11,2025-12-27
6069,10250,11,2026-03-04
6070,10251,11,2025-11-04
6071,10254,11,2025-05-15
6072,10255,11,2025-07-25
6073,10258,11,2025-10-01
6074,10260,11,2025-07-10
6075,10261,11,2025-03-17
6076,10262,11,2025-05-03
6077,10263,11,2026-01-06
6078,10264,11,2025-10-17
6079,10267,11,2025-08-02
6080,10268,11,2025-10-27
6081,10269,11,2026-02-02
6082,10270,11,2025-10-16
6083,10271,11,2025-11-01
6084,10272,11,2026-02-12
6085,10275,11,2025-12-13
6086,10277,11,2025-09-02
6087,10278,11,2025-11-27
6088,10280,11,2026-01-02
6089,10282,11,2026-02-11
6090,10284,11,2026-02-11
6091,10286,11,2025-06-15
6092,10288,11,2026-02-17
6093,10292,11,2025-06-19
6094,10293,11,2025-09-13
6095,10294,11,2025-05-24
6096,10297,11,2025-10-03
6097,10298,11,2025-08-27
6098,10300,11,2025-10-21
6099,10303,11,2026-02-21
6100,10306,11,2026-02-13
6101,10307,11,2025-11-18
6102,10308,11,2025-10-26
6103,10309,11,2025-05-04
6104,10310,11,2026-02-19
6105,10312,11,2026-02-09
6106,10313,11,2025-07-13
6107,10315,11,2025-06-24
6108,10316,11,2025-06-17
6109,10317,11,2025-07-27
6110,10319,11,2025-10-25
6111,10320,11,2025-11-08
6112,10321,11,2025-08-20
6113,10322,11,2025-05-07
6114,10324,11,2025-07-30
6115,10325,11,2025-12-29
6116,10328,11,2025-08-03
6117,10330,11,2025-12-01
6118,10332,11,2025-09-08
6119,10335,11,2026-02-26
6120,10337,11,2025-11-29
6121,10338,11,2025-08-10
6122,10341,11,2025-06-27
6123,10342,11,2025-06-27
6124,10343,11,2026-03-05
6125,10344,11,2025-12-08
6126,10345,11,2025-09-10
6127,10348,11,2025-05-14
6128,10349,11,2025-03-29
6129,10352,11,2025-05-15
6130,10354,11,2025-04-29
6131,10355,11,2025-10-13
6132,10357,11,2025-10-15
6133,10362,11,2026-01-30
6134,10363,11,2025-12-21
6135,10364,11,2025-03-23
6136,10365,11,2025-08-11
6137,10367,11,2026-01-19
6138,10368,11,2025-10-13
6139,10371,11,2025-11-04
6140,10374,11,2025-08-06
6141,10375,11,2025-09-05
6142,10381,11,2026-02-24
6143,10382,11,2025-12-11
6144,10386,11,2025-05-24
6145,10387,11,2025-08-15
6146,10388,11,2025-07-28
6147,10389,11,2026-02-17
6148,10393,11,2025-12-13
6149,10395,11,2025-12-24
6150,10396,11,2025-04-06
6151,10398,11,2025-03-31
6152,10399,11,2026-02-18
6153,10400,11,2026-02-27
6154,10401,11,2025-09-23
6155,10403,11,2025-04-29
6156,10404,11,2025-04-22
6157,10407,11,2025-08-29
6158,10410,11,2025-09-26
6159,10411,11,2025-09-11
6160,10416,11,2025-06-08
6161,10417,11,2025-06-20
6162,10418,11,2026-02-26
6163,10421,11,2026-02-19
6164,10423,11,2025-10-04
6165,10425,11,2025-08-11
6166,10426,11,2025-05-19
6167,10428,11,2025-04-17
6168,10430,11,2025-08-25
6169,10431,11,2025-08-11
6170,10432,11,2025-10-11
6171,10434,11,2025-07-01
6172,10435,11,2025-08-08
6173,10436,11,2025-06-09
6174,10438,11,2025-08-08
6175,10439,11,2026-01-31
6176,10441,11,2025-08-25
6177,10443,11,2025-07-29
6178,10444,11,2025-12-22
6179,10445,11,2025-07-08
6180,10447,11,2026-01-07
6181,10448,11,2025-04-07
6182,10449,11,2025-05-03
6183,10450,11,2025-10-16
6184,10451,12,2025-10-14
6185,10452,12,2025-05-12
6186,10453,12,2025-05-04
6187,10454,12,2025-08-31
6188,10455,12,2026-01-08
6189,10460,12,2026-03-17
6190,10461,12,2025-06-22
6191,10462,12,2025-04-06
6192,10466,12,2025-09-19
6193,10467,12,2026-01-27
6194,10468,12,2026-01-04
6195,10469,12,2026-03-19
6196,10471,12,2025-09-11
6197,10474,12,2025-09-19
6198,10475,12,2025-10-22
6199,10477,12,2025-05-01
6200,10480,12,2025-08-05
6201,10481,12,2025-09-29
6202,10485,12,2025-03-20
6203,10487,12,2025-08-03
6204,10488,12,2025-07-12
6205,10489,12,2025-10-29
6206,10490,12,2025-08-14
6207,10493,12,2026-01-08
6208,10494,12,2025-09-04
6209,10495,12,2025-12-29
6210,10497,12,2025-06-19
6211,10498,12,2025-09-01
6212,10499,12,2025-08-28
6213,10504,12,2025-10-20
6214,10505,12,2025-06-15
6215,10507,12,2026-03-10
6216,10508,12,2026-02-23
6217,10509,12,2025-06-04
6218,10510,12,2025-07-18
6219,10511,12,2026-01-24
6220,10513,12,2025-09-08
6221,10514,12,2025-11-13
6222,10515,12,2025-07-18
6223,10517,12,2025-03-26
6224,10518,12,2025-04-17
6225,10519,12,2025-08-30
6226,10521,12,2025-05-02
6227,10523,12,2025-05-18
6228,10525,12,2025-12-14
6229,10526,12,2026-03-05
6230,10528,12,2025-06-15
6231,10530,12,2025-05-10
6232,10532,12,2025-11-30
6233,10533,12,2026-02-24
6234,10537,12,2025-06-19
6235,10538,12,2025-11-13
6236,10539,12,2026-02-21
6237,10540,12,2025-06-02
6238,10542,12,2026-02-15
6239,10544,12,2025-04-30
6240,10547,12,2025-08-10
6241,10550,12,2026-01-28
6242,10551,12,2025-08-24
6243,10553,12,2025-09-24
6244,10555,12,2025-04-13
6245,10556,12,2026-02-21
6246,10558,12,2025-04-07
6247,10559,12,2025-07-01
6248,10561,12,2025-03-20
6249,10562,12,2026-03-04
6250,10563,12,2025-12-16
6251,10564,12,2025-08-17
6252,10566,12,2025-06-10
6253,10567,12,2025-04-07
6254,10568,12,2025-06-03
6255,10571,12,2025-06-11
6256,10572,12,2026-02-04
6257,10576,12,2025-11-30
6258,10577,12,2025-05-09
6259,10578,12,2025-05-18
6260,10579,12,2025-08-23
6261,10580,12,2025-10-06
6262,10581,12,2025-06-03
6263,10583,12,2025-10-20
6264,10584,12,2026-01-20
6265,10587,12,2025-12-01
6266,10590,12,2025-12-08
6267,10591,12,2025-04-09
6268,10594,12,2025-03-30
6269,10595,12,2026-01-20
6270,10596,12,2025-08-17
6271,10597,12,2025-07-11
6272,10599,12,2025-05-31
6273,10600,12,2025-07-21
6274,10601,12,2025-11-27
6275,10602,12,2025-03-22
6276,10603,12,2026-01-23
6277,10606,12,2026-02-04
6278,10607,12,2025-11-05
6279,10609,12,2026-03-20
6280,10611,12,2025-06-04
6281,10613,12,2025-04-03
6282,10614,12,2025-04-03
6283,10616,12,2025-11-26
6284,10617,12,2025-05-24
6285,10620,12,2025-03-24
6286,10626,12,2025-05-22
6287,10627,12,2025-12-31
6288,10628,12,2026-01-29
6289,10629,12,2025-04-06
6290,10630,12,2025-10-27
6291,10632,12,2025-09-26
6292,10634,12,2025-04-16
6293,10635,12,2025-09-30
6294,10636,12,2025-11-17
6295,10638,12,2025-08-01
6296,10639,12,2026-01-21
6297,10640,12,2026-01-03
6298,10642,12,2026-03-11
6299,10643,12,2025-06-07
6300,10644,12,2026-01-11
6301,10646,12,2025-12-14
6302,10647,12,2026-02-20
6303,10648,12,2025-04-02
6304,10649,12,2025-07-16
6305,10652,12,2025-11-15
6306,10659,12,2025-10-31
6307,10661,12,2025-09-24
6308,10663,12,2025-05-25
6309,10666,12,2026-01-07
6310,10667,12,2025-04-06
6311,10669,12,2026-02-02
6312,10670,12,2025-05-04
6313,10673,12,2025-05-18
6314,10674,12,2026-03-05
6315,10676,12,2025-10-30
6316,10678,12,2025-04-03
6317,10679,12,2025-04-23
6318,10680,12,2025-07-23
6319,10681,12,2025-06-23
6320,10682,12,2025-07-28
6321,10683,12,2025-10-09
6322,10684,12,2025-06-23
6323,10689,12,2025-06-09
6324,10691,12,2025-04-15
6325,10693,12,2025-08-26
6326,10696,12,2026-01-24
6327,10697,12,2025-07-04
6328,10699,12,2026-01-09
6329,10700,12,2025-05-28
6330,10701,12,2025-06-29
6331,10703,12,2025-05-10
6332,10706,12,2025-04-07
6333,10708,12,2025-07-08
6334,10709,12,2025-10-17
6335,10716,12,2025-08-26
6336,10720,12,2025-05-19
6337,10722,12,2025-09-24
6338,10723,12,2025-09-14
6339,10724,12,2025-05-09
6340,10727,12,2025-06-25
6341,10728,12,2025-08-12
6342,10730,12,2025-05-08
6343,10732,12,2025-09-07
6344,10733,12,2025-11-23
6345,10735,12,2025-09-11
6346,10736,12,2025-12-28
6347,10738,12,2025-10-08
6348,10740,12,2025-11-03
6349,10741,12,2025-06-02
6350,10742,12,2025-09-16
6351,10743,12,2026-03-20
6352,10747,12,2026-01-17
6353,10751,12,2025-10-12
6354,10752,12,2025-11-26
6355,10753,12,2026-02-21
6356,10755,12,2026-01-30
6357,10756,12,2025-07-05
6358,10759,12,2025-10-30
6359,10760,12,2025-09-07
6360,10761,12,2025-11-28
6361,10762,12,2026-01-26
6362,10763,12,2025-06-06
6363,10764,12,2025-08-22
6364,10765,12,2025-10-06
6365,10766,12,2025-05-21
6366,10770,12,2025-04-05
6367,10771,12,2025-09-19
6368,10772,12,2025-05-19
6369,10774,12,2025-07-24
6370,10775,12,2025-12-09
6371,10776,12,2025-11-07
6372,10777,12,2026-01-15
6373,10778,12,2025-12-24
6374,10781,12,2025-11-29
6375,10782,12,2025-05-23
6376,10783,12,2025-08-02
6377,10784,12,2025-04-03
6378,10785,12,2025-08-25
6379,10788,12,2026-03-15
6380,10789,12,2025-04-28
6381,10791,12,2026-03-22
6382,10793,12,2025-09-08
6383,10795,12,2025-11-24
6384,10797,12,2026-02-10
6385,10798,12,2025-10-11
6386,10801,12,2025-06-07
6387,10802,12,2025-06-08
6388,10803,12,2025-12-15
6389,10804,12,2026-03-11
6390,10805,12,2025-09-18
6391,10806,12,2025-03-27
6392,10807,12,2025-09-22
6393,10808,12,2025-07-30
6394,10809,12,2025-11-02
6395,10810,12,2025-11-03
6396,10811,12,2025-12-17
6397,10813,12,2025-06-25
6398,10815,12,2025-03-28
6399,10817,12,2025-04-19
6400,10818,12,2025-06-15
6401,10819,12,2025-05-23
6402,10821,12,2026-01-03
6403,10822,12,2025-12-29
6404,10824,12,2025-08-29
6405,10825,12,2026-01-25
6406,10826,12,2025-04-28
6407,10828,12,2025-04-21
6408,10830,12,2025-08-07
6409,10833,12,2026-02-23
6410,10834,12,2025-10-08
6411,10836,12,2025-05-13
6412,10840,12,2025-05-07
6413,10841,12,2026-03-21
6414,10842,12,2025-05-13
6415,10843,12,2025-11-18
6416,10844,12,2025-06-08
6417,10845,12,2025-08-02
6418,10846,12,2025-08-03
6419,10848,12,2026-03-03
6420,10849,12,2025-11-01
6421,10851,12,2025-04-15
6422,10852,12,2025-11-25
6423,10853,12,2025-11-02
6424,10855,12,2026-01-18
6425,10857,12,2026-03-21
6426,10858,12,2025-11-10
6427,10859,12,2025-06-05
6428,10862,12,2025-11-09
6429,10865,12,2025-10-13
6430,10866,12,2025-07-16
6431,10867,12,2025-09-15
6432,10868,12,2025-12-21
6433,10869,12,2025-09-11
6434,10871,12,2025-11-04
6435,10873,12,2025-12-17
6436,10874,12,2026-01-22
6437,10876,12,2025-04-22
6438,10877,12,2025-11-02
6439,10879,12,2025-09-19
6440,10881,12,2025-05-26
6441,10882,12,2025-12-20
6442,10883,12,2025-08-03
6443,10885,12,2026-03-06
6444,10886,12,2025-03-22
6445,10888,12,2025-07-06
6446,10889,12,2025-05-03
6447,10890,12,2025-04-19
6448,10891,12,2025-07-19
6449,10892,12,2026-03-08
6450,10895,12,2025-04-18
6451,10898,12,2025-07-10
6452,10901,12,2025-08-25
6453,10903,12,2025-03-26
6454,10905,12,2025-05-01
6455,10906,12,2025-11-14
6456,10907,12,2026-01-02
6457,10909,12,2025-03-21
6458,10912,12,2025-05-02
6459,10913,12,2025-12-17
6460,10915,12,2025-09-22
6461,10917,12,2025-07-08
6462,10921,12,2026-01-03
6463,10926,12,2026-03-19
6464,10928,12,2025-07-26
6465,10929,12,2025-12-09
6466,10930,12,2025-07-24
6467,10931,12,2025-10-23
6468,10936,12,2025-08-27
6469,10938,12,2026-01-02
6470,10942,12,2025-09-26
6471,10948,12,2025-04-27
6472,10951,12,2025-04-29
6473,10952,12,2025-05-12
6474,10953,12,2025-11-30
6475,10954,12,2026-01-10
6476,10957,12,2025-03-26
6477,10958,12,2025-08-02
6478,10959,12,2026-02-03
6479,10961,12,2025-11-14
6480,10965,12,2025-04-17
6481,10966,12,2026-02-05
6482,10968,12,2026-03-02
6483,10971,12,2025-07-20
6484,10973,12,2025-05-04
6485,10974,12,2026-03-04
6486,10976,12,2025-08-03
6487,10977,12,2026-01-01
6488,10978,12,2025-07-05
6489,10979,12,2025-04-12
6490,10980,12,2025-08-19
6491,10981,12,2025-10-11
6492,10982,12,2025-11-04
6493,10984,12,2025-07-26
6494,10986,12,2025-10-29
6495,10987,12,2025-11-01
6496,10988,12,2025-08-06
6497,10989,12,2026-02-17
6498,10993,12,2026-01-06
6499,10995,12,2025-07-12
6500,10996,12,2025-08-18
6501,10997,12,2025-09-22
6502,11000,12,2025-12-31
6503,11001,12,2025-08-12
6504,11002,12,2025-10-28
6505,11003,12,2025-11-03
6506,11004,12,2025-08-16
6507,11005,12,2025-12-10
6508,11007,12,2026-01-26
6509,11008,12,2026-01-16
6510,11009,12,2026-03-17
6511,11010,12,2025-12-14
6512,11013,12,2025-06-23
6513,11014,12,2026-01-07
6514,11016,12,2025-11-17
6515,11017,12,2025-06-16
6516,11019,12,2025-03-28
6517,11020,12,2025-09-02
6518,11021,12,2025-05-25
6519,11024,12,2025-10-15
6520,11025,12,2026-03-08
6521,11028,12,2025-08-29
6522,11029,12,2025-03-27
6523,11030,12,2026-01-02
6524,11031,12,2025-08-29
6525,11034,12,2025-07-23
6526,11037,12,2025-11-01
6527,11039,12,2025-04-25
6528,11040,12,2025-10-01
6529,11042,12,2025-10-23
6530,11043,12,2025-08-28
6531,11045,12,2025-07-17
6532,11048,12,2025-11-19
6533,11049,12,2026-03-15
6534,11050,12,2025-06-11
6535,11051,12,2026-01-21
6536,11055,12,2025-07-22
6537,11056,12,2026-01-28
6538,11057,12,2025-10-11
6539,11058,12,2025-05-27
6540,11059,12,2025-10-20
6541,11061,12,2025-10-10
6542,11062,12,2025-10-12
6543,11063,12,2025-05-28
6544,11066,12,2026-01-22
6545,11068,12,2026-02-14
6546,11069,12,2026-01-22
6547,11071,12,2025-08-19
6548,11074,12,2025-03-30
6549,11076,12,2025-03-20
6550,11080,12,2025-09-21
6551,11082,12,2025-08-28
6552,11083,12,2025-07-18
6553,11084,12,2025-03-31
6554,11085,12,2025-09-12
6555,11086,12,2025-10-20
6556,11087,12,2025-11-13
6557,11088,12,2025-07-04
6558,11091,12,2025-12-01
6559,11092,12,2025-06-30
6560,11093,12,2025-08-09
6561,11095,12,2026-02-27
6562,11096,12,2025-09-18
6563,11097,12,2025-10-03
6564,11099,12,2025-08-28
6565,11100,12,2025-09-23
6566,11101,12,2025-12-20
6567,11102,12,2026-03-05
6568,11103,12,2025-09-24
6569,11105,12,2025-04-17
6570,11106,12,2025-05-22
6571,11107,12,2025-08-24
6572,11108,12,2025-07-06
6573,11109,12,2025-11-06
6574,11110,12,2025-07-17
6575,11112,12,2025-09-26
6576,11113,12,2025-12-28
6577,11116,12,2025-10-21
6578,11118,12,2025-04-16
6579,11119,12,2025-06-25
6580,11120,12,2025-05-22
6581,11123,12,2025-04-25
6582,11125,12,2025-09-07
6583,11126,12,2025-11-01
6584,11127,12,2025-06-06
6585,11128,12,2025-10-25
6586,11129,12,2025-11-14
6587,11130,12,2025-12-11
6588,11131,12,2025-06-24
6589,11132,12,2025-04-25
6590,11134,12,2025-12-19
6591,11136,12,2025-04-08
6592,11139,12,2026-01-10
6593,11142,12,2025-12-21
6594,11143,12,2025-07-25
6595,11146,12,2025-04-21
6596,11149,12,2025-07-27
6597,11150,12,2025-11-08
6598,11151,12,2026-03-03
6599,11152,12,2025-05-07
6600,11157,12,2025-09-30
6601,11161,12,2025-05-16
6602,11162,12,2025-05-23
6603,11163,12,2025-07-11
6604,11164,12,2026-01-27
6605,11165,12,2025-11-10
6606,11166,12,2026-01-30
6607,11167,12,2025-10-17
6608,11168,12,2025-12-09
6609,11169,12,2025-05-10
6610,11171,12,2025-09-13
6611,11172,12,2025-06-10
6612,11176,12,2026-02-24
6613,11177,12,2025-08-14
6614,11178,12,2025-12-17
6615,11179,12,2025-06-08
6616,11180,12,2026-01-22
6617,11183,12,2025-09-04
6618,11184,12,2025-12-11
6619,11186,12,2026-03-21
6620,11187,12,2025-10-19
6621,11188,12,2025-11-16
6622,11189,12,2025-05-07
6623,11190,12,2025-12-29
6624,11192,12,2025-09-05
6625,11193,12,2026-01-02
6626,11194,12,2025-04-13
6627,11195,12,2025-04-12
6628,11197,12,2025-06-28
6629,11200,12,2025-03-29
6630,11201,12,2025-06-18
6631,11202,12,2025-09-26
6632,11204,12,2025-10-20
6633,11206,12,2025-08-10
6634,11212,12,2026-02-08
6635,11213,12,2025-05-14
6636,11216,12,2025-06-09
6637,11219,12,2025-09-30
6638,11221,12,2025-12-28
6639,11222,12,2025-11-08
6640,11227,12,2025-09-19
6641,11229,12,2025-04-07
6642,11230,12,2025-09-22
6643,11231,12,2026-01-30
6644,11232,12,2025-09-05
6645,11234,12,2025-12-08
6646,11235,12,2025-06-27
6647,11236,12,2025-10-20
6648,11237,12,2025-08-15
6649,11238,12,2025-07-05
6650,11239,12,2025-06-21
6651,11240,12,2026-03-05
6652,11243,12,2025-07-09
6653,11244,12,2026-01-01
6654,11245,12,2025-07-27
6655,11246,12,2025-09-04
6656,11248,12,2025-08-16
6657,11249,12,2025-08-28
6658,11251,12,2025-09-09
6659,11253,12,2025-06-25
6660,11254,12,2025-07-08
6661,11255,12,2025-05-26
6662,11256,12,2026-03-02
6663,11257,12,2025-05-30
6664,11258,12,2025-11-28
6665,11259,12,2025-10-03
6666,11260,12,2025-10-12
6667,11261,12,2025-04-11
6668,11262,12,2025-09-03
6669,11264,12,2026-01-09
6670,11266,12,2025-04-03
6671,11268,12,2025-09-22
6672,11270,12,2026-01-04
6673,11273,12,2025-09-16
6674,11274,12,2025-10-25
6675,11275,12,2025-08-29
6676,11276,12,2025-09-01
6677,11277,12,2025-04-17
6678,11278,12,2025-07-08
6679,11283,12,2025-04-22
6680,11286,12,2025-11-25
6681,11287,12,2025-08-20
6682,11288,12,2025-04-04
6683,11291,12,2025-05-19
6684,11292,12,2025-04-21
6685,11293,12,2025-09-19
6686,11295,12,2025-07-20
6687,11297,12,2025-10-23
6688,11298,12,2025-05-18
6689,11299,12,2025-06-14
6690,11300,12,2026-02-19
6691,11301,12,2025-12-09
6692,11303,12,2026-02-14
6693,11304,12,2026-03-09
6694,11306,12,2025-04-27
6695,11309,12,2025-04-02
6696,11310,12,2025-07-11
6697,11312,12,2025-10-12
6698,11314,12,2025-12-25
6699,11315,12,2025-07-13
6700,11319,12,2025-07-23
6701,11320,12,2025-10-02
6702,11322,12,2025-10-23
6703,11325,12,2025-11-06
6704,11326,12,2025-04-13
6705,11327,12,2025-06-07
6706,11329,12,2025-04-03
6707,11330,12,2025-03-30
6708,11333,12,2025-11-02
6709,11334,12,2025-07-10
6710,11335,12,2025-05-13
6711,11336,12,2025-11-03
6712,11337,12,2025-08-18
6713,11340,12,2025-07-28
6714,11341,12,2025-12-11
6715,11342,12,2025-10-23
6716,11344,12,2025-05-05
6717,11345,12,2026-02-23
6718,11346,12,2026-01-08
6719,11348,12,2025-06-03
6720,11353,12,2025-05-15
6721,11354,12,2025-06-22
6722,11356,12,2025-07-28
6723,11357,12,2025-08-16
6724,11358,12,2025-08-07
6725,11359,12,2025-08-05
6726,11360,12,2025-07-28
6727,11361,12,2025-07-14
6728,11362,12,2025-03-25
6729,11363,12,2025-12-26
6730,11364,12,2025-07-19
6731,11367,12,2025-06-02
6732,11368,12,2025-10-09
6733,11369,12,2025-08-07
6734,11375,12,2025-12-24
6735,11378,12,2025-04-21
6736,11379,12,2026-01-24
6737,11380,12,2026-02-12
6738,11381,12,2025-05-22
6739,11382,12,2025-05-23
6740,11383,12,2025-06-03
6741,11384,12,2025-07-27
6742,11385,12,2025-10-21
6743,11390,12,2025-10-21
6744,11391,12,2025-06-05
6745,11392,12,2026-03-16
6746,11393,12,2026-03-13
6747,11395,12,2026-01-28
6748,11399,12,2025-08-03
6749,11400,12,2025-05-27
6750,11401,13,2025-06-06
6751,11402,13,2025-07-22
6752,11405,13,2025-06-27
6753,11406,13,2026-02-26
6754,11407,13,2025-09-06
6755,11411,13,2025-12-04
6756,11412,13,2025-07-21
6757,11416,13,2025-07-24
6758,11418,13,2025-09-24
6759,11419,13,2025-04-23
6760,11420,13,2025-03-25
6761,11422,13,2025-11-08
6762,11423,13,2026-02-21
6763,11424,13,2025-04-23
6764,11428,13,2025-05-14
6765,11429,13,2025-11-16
6766,11430,13,2025-07-31
6767,11431,13,2025-12-07
6768,11435,13,2025-05-30
6769,11441,13,2025-06-06
6770,11444,13,2025-04-11
6771,11445,13,2025-10-27
6772,11446,13,2026-03-20
6773,11449,13,2025-08-27
6774,11452,13,2026-02-08
6775,11455,13,2025-07-23
6776,11456,13,2025-05-16
6777,11458,13,2025-07-11
6778,11459,13,2025-06-05
6779,11460,13,2025-05-26
6780,11461,13,2026-01-05
6781,11462,13,2026-03-04
6782,11463,13,2025-12-04
6783,11464,13,2025-10-16
6784,11465,13,2025-04-19
6785,11466,13,2025-11-16
6786,11467,13,2025-07-29
6787,11468,13,2025-08-26
6788,11470,13,2025-06-28
6789,11472,13,2025-05-07
6790,11473,13,2025-09-02
6791,11475,13,2026-02-24
6792,11476,13,2025-07-06
6793,11477,13,2025-03-31
6794,11478,13,2026-02-12
6795,11480,13,2025-06-05
6796,11481,13,2026-02-12
6797,11482,13,2026-02-12
6798,11484,13,2025-11-07
6799,11485,13,2025-06-16
6800,11486,13,2025-08-11
6801,11487,13,2025-07-16
6802,11488,13,2025-07-03
6803,11489,13,2025-10-20
6804,11491,13,2025-06-17
6805,11492,13,2025-09-05
6806,11493,13,2025-11-03
6807,11494,13,2025-12-26
6808,11495,13,2025-05-22
6809,11497,13,2025-04-27
6810,11498,13,2025-09-15
6811,11499,13,2026-02-14
6812,11500,13,2026-03-03
6813,11504,13,2025-07-24
6814,11505,13,2025-05-05
6815,11506,13,2025-03-17
6816,11511,13,2026-01-04
6817,11512,13,2025-07-14
6818,11515,13,2025-10-13
6819,11517,13,2025-12-21
6820,11519,13,2025-06-26
6821,11520,13,2025-11-16
6822,11521,13,2025-07-19
6823,11522,13,2026-02-12
6824,11523,13,2025-11-08
6825,11524,13,2025-04-12
6826,11525,13,2025-11-09
6827,11527,13,2025-06-29
6828,11529,13,2026-02-12
6829,11530,13,2025-11-24
6830,11532,13,2026-01-06
6831,11533,13,2026-01-03
6832,11534,13,2025-04-26
6833,11535,13,2025-11-21
6834,11536,13,2025-08-03
6835,11537,13,2025-08-30
6836,11539,13,2025-10-12
6837,11542,13,2025-11-17
6838,11546,13,2025-12-04
6839,11550,13,2025-11-01
6840,11551,13,2025-05-14
6841,11552,13,2025-09-20
6842,11553,13,2025-10-02
6843,11555,13,2025-07-16
6844,11557,13,2026-01-10
6845,11558,13,2025-09-12
6846,11560,13,2025-09-10
6847,11561,13,2025-11-23
6848,11562,13,2026-01-19
6849,11564,13,2025-04-29
6850,11567,13,2025-12-27
6851,11569,13,2026-03-10
6852,11573,13,2026-02-25
6853,11574,13,2025-07-29
6854,11575,13,2026-03-20
6855,11577,13,2025-03-24
6856,11578,13,2026-02-12
6857,11580,13,2025-08-28
6858,11581,13,2025-09-22
6859,11583,13,2026-01-29
6860,11585,13,2025-04-11
6861,11588,13,2026-01-02
6862,11589,13,2025-06-07
6863,11591,13,2026-01-18
6864,11593,13,2025-06-27
6865,11594,13,2025-06-18
6866,11595,13,2025-12-23
6867,11596,13,2025-10-18
6868,11599,13,2026-01-07
6869,11600,13,2025-08-24
6870,11601,13,2025-11-11
6871,11602,13,2025-08-22
6872,11603,13,2025-08-25
6873,11606,13,2025-08-31
6874,11610,13,2025-11-06
6875,11612,13,2026-01-29
6876,11613,13,2025-11-27
6877,11614,13,2025-10-17
6878,11616,13,2026-02-17
6879,11617,13,2025-03-18
6880,11620,13,2025-07-19
6881,11621,13,2025-08-27
6882,11623,13,2025-04-09
6883,11627,13,2025-03-29
6884,11630,13,2025-10-28
6885,11631,13,2025-11-18
6886,11633,13,2026-03-13
6887,11634,13,2026-03-10
6888,11636,13,2026-01-23
6889,11639,13,2026-01-14
6890,11640,13,2025-12-23
6891,11642,13,2025-08-11
6892,11646,13,2025-07-13
6893,11647,13,2025-06-20
6894,11649,13,2025-10-21
6895,11651,13,2025-04-03
6896,11654,13,2025-06-02
6897,11655,13,2025-06-21
6898,11658,13,2025-09-07
6899,11661,13,2025-04-21
6900,11662,13,2025-12-24
6901,11666,13,2025-08-03
6902,11667,13,2025-10-17
6903,11668,13,2025-06-23
6904,11671,13,2025-04-14
6905,11672,13,2026-01-07
6906,11673,13,2026-01-28
6907,11675,13,2026-01-31
6908,11677,13,2025-04-03
6909,11678,13,2025-06-23
6910,11681,13,2025-12-08
6911,11685,13,2025-04-11
6912,11687,13,2025-09-27
6913,11689,13,2025-07-01
6914,11690,13,2025-08-21
6915,11692,13,2025-10-27
6916,11693,13,2025-05-18
6917,11694,13,2025-07-09
6918,11695,13,2026-03-16
6919,11696,13,2025-11-09
6920,11697,13,2025-04-25
6921,11698,13,2025-09-28
6922,11699,13,2026-01-25
6923,11701,13,2025-12-01
6924,11702,13,2025-04-25
6925,11704,13,2025-06-08
6926,11705,13,2025-07-21
6927,11706,13,2025-09-02
6928,11708,13,2026-02-04
6929,11709,13,2025-11-10
6930,11710,13,2025-08-23
6931,11711,13,2025-08-18
6932,11713,13,2026-01-01
6933,11714,13,2025-04-28
6934,11716,13,2025-12-05
6935,11718,13,2025-07-16
6936,11719,13,2025-04-29
6937,11720,13,2026-03-05
6938,11721,13,2026-03-01
6939,11722,13,2025-03-21
6940,11723,13,2025-07-20
6941,11725,13,2025-06-18
6942,11727,13,2025-12-03
6943,11728,13,2025-07-20
6944,11729,13,2025-12-27
6945,11730,13,2026-02-09
6946,11732,13,2025-09-28
6947,11734,13,2025-06-10
6948,11736,13,2025-06-05
6949,11738,13,2026-01-29
6950,11739,13,2025-10-13
6951,11741,13,2025-04-05
6952,11742,13,2025-07-20
6953,11744,13,2025-07-04
6954,11745,13,2025-08-08
6955,11747,13,2026-02-06
6956,11749,13,2025-04-21
6957,11750,13,2025-12-21
6958,11751,13,2025-03-25
6959,11752,13,2025-10-16
6960,11755,13,2026-02-11
6961,11757,13,2026-01-27
6962,11759,13,2025-12-10
6963,11760,13,2025-10-10
6964,11762,13,2026-01-18
6965,11763,13,2026-03-13
6966,11764,13,2025-04-14
6967,11765,13,2025-04-10
6968,11766,13,2025-05-28
6969,11767,13,2025-04-18
6970,11768,13,2025-05-17
6971,11769,13,2025-03-29
6972,11770,13,2025-05-17
6973,11772,13,2025-06-08
6974,11773,13,2025-12-14
6975,11775,13,2026-02-26
6976,11776,13,2025-04-26
6977,11779,13,2025-06-23
6978,11780,13,2025-11-03
6979,11781,13,2025-07-31
6980,11782,13,2025-10-04
6981,11783,13,2025-10-29
6982,11787,13,2025-07-11
6983,11789,13,2025-11-01
6984,11794,13,2026-01-29
6985,11795,13,2025-03-26
6986,11797,13,2025-06-01
6987,11799,13,2025-07-04
6988,11801,13,2025-07-15
6989,11802,13,2025-12-27
6990,11804,13,2025-08-09
6991,11808,13,2026-03-21
6992,11813,13,2026-02-05
6993,11815,13,2025-04-03
6994,11817,13,2025-06-03
6995,11818,13,2026-01-02
6996,11819,13,2025-03-28
6997,11820,13,2025-10-12
6998,11821,13,2025-07-08
6999,11824,13,2025-11-15
7000,11825,13,2026-01-19
7001,11828,13,2026-01-17
7002,11829,13,2026-03-14
7003,11832,13,2025-12-03
7004,11833,13,2025-11-04
7005,11835,13,2026-03-06
7006,11836,13,2026-01-28
7007,11837,13,2025-04-25
7008,11838,13,2025-10-07
7009,11839,13,2025-06-27
7010,11842,13,2025-06-19
7011,11843,13,2025-04-15
7012,11844,13,2025-05-21
7013,11845,13,2025-10-19
7014,11846,13,2025-11-02
7015,11847,13,2026-01-24
7016,11850,13,2025-04-15
7017,11853,13,2025-11-05
7018,11856,13,2025-05-04
7019,11857,13,2025-04-19
7020,11858,13,2026-01-17
7021,11862,13,2025-09-25
7022,11863,13,2025-08-19
7023,11866,13,2025-08-13
7024,11867,13,2025-12-20
7025,11868,13,2026-03-11
7026,11870,13,2025-12-13
7027,11871,13,2025-07-07
7028,11872,13,2025-12-18
7029,11874,13,2025-07-13
7030,11876,13,2025-10-14
7031,11877,13,2025-06-26
7032,11878,13,2026-02-04
7033,11882,13,2025-07-17
7034,11883,13,2025-07-31
7035,11888,13,2025-08-09
7036,11890,13,2025-08-17
7037,11891,13,2025-07-25
7038,11892,13,2025-12-12
7039,11893,13,2025-10-30
7040,11896,13,2025-07-29
7041,11898,13,2026-01-14
7042,11899,13,2026-02-25
7043,11900,13,2025-03-31
7044,11901,13,2025-07-22
7045,11902,13,2025-08-10
7046,11906,13,2025-08-26
7047,11908,13,2025-08-12
7048,11910,13,2025-09-04
7049,11912,13,2026-01-31
7050,11913,13,2025-06-20
7051,11919,13,2025-03-21
7052,11920,13,2026-01-14
7053,11923,13,2026-01-19
7054,11925,13,2025-04-06
7055,11926,13,2026-03-04
7056,11927,13,2025-04-09
7057,11929,13,2025-06-24
7058,11930,13,2025-10-02
7059,11933,13,2025-09-01
7060,11934,13,2025-07-09
7061,11938,13,2026-03-12
7062,11939,13,2025-05-09
7063,11940,13,2025-08-17
7064,11943,13,2025-05-31
7065,11944,13,2025-08-23
7066,11945,13,2025-09-15
7067,11946,13,2025-04-01
7068,11947,13,2025-12-03
7069,11948,13,2026-02-12
7070,11952,13,2025-09-19
7071,11956,13,2025-09-28
7072,11959,13,2025-07-03
7073,11960,13,2025-12-31
7074,11962,13,2025-04-30
7075,11964,13,2026-01-31
7076,11965,13,2025-09-29
7077,11968,13,2026-02-18
7078,11970,13,2025-05-03
7079,11971,13,2026-01-23
7080,11976,13,2025-07-16
7081,11979,13,2025-12-24
7082,11983,13,2026-02-13
7083,11984,13,2025-07-25
7084,11985,13,2025-03-24
7085,11986,13,2025-04-23
7086,11987,13,2025-07-15
7087,11988,13,2025-10-19
7088,11991,13,2026-03-22
7089,11993,13,2025-11-12
7090,11994,13,2026-02-20
7091,11995,13,2026-03-04
7092,12000,13,2025-07-16
7093,12001,13,2025-08-16
7094,12002,13,2025-11-23
7095,12003,13,2025-08-15
7096,12004,13,2025-08-24
7097,12005,13,2025-10-21
7098,12006,13,2025-08-31
7099,12007,13,2025-09-07
7100,12012,13,2025-04-28
7101,12013,13,2025-04-28
7102,12015,13,2025-05-13
7103,12016,13,2026-01-29
7104,12018,13,2025-06-24
7105,12019,13,2025-05-18
7106,12020,13,2025-04-13
7107,12022,13,2025-04-13
7108,12024,13,2025-06-27
7109,12027,13,2025-06-23
7110,12032,13,2025-10-05
7111,12034,13,2025-12-06
7112,12037,13,2025-10-29
7113,12038,13,2025-08-04
7114,12040,13,2025-04-10
7115,12041,13,2025-03-21
7116,12042,13,2025-09-21
7117,12043,13,2026-03-14
7118,12044,13,2025-04-24
7119,12045,13,2025-12-09
7120,12046,13,2025-09-03
7121,12049,13,2025-10-17
7122,12052,13,2025-07-18
7123,12056,13,2025-08-11
7124,12057,13,2025-05-17
7125,12058,13,2026-02-11
7126,12059,13,2025-10-23
7127,12062,13,2026-02-09
7128,12065,13,2025-07-05
7129,12066,13,2026-03-22
7130,12069,13,2025-04-01
7131,12070,13,2025-10-22
7132,12071,13,2025-05-19
7133,12073,13,2025-10-06
7134,12074,13,2025-07-23
7135,12075,13,2025-12-14
7136,12076,13,2025-11-20
7137,12077,13,2025-12-26
7138,12079,13,2025-08-19
7139,12080,13,2025-10-01
7140,12084,13,2025-11-24
7141,12085,13,2026-01-23
7142,12088,13,2026-02-21
7143,12089,13,2025-12-18
7144,12092,13,2025-08-09
7145,12093,13,2025-04-01
7146,12094,13,2025-04-19
7147,12100,13,2025-12-17
7148,12103,13,2025-11-02
7149,12104,13,2025-07-13
7150,12108,13,2025-07-24
7151,12109,13,2025-08-07
7152,12110,13,2025-03-19
7153,12111,13,2025-07-21
7154,12113,13,2025-03-24
7155,12114,13,2025-09-25
7156,12115,13,2026-02-11
7157,12119,13,2025-10-03
7158,12120,13,2025-09-07
7159,12122,13,2025-08-28
7160,12123,13,2025-10-09
7161,12124,13,2025-09-25
7162,12125,13,2025-11-27
7163,12126,13,2026-03-04
7164,12127,13,2026-01-05
7165,12128,13,2025-06-16
7166,12129,13,2026-02-28
7167,12132,13,2025-09-10
7168,12133,13,2026-02-23
7169,12137,13,2025-07-23
7170,12139,13,2025-12-17
7171,12140,13,2025-06-05
7172,12142,13,2025-09-12
7173,12146,13,2026-01-25
7174,12147,13,2025-10-01
7175,12149,13,2025-08-16
7176,12151,13,2025-07-03
7177,12152,13,2026-02-02
7178,12153,13,2025-06-18
7179,12155,13,2026-03-20
7180,12156,13,2026-03-21
7181,12157,13,2026-03-13
7182,12158,13,2025-07-17
7183,12164,13,2025-10-21
7184,12168,13,2025-12-28
7185,12169,13,2026-03-01
7186,12173,13,2025-11-09
7187,12174,13,2025-04-18
7188,12176,13,2025-09-10
7189,12179,13,2025-04-26
7190,12180,13,2025-04-16
7191,12183,13,2025-09-02
7192,12184,13,2025-03-22
7193,12185,13,2025-07-18
7194,12186,13,2025-11-24
7195,12188,13,2025-08-10
7196,12190,13,2025-12-26
7197,12191,13,2026-01-25
7198,12192,13,2025-06-20
7199,12194,13,2026-02-14
7200,12195,13,2025-12-14
7201,12196,13,2025-05-22
7202,12198,13,2026-03-08
7203,12199,13,2025-05-01
7204,12200,13,2025-05-01
7205,12202,13,2025-04-07
7206,12203,13,2026-02-15
7207,12205,13,2025-06-16
7208,12207,13,2025-12-29
7209,12209,13,2025-05-29
7210,12210,13,2025-07-02
7211,12211,13,2025-10-31
7212,12212,13,2025-07-23
7213,12215,13,2025-09-19
7214,12217,13,2025-09-27
7215,12219,13,2025-10-26
7216,12220,13,2026-02-16
7217,12223,13,2025-06-01
7218,12225,13,2025-09-02
7219,12228,13,2025-06-06
7220,12229,13,2025-12-21
7221,12231,13,2025-11-22
7222,12232,13,2025-03-26
7223,12234,13,2025-08-09
7224,12235,13,2025-08-03
7225,12237,13,2025-07-24
7226,12238,13,2025-08-30
7227,12239,13,2025-11-29
7228,12241,13,2025-03-25
7229,12243,13,2025-06-10
7230,12245,13,2025-11-05
7231,12246,13,2025-04-07
7232,12247,13,2025-06-28
7233,12250,13,2025-04-17
7234,12253,13,2026-03-05
7235,12255,13,2026-02-11
7236,12256,13,2025-11-18
7237,12258,13,2025-12-14
7238,12259,13,2025-09-24
7239,12260,13,2025-11-01
7240,12261,13,2025-10-29
7241,12262,13,2025-09-08
7242,12263,13,2025-05-16
7243,12266,13,2025-04-10
7244,12267,13,2025-03-22
7245,12268,13,2025-11-22
7246,12270,13,2025-04-24
7247,12271,13,2025-09-23
7248,12273,13,2025-05-18
7249,12275,13,2025-08-24
7250,12276,13,2026-01-07
7251,12277,13,2025-12-25
7252,12279,13,2025-04-18
7253,12280,13,2025-03-19
7254,12281,13,2025-08-02
7255,12283,13,2026-02-20
7256,12284,13,2025-08-09
7257,12286,13,2025-08-30
7258,12287,13,2025-10-06
7259,12288,13,2025-06-04
7260,12289,13,2026-01-24
7261,12290,13,2025-08-11
7262,12293,13,2025-11-09
7263,12294,13,2025-07-07
7264,12297,13,2025-07-28
7265,12298,13,2025-04-09
7266,12300,13,2025-09-01
7267,12302,13,2025-07-23
7268,12305,13,2026-02-05
7269,12306,13,2025-05-09
7270,12311,13,2025-10-09
7271,12312,13,2025-11-08
7272,12315,13,2026-02-21
7273,12317,13,2025-04-11
7274,12319,13,2025-12-30
7275,12320,13,2025-05-03
7276,12321,13,2026-01-25
7277,12322,13,2025-03-31
7278,12323,13,2025-09-29
7279,12324,13,2025-10-15
7280,12326,13,2025-04-30
7281,12328,13,2025-09-18
7282,12329,13,2025-09-29
7283,12336,13,2025-08-19
7284,12342,13,2025-09-04
7285,12343,13,2025-07-09
7286,12344,13,2025-11-05
7287,12345,13,2025-05-27
7288,12348,13,2025-10-08
7289,12351,14,2025-05-10
7290,12352,14,2025-03-17
7291,12353,14,2025-08-31
7292,12354,14,2025-12-16
7293,12357,14,2025-11-08
7294,12358,14,2025-11-12
7295,12359,14,2025-07-17
7296,12360,14,2025-09-22
7297,12362,14,2025-11-11
7298,12363,14,2025-11-08
7299,12364,14,2025-06-07
7300,12368,14,2025-11-04
7301,12369,14,2025-05-17
7302,12373,14,2025-08-29
7303,12374,14,2025-11-22
7304,12375,14,2026-02-21
7305,12381,14,2026-02-17
7306,12382,14,2025-09-13
7307,12383,14,2025-05-18
7308,12385,14,2025-11-14
7309,12387,14,2025-12-05
7310,12389,14,2026-01-07
7311,12390,14,2025-08-29
7312,12391,14,2026-01-18
7313,12394,14,2025-10-27
7314,12396,14,2025-09-29
7315,12398,14,2025-12-06
7316,12399,14,2025-08-03
7317,12400,14,2025-11-11
7318,12401,14,2026-02-19
7319,12402,14,2025-09-13
7320,12403,14,2026-03-08
7321,12404,14,2025-08-18
7322,12406,14,2025-08-28
7323,12407,14,2025-05-14
7324,12408,14,2025-06-24
7325,12410,14,2026-02-08
7326,12411,14,2026-01-24
7327,12412,14,2025-06-06
7328,12413,14,2025-09-01
7329,12415,14,2025-11-17
7330,12416,14,2026-01-29
7331,12417,14,2025-08-03
7332,12418,14,2025-08-24
7333,12420,14,2025-04-08
7334,12421,14,2026-01-04
7335,12422,14,2025-06-30
7336,12423,14,2025-11-03
7337,12424,14,2025-06-04
7338,12426,14,2025-05-27
7339,12431,14,2025-09-06
7340,12432,14,2026-01-02
7341,12433,14,2025-10-05
7342,12434,14,2025-07-19
7343,12435,14,2025-10-13
7344,12436,14,2025-11-11
7345,12437,14,2025-11-13
7346,12438,14,2025-08-18
7347,12439,14,2025-08-06
7348,12440,14,2026-01-22
7349,12441,14,2025-11-09
7350,12443,14,2025-04-21
7351,12444,14,2026-01-12
7352,12445,14,2025-04-11
7353,12449,14,2025-07-03
7354,12450,14,2025-12-11
7355,12451,14,2025-11-07
7356,12452,14,2026-01-25
7357,12456,14,2025-09-13
7358,12457,14,2025-10-25
7359,12458,14,2025-09-16
7360,12459,14,2025-06-30
7361,12465,14,2025-04-23
7362,12466,14,2025-06-23
7363,12468,14,2025-06-23
7364,12472,14,2025-07-05
7365,12473,14,2025-04-27
7366,12476,14,2025-12-26
7367,12478,14,2025-04-22
7368,12480,14,2025-07-31
7369,12481,14,2025-12-22
7370,12482,14,2025-08-10
7371,12483,14,2026-01-24
7372,12491,14,2025-10-23
7373,12493,14,2026-02-06
7374,12495,14,2026-02-04
7375,12496,14,2025-06-22
7376,12497,14,2025-10-11
7377,12498,14,2026-01-24
7378,12499,14,2025-05-17
7379,12500,14,2025-07-08
7380,12501,14,2025-06-10
7381,12504,14,2025-09-11
7382,12505,14,2025-12-07
7383,12506,14,2025-09-19
7384,12507,14,2025-06-03
7385,12508,14,2025-06-01
7386,12510,14,2025-11-22
7387,12511,14,2026-03-12
7388,12513,14,2025-06-17
7389,12514,14,2025-09-19
7390,12515,14,2025-06-06
7391,12516,14,2025-06-22
7392,12519,14,2026-01-08
7393,12521,14,2025-11-01
7394,12522,14,2026-01-25
7395,12523,14,2025-12-29
7396,12524,14,2025-03-25
7397,12525,14,2026-01-11
7398,12527,14,2025-04-06
7399,12528,14,2025-03-26
7400,12529,14,2025-07-02
7401,12530,14,2026-01-08
7402,12531,14,2025-07-17
7403,12532,14,2025-08-20
7404,12533,14,2025-08-29
7405,12534,14,2026-02-21
7406,12535,14,2025-06-18
7407,12537,14,2025-06-19
7408,12538,14,2026-01-25
7409,12539,14,2026-01-11
7410,12540,14,2025-10-16
7411,12541,14,2025-08-02
7412,12542,14,2025-12-16
7413,12544,14,2025-06-30
7414,12547,14,2025-05-26
7415,12548,14,2025-04-14
7416,12550,14,2025-08-01
7417,12551,14,2026-01-12
7418,12552,14,2026-01-11
7419,12554,14,2026-01-10
7420,12556,14,2025-05-02
7421,12558,14,2025-10-26
7422,12559,14,2025-07-05
7423,12560,14,2025-08-20
7424,12563,14,2025-10-19
7425,12564,14,2025-05-06
7426,12567,14,2025-12-19
7427,12570,14,2026-01-05
7428,12573,14,2026-03-14
7429,12576,14,2025-05-02
7430,12577,14,2025-04-04
7431,12578,14,2025-10-25
7432,12579,14,2025-07-18
7433,12580,14,2026-01-22
7434,12581,14,2025-12-28
7435,12582,14,2026-03-03
7436,12583,14,2026-01-28
7437,12584,14,2025-09-11
7438,12586,14,2025-10-10
7439,12589,14,2025-08-18
7440,12591,14,2025-11-23
7441,12592,14,2025-03-23
7442,12593,14,2026-02-27
7443,12594,14,2025-12-19
7444,12595,14,2025-08-04
7445,12596,14,2025-12-03
7446,12597,14,2025-11-21
7447,12598,14,2025-07-19
7448,12599,14,2025-04-16
7449,12600,14,2025-12-22
7450,12602,14,2025-08-12
7451,12603,14,2025-10-31
7452,12605,14,2025-07-09
7453,12608,14,2025-07-19
7454,12609,14,2025-11-30
7455,12610,14,2025-09-06
7456,12611,14,2025-10-10
7457,12614,14,2026-01-20
7458,12616,14,2025-04-17
7459,12619,14,2025-09-08
7460,12622,14,2025-12-16
7461,12623,14,2025-11-21
7462,12624,14,2025-08-24
7463,12625,14,2025-10-29
7464,12627,14,2025-08-20
7465,12628,14,2025-11-26
7466,12629,14,2025-04-25
7467,12630,14,2025-04-26
7468,12631,14,2025-04-04
7469,12637,14,2025-03-23
7470,12638,14,2025-12-24
7471,12639,14,2025-10-10
7472,12640,14,2025-10-25
7473,12641,14,2025-11-20
7474,12642,14,2025-06-09
7475,12643,14,2025-10-05
7476,12644,14,2025-10-28
7477,12645,14,2025-06-30
7478,12646,14,2025-05-14
7479,12647,14,2026-03-17
7480,12648,14,2025-11-26
7481,12651,14,2025-08-26
7482,12652,14,2026-02-24
7483,12655,14,2025-12-16
7484,12656,14,2025-11-13
7485,12657,14,2026-03-20
7486,12658,14,2025-10-09
7487,12660,14,2026-01-03
7488,12661,14,2026-01-28
7489,12663,14,2025-11-12
7490,12664,14,2025-12-10
7491,12666,14,2025-04-26
7492,12667,14,2026-01-06
7493,12668,14,2025-06-21
7494,12670,14,2025-05-02
7495,12671,14,2025-06-24
7496,12672,14,2025-04-04
7497,12673,14,2026-01-14
7498,12674,14,2025-11-19
7499,12675,14,2025-11-25
7500,12676,14,2025-09-04
7501,12677,14,2025-03-28
7502,12678,14,2025-04-12
7503,12679,14,2025-08-31
7504,12681,14,2025-05-28
7505,12682,14,2026-01-02
7506,12684,14,2025-12-26
7507,12687,14,2025-08-12
7508,12691,14,2025-12-02
7509,12693,14,2025-07-26
7510,12695,14,2026-01-14
7511,12696,14,2025-11-04
7512,12698,14,2025-08-05
7513,12699,14,2025-03-24
7514,12700,14,2025-12-03
7515,12706,14,2025-05-11
7516,12707,14,2025-07-07
7517,12708,14,2025-08-29
7518,12709,14,2025-10-25
7519,12710,14,2025-08-24
7520,12711,14,2025-05-24
7521,12712,14,2025-10-29
7522,12713,14,2025-09-05
7523,12715,14,2025-04-12
7524,12716,14,2026-02-14
7525,12717,14,2025-10-15
7526,12718,14,2025-03-25
7527,12719,14,2025-08-16
7528,12722,14,2025-04-09
7529,12723,14,2025-06-08
7530,12725,14,2025-11-17
7531,12729,14,2025-09-22
7532,12730,14,2025-06-18
7533,12734,14,2025-06-07
7534,12736,14,2025-04-09
7535,12737,14,2025-06-12
7536,12738,14,2026-02-18
7537,12740,14,2026-02-06
7538,12741,14,2025-11-19
7539,12744,14,2025-07-14
7540,12745,14,2025-08-12
7541,12751,14,2026-01-27
7542,12752,14,2025-10-01
7543,12754,14,2026-02-21
7544,12755,14,2025-09-13
7545,12757,14,2026-03-14
7546,12758,14,2025-11-22
7547,12759,14,2026-03-16
7548,12761,14,2025-08-07
7549,12762,14,2025-04-18
7550,12763,14,2025-10-17
7551,12766,14,2025-05-11
7552,12768,14,2025-09-07
7553,12769,14,2026-03-01
7554,12771,14,2026-02-12
7555,12773,14,2025-04-16
7556,12775,14,2026-02-26
7557,12776,14,2025-07-21
7558,12779,14,2025-05-11
7559,12781,14,2025-11-05
7560,12783,14,2025-10-15
7561,12784,14,2026-03-21
7562,12786,14,2025-09-05
7563,12790,14,2025-04-13
7564,12791,14,2025-05-11
7565,12793,14,2025-07-06
7566,12798,14,2026-01-26
7567,12802,14,2025-07-11
7568,12803,14,2026-02-13
7569,12805,14,2026-01-23
7570,12806,14,2025-03-17
7571,12807,14,2025-07-30
7572,12808,14,2025-12-27
7573,12809,14,2026-03-08
7574,12812,14,2025-10-09
7575,12813,14,2025-05-22
7576,12814,14,2026-03-13
7577,12815,14,2025-11-27
7578,12816,14,2025-12-12
7579,12817,14,2025-11-19
7580,12820,14,2026-01-05
7581,12821,14,2026-01-17
7582,12824,14,2025-05-29
7583,12827,14,2025-06-12
7584,12828,14,2025-11-26
7585,12829,14,2025-09-12
7586,12832,14,2025-10-08
7587,12833,14,2025-07-24
7588,12835,14,2025-11-27
7589,12836,14,2025-04-04
7590,12837,14,2026-03-01
7591,12839,14,2026-02-20
7592,12840,14,2025-06-19
7593,12841,14,2026-02-27
7594,12844,14,2025-05-26
7595,12847,14,2025-03-29
7596,12848,14,2025-12-21
7597,12853,14,2025-06-09
7598,12854,14,2026-03-07
7599,12855,14,2025-04-14
7600,12856,14,2025-11-30
7601,12858,14,2025-07-03
7602,12860,14,2025-07-22
7603,12861,14,2025-12-17
7604,12862,14,2025-12-30
7605,12863,14,2025-10-19
7606,12864,14,2025-06-26
7607,12865,14,2025-07-15
7608,12867,14,2025-09-03
7609,12868,14,2025-04-17
7610,12870,14,2025-10-30
7611,12871,14,2025-10-03
7612,12872,14,2025-08-20
7613,12873,14,2026-03-03
7614,12875,14,2026-01-10
7615,12876,14,2025-05-29
7616,12877,14,2025-06-04
7617,12878,14,2025-11-23
7618,12879,14,2026-03-20
7619,12881,14,2025-10-07
7620,12882,14,2025-04-18
7621,12883,14,2026-02-20
7622,12884,14,2025-05-29
7623,12885,14,2025-04-22
7624,12887,14,2026-03-06
7625,12888,14,2025-10-09
7626,12889,14,2026-03-01
7627,12891,14,2025-06-07
7628,12892,14,2025-07-04
7629,12893,14,2026-01-13
7630,12896,14,2025-12-15
7631,12898,14,2025-05-03
7632,12899,14,2025-09-24
7633,12900,14,2025-12-19
7634,12901,14,2025-09-15
7635,12902,14,2025-05-25
7636,12903,14,2025-09-04
7637,12905,14,2025-10-07
7638,12907,14,2026-02-18
7639,12908,14,2025-04-16
7640,12910,14,2025-04-13
7641,12911,14,2025-11-13
7642,12912,14,2026-01-30
7643,12914,14,2026-01-31
7644,12915,14,2026-01-15
7645,12918,14,2025-04-26
7646,12919,14,2026-03-01
7647,12921,14,2025-12-07
7648,12923,14,2025-10-16
7649,12924,14,2025-11-07
7650,12925,14,2025-04-18
7651,12927,14,2026-02-14
7652,12930,14,2025-05-11
7653,12931,14,2025-07-31
7654,12933,14,2025-04-17
7655,12935,14,2025-08-22
7656,12936,14,2025-12-25
7657,12939,14,2025-08-10
7658,12941,14,2025-09-08
7659,12942,14,2026-03-20
7660,12944,14,2025-11-15
7661,12945,14,2025-05-25
7662,12946,14,2025-10-04
7663,12949,14,2025-10-15
7664,12951,14,2025-04-23
7665,12952,14,2026-02-01
7666,12953,14,2026-02-02
7667,12954,14,2025-04-29
7668,12957,14,2025-09-12
7669,12958,14,2025-09-25
7670,12959,14,2025-08-15
7671,12962,14,2025-05-06
7672,12963,14,2025-03-25
7673,12964,14,2025-10-05
7674,12965,14,2025-04-26
7675,12966,14,2026-02-01
7676,12967,14,2025-08-26
7677,12968,14,2025-08-09
7678,12969,14,2025-08-01
7679,12972,14,2025-09-22
7680,12973,14,2025-07-20
7681,12975,14,2026-03-18
7682,12978,14,2025-07-19
7683,12980,14,2026-03-12
7684,12982,14,2026-01-31
7685,12983,14,2025-11-12
7686,12984,14,2025-11-05
7687,12986,14,2025-09-01
7688,12988,14,2025-06-13
7689,12989,14,2025-04-04
7690,12990,14,2025-12-03
7691,12991,14,2025-07-24
7692,12997,14,2025-09-13
7693,13000,14,2025-10-29
7694,13001,14,2025-09-13
7695,13003,14,2026-01-18
7696,13004,14,2026-01-02
7697,13005,14,2026-01-19
7698,13006,14,2025-08-01
7699,13007,14,2025-10-17
7700,13008,14,2025-10-25
7701,13013,14,2025-07-31
7702,13014,14,2025-07-18
7703,13016,14,2025-03-26
7704,13017,14,2025-09-10
7705,13020,14,2026-02-08
7706,13023,14,2026-01-28
7707,13024,14,2026-02-07
7708,13025,14,2025-06-25
7709,13026,14,2025-09-28
7710,13027,14,2026-03-10
7711,13028,14,2026-02-27
7712,13029,14,2026-02-27
7713,13030,14,2025-08-09
7714,13031,14,2026-01-22
7715,13033,14,2025-09-22
7716,13034,14,2026-01-02
7717,13035,14,2025-11-06
7718,13036,14,2025-11-06
7719,13037,14,2025-07-27
7720,13038,14,2026-02-28
7721,13040,14,2025-04-12
7722,13042,14,2025-09-18
7723,13043,14,2025-05-15
7724,13044,14,2025-04-16
7725,13046,14,2025-04-13
7726,13047,14,2026-02-25
7727,13048,14,2025-06-21
7728,13049,14,2025-08-05
7729,13053,14,2026-03-08
7730,13056,14,2025-09-02
7731,13058,14,2025-11-28
7732,13059,14,2026-02-02
7733,13060,14,2025-09-29
7734,13061,14,2025-05-16
7735,13064,14,2026-02-28
7736,13065,14,2025-06-15
7737,13066,14,2025-06-18
7738,13067,14,2026-03-13
7739,13069,14,2026-02-25
7740,13071,14,2025-11-24
7741,13073,14,2025-12-31
7742,13075,14,2026-02-05
7743,13077,14,2025-07-15
7744,13078,14,2025-09-23
7745,13080,14,2025-10-30
7746,13082,14,2025-11-21
7747,13083,14,2025-11-28
7748,13084,14,2025-07-10
7749,13086,14,2025-10-12
7750,13088,14,2026-02-17
7751,13089,14,2025-05-08
7752,13092,14,2025-03-19
7753,13094,14,2025-06-28
7754,13096,14,2025-09-11
7755,13098,14,2025-12-23
7756,13099,14,2026-03-03
7757,13100,14,2025-04-27
7758,13101,14,2025-09-14
7759,13103,14,2025-08-02
7760,13105,14,2026-01-21
7761,13109,14,2025-04-16
7762,13110,14,2026-03-18
7763,13112,14,2025-06-14
7764,13114,14,2026-01-23
7765,13115,14,2025-08-27
7766,13121,14,2026-01-03
7767,13125,14,2025-12-02
7768,13126,14,2026-03-12
7769,13127,14,2025-07-25
7770,13128,14,2026-02-03
7771,13130,14,2025-12-16
7772,13131,14,2026-01-20
7773,13136,14,2026-01-24
7774,13139,14,2025-09-26
7775,13140,14,2026-02-27
7776,13141,14,2025-04-02
7777,13142,14,2025-12-12
7778,13143,14,2025-09-21
7779,13144,14,2025-09-18
7780,13146,14,2025-11-27
7781,13148,14,2026-03-20
7782,13149,14,2025-05-08
7783,13150,14,2025-07-25
7784,13152,14,2025-12-12
7785,13153,14,2025-05-10
7786,13154,14,2025-10-11
7787,13155,14,2026-01-10
7788,13156,14,2025-11-11
7789,13159,14,2026-02-08
7790,13160,14,2025-05-21
7791,13162,14,2025-06-11
7792,13163,14,2025-04-07
7793,13165,14,2025-03-20
7794,13167,14,2025-07-07
7795,13169,14,2025-12-13
7796,13171,14,2025-07-03
7797,13174,14,2026-02-13
7798,13176,14,2025-04-02
7799,13177,14,2025-08-24
7800,13179,14,2025-07-13
7801,13180,14,2025-03-29
7802,13182,14,2025-07-21
7803,13183,14,2025-11-21
7804,13185,14,2025-10-10
7805,13186,14,2025-12-11
7806,13188,14,2025-12-03
7807,13189,14,2025-06-23
7808,13191,14,2025-10-08
7809,13192,14,2025-07-29
7810,13196,14,2025-05-01
7811,13197,14,2025-08-28
7812,13198,14,2025-08-01
7813,13200,14,2025-08-03
7814,13201,14,2025-04-16
7815,13205,14,2025-12-14
7816,13206,14,2026-01-20
7817,13207,14,2025-12-15
7818,13208,14,2025-05-05
7819,13211,14,2025-12-19
7820,13212,14,2025-05-15
7821,13213,14,2025-10-24
7822,13214,14,2025-06-26
7823,13216,14,2026-03-06
7824,13218,14,2025-05-15
7825,13221,14,2025-07-29
7826,13224,14,2025-08-09
7827,13226,14,2025-09-12
7828,13228,14,2025-08-22
7829,13229,14,2025-06-19
7830,13230,14,2025-06-05
7831,13231,14,2025-12-22
7832,13233,14,2025-03-24
7833,13234,14,2026-01-27
7834,13237,14,2025-07-06
7835,13238,14,2025-05-26
7836,13239,14,2025-06-23
7837,13240,14,2025-09-04
7838,13241,14,2025-09-09
7839,13243,14,2025-03-20
7840,13244,14,2025-04-22
7841,13245,14,2026-01-31
7842,13247,14,2025-10-17
7843,13248,14,2025-08-21
7844,13249,14,2025-05-31
7845,13250,14,2025-12-19
7846,13251,14,2026-03-17
7847,13252,14,2025-08-25
7848,13254,14,2026-01-21
7849,13256,14,2025-09-26
7850,13257,14,2026-03-19
7851,13258,14,2025-12-01
7852,13259,14,2026-02-22
7853,13260,14,2026-02-16
7854,13261,14,2025-05-20
7855,13262,14,2025-04-01
7856,13268,14,2025-10-30
7857,13275,14,2025-09-24
7858,13276,14,2026-01-21
7859,13277,14,2026-02-26
7860,13279,14,2026-02-11
7861,13280,14,2026-02-01
7862,13281,14,2025-05-11
7863,13282,14,2026-01-01
7864,13283,14,2025-12-15
7865,13284,14,2025-07-07
7866,13285,14,2025-03-24
7867,13287,14,2025-08-06
7868,13288,14,2025-07-03
7869,13289,14,2025-12-31
7870,13292,14,2025-05-20
7871,13295,14,2026-01-21
7872,13296,14,2025-04-28
7873,13297,14,2025-06-21
7874,13300,14,2026-01-27
