id_don,id_donneur,id_centre,date_don
1,1,1,2026-02-15
2,4,1,2025-05-06
3,5,1,2025-05-19
4,9,1,2025-10-29
5,10,1,2025-05-12
6,11,1,2026-03-03
7,13,1,2025-04-12
8,14,1,2025-12-26
9,15,1,2025-08-14
10,19,1,2026-03-12
11,20,1,2026-01-23
12,21,1,2025-05-27
13,22,1,2025-10-24
14,26,1,2025-03-22
15,27,1,2025-09-14
16,28,1,2026-01-01
17,30,1,2025-11-18
18,31,1,2026-01-26
19,32,1,2025-11-18
20,34,1,2025-09-18
21,39,1,2025-06-15
22,40,1,2025-07-21
23,42,1,2025-07-18
24,43,1,2025-07-03
25,45,1,2025-12-12
26,46,1,2025-05-22
27,47,1,2025-05-29
28,48,1,2026-01-30
29,50,1,2025-08-18
30,53,1,2026-01-18
31,55,1,2026-02-18
32,56,1,2025-03-18
33,59,1,2025-11-08
34,61,1,2025-08-15
35,62,1,2025-09-04
36,64,1,2025-06-05
37,66,1,2025-12-11
38,67,1,2025-06-20
39,68,1,2025-05-31
40,73,1,2025-05-06
41,74,1,2025-11-24
42,76,1,2025-10-12
43,77,1,2025-05-05
44,80,1,2025-07-31
45,82,1,2025-08-17
46,84,1,2026-01-15
47,85,1,2025-03-10
48,86,1,2025-07-09
49,88,1,2026-02-15
50,92,1,2025-11-12
51,96,1,2026-01-01
52,98,1,2025-06-03
53,100,1,2025-03-17
54,101,1,2025-07-08
55,102,1,2025-07-02
56,104,1,2025-12-12
57,105,1,2025-10-12
58,106,1,2025-11-10
59,108,1,2025-10-17
60,109,1,2025-08-06
61,111,1,2025-07-19
62,116,1,2025-10-22
63,117,1,2025-06-19
64,121,1,2025-11-21
65,123,1,2025-12-28
66,124,1,2025-09-24
67,125,1,2026-02-07
68,126,1,2025-08-09
69,129,1,2025-06-18
70,132,1,2025-05-05
71,133,1,2025-11-17
72,134,1,2025-11-20
73,135,1,2025-07-19
74,137,1,2025-12-02
75,138,1,2026-01-09
76,139,1,2025-03-18
77,141,1,2025-09-17
78,142,1,2025-05-13
79,143,1,2025-05-20
80,144,1,2025-12-11
81,145,1,2025-10-26
82,148,1,2025-03-27
83,153,1,2025-11-18
84,154,1,2025-10-25
85,156,1,2025-12-02
86,157,1,2025-04-04
87,158,1,2025-07-08
88,160,1,2025-04-26
89,161,1,2025-04-02
90,162,1,2025-12-07
91,164,1,2025-10-15
92,165,1,2026-02-20
93,167,1,2026-03-14
94,168,1,2026-01-13
95,169,1,2026-02-20
96,170,1,2025-10-03
97,171,1,2025-11-07
98,173,1,2025-05-30
99,174,1,2025-08-12
100,175,1,2025-09-17
101,177,1,2025-04-28
102,179,1,2025-07-12
103,180,1,2025-09-29
104,182,1,2025-10-19
105,183,1,2025-03-27
106,184,1,2025-10-07
107,186,1,2025-06-03
108,187,1,2026-02-03
109,188,1,2025-11-30
110,190,1,2025-11-24
111,192,1,2025-12-01
112,193,1,2025-06-03
113,194,1,2025-05-01
114,197,1,2025-08-04
115,198,1,2025-05-10
116,200,1,2025-12-07
117,201,1,2025-04-10
118,202,1,2025-09-18
119,205,1,2025-08-28
120,208,1,2026-01-23
121,209,1,2025-06-29
122,210,1,2025-06-08
123,211,1,2025-06-27
124,214,1,2025-06-29
125,216,1,2025-05-05
126,217,1,2025-05-18
127,218,1,2025-08-26
128,219,1,2026-01-30
129,222,1,2025-10-05
130,223,1,2025-03-23
131,227,1,2025-06-22
132,228,1,2026-02-19
133,229,1,2025-12-07
134,230,1,2025-12-07
135,231,1,2025-04-06
136,232,1,2025-06-21
137,234,1,2025-03-29
138,237,1,2025-08-29
139,240,1,2026-02-25
140,241,1,2026-02-04
141,242,1,2025-07-13
142,243,1,2026-01-07
143,244,1,2025-03-15
144,245,1,2025-03-29
145,246,1,2025-12-15
146,247,1,2025-12-16
147,249,1,2025-08-24
148,250,1,2025-10-21
149,251,1,2025-10-21
150,252,1,2026-03-15
151,253,1,2025-12-04
152,255,1,2026-01-13
153,256,1,2025-10-03
154,258,1,2025-06-15
155,259,1,2025-09-02
156,261,1,2025-12-16
157,263,1,2026-01-12
158,265,1,2026-03-01
159,268,1,2026-02-01
160,270,1,2026-02-13
161,272,1,2025-03-28
162,273,1,2026-01-07
163,274,1,2025-06-25
164,275,1,2025-08-15
165,277,1,2025-03-20
166,278,1,2026-01-04
167,280,1,2025-09-30
168,281,1,2025-06-11
169,283,1,2025-06-15
170,284,1,2025-06-27
171,285,1,2026-02-08
172,289,1,2025-03-28
173,290,1,2025-08-01
174,292,1,2026-01-20
175,294,1,2025-10-24
176,295,1,2025-09-25
177,297,1,2025-08-13
178,299,1,2025-11-23
179,300,1,2025-10-12
180,305,1,2025-06-12
181,307,1,2025-10-20
182,310,1,2025-09-18
183,311,1,2025-09-11
184,313,1,2025-12-05
185,314,1,2025-11-27
186,317,1,2025-10-23
187,318,1,2025-06-30
188,321,1,2025-09-30
189,322,1,2025-04-14
190,323,1,2025-04-03
191,326,1,2026-01-24
192,327,1,2025-06-28
193,328,1,2025-09-13
194,330,1,2025-03-18
195,331,1,2025-03-30
196,333,1,2025-05-13
197,335,1,2026-02-03
198,336,1,2025-08-16
199,337,1,2026-02-14
200,339,1,2025-12-08
201,342,1,2025-08-15
202,343,1,2025-11-14
203,344,1,2025-11-23
204,349,1,2025-03-20
205,351,1,2025-03-19
206,352,1,2026-02-20
207,353,1,2025-11-07
208,354,1,2025-11-24
209,355,1,2025-06-25
210,356,1,2025-09-07
211,357,1,2025-12-30
212,358,1,2025-07-10
213,359,1,2025-12-27
214,361,1,2026-01-09
215,363,1,2025-05-05
216,364,1,2026-01-30
217,365,1,2025-10-02
218,373,1,2026-01-25
219,375,1,2025-03-22
220,376,1,2026-02-26
221,380,1,2025-10-21
222,381,1,2025-04-30
223,382,1,2025-05-16
224,383,1,2026-02-15
225,385,1,2025-10-09
226,386,1,2025-10-22
227,387,1,2025-11-15
228,388,1,2025-04-14
229,390,1,2026-01-13
230,391,1,2025-05-05
231,392,1,2026-01-06
232,395,1,2025-12-15
233,396,1,2026-01-08
234,399,1,2025-12-05
235,400,1,2025-04-02
236,401,1,2025-10-24
237,402,1,2025-12-05
238,403,1,2026-02-25
239,407,1,2026-01-14
240,410,1,2025-06-03
241,411,1,2026-03-01
242,412,1,2025-12-03
243,413,1,2025-09-30
244,414,1,2025-07-28
245,419,1,2025-09-06
246,421,1,2025-08-13
247,422,1,2025-10-29
248,423,1,2025-11-03
249,424,1,2025-09-26
250,428,1,2026-01-07
251,429,1,2025-05-03
252,431,1,2025-03-10
253,432,1,2026-02-27
254,433,1,2025-10-25
255,434,1,2025-12-02
256,435,1,2025-04-19
257,439,1,2025-04-18
258,440,1,2026-01-25
259,441,1,2026-01-20
260,445,1,2026-03-01
261,446,1,2025-09-11
262,448,1,2025-11-15
263,450,1,2025-05-08
264,451,1,2025-04-08
265,454,1,2026-02-03
266,456,1,2025-12-14
267,457,1,2025-09-02
268,460,1,2025-05-16
269,461,1,2025-10-02
270,462,1,2025-05-19
271,463,1,2025-08-14
272,464,1,2025-04-05
273,465,1,2025-10-07
274,466,1,2025-09-16
275,467,1,2025-10-07
276,468,1,2025-08-19
277,470,1,2025-11-16
278,472,1,2025-03-20
279,473,1,2025-12-08
280,475,1,2025-04-05
281,478,1,2025-06-08
282,480,1,2025-07-23
283,484,1,2025-10-01
284,485,1,2025-08-25
285,486,1,2025-04-22
286,487,1,2025-07-27
287,488,1,2025-03-21
288,490,1,2026-01-30
289,492,1,2026-02-19
290,493,1,2025-11-06
291,495,1,2026-02-11
292,496,1,2025-05-07
293,497,1,2025-06-02
294,499,1,2025-07-10
295,501,1,2026-01-12
296,502,1,2025-06-21
297,503,1,2025-07-17
298,504,1,2025-06-18
299,506,1,2026-03-08
300,511,1,2025-12-12
301,512,1,2025-10-28
302,513,1,2025-07-15
303,515,1,2025-12-18
304,519,1,2025-06-17
305,520,1,2026-02-01
306,525,1,2025-04-13
307,527,1,2026-01-21
308,530,1,2026-03-10
309,531,1,2026-01-25
310,532,1,2025-07-02
311,534,1,2025-07-18
312,536,1,2025-08-26
313,537,1,2026-02-08
314,541,1,2025-03-12
315,543,1,2026-01-25
316,544,1,2025-03-16
317,547,1,2025-11-26
318,548,1,2025-12-08
319,549,1,2025-11-20
320,551,1,2025-12-20
321,553,1,2025-07-08
322,554,1,2025-11-14
323,555,1,2026-02-20
324,556,1,2025-05-20
325,557,1,2025-10-18
326,558,1,2025-07-15
327,560,1,2025-09-22
328,562,1,2025-07-17
329,563,1,2025-10-09
330,565,1,2025-08-22
331,568,1,2025-11-27
332,573,1,2025-09-27
333,574,1,2025-12-01
334,576,1,2025-04-02
335,578,1,2025-11-20
336,585,1,2025-09-06
337,586,1,2025-12-05
338,587,1,2026-02-27
339,588,1,2025-12-30
340,590,1,2025-10-05
341,591,1,2025-03-13
342,592,1,2026-01-14
343,593,1,2025-03-27
344,594,1,2025-04-20
345,595,1,2025-12-02
346,598,1,2025-06-12
347,599,1,2025-08-05
348,600,1,2025-09-16
349,601,1,2026-03-04
350,603,1,2025-09-13
351,605,1,2025-07-20
352,606,1,2026-02-01
353,608,1,2025-04-03
354,609,1,2025-06-13
355,610,1,2025-08-28
356,611,1,2025-08-29
357,612,1,2025-06-04
358,613,1,2026-01-06
359,614,1,2025-04-09
360,615,1,2025-10-10
361,618,1,2026-01-06
362,619,1,2025-12-04
363,620,1,2025-07-03
364,621,1,2025-11-11
365,623,1,2025-07-07
366,625,1,2025-09-07
367,626,1,2025-05-16
368,627,1,2025-11-06
369,629,1,2026-02-03
370,630,1,2025-09-22
371,631,1,2026-02-11
372,633,1,2025-06-07
373,638,1,2025-08-29
374,640,1,2026-01-27
375,642,1,2025-03-12
376,644,1,2025-11-06
377,645,1,2025-10-04
378,647,1,2026-03-10
379,648,1,2026-02-06
380,649,1,2025-07-02
381,651,1,2025-07-04
382,653,1,2025-03-18
383,654,1,2026-02-01
384,656,1,2025-10-19
385,657,1,2025-06-12
386,659,1,2025-10-03
387,663,1,2026-03-15
388,664,1,2025-10-30
389,665,1,2026-01-26
390,667,1,2025-12-06
391,668,1,2025-08-03
392,669,1,2025-08-14
393,672,1,2025-11-18
394,673,1,2025-12-06
395,674,1,2025-10-28
396,675,1,2025-06-18
397,676,1,2025-12-28
398,677,1,2026-02-04
399,679,1,2026-03-08
400,681,1,2026-02-13
401,687,1,2025-12-01
402,688,1,2025-11-06
403,690,1,2025-03-15
404,691,1,2026-02-21
405,692,1,2025-10-31
406,693,1,2025-05-14
407,695,1,2025-04-28
408,697,1,2025-05-09
409,698,1,2025-05-17
410,699,1,2026-01-06
411,700,1,2025-11-05
412,701,1,2025-08-27
413,702,1,2026-02-01
414,704,1,2025-03-21
415,707,1,2025-07-01
416,708,1,2025-08-29
417,709,1,2025-06-18
418,710,1,2025-08-18
419,711,1,2025-07-03
420,713,1,2025-12-02
421,714,1,2025-08-09
422,715,1,2025-03-15
423,719,1,2025-08-15
424,721,1,2025-07-23
425,722,1,2025-06-11
426,723,1,2025-12-28
427,726,1,2025-07-06
428,731,1,2025-12-12
429,733,1,2025-09-26
430,736,1,2025-09-12
431,737,1,2025-11-06
432,738,1,2025-08-20
433,740,1,2025-06-07
434,742,1,2025-05-17
435,743,1,2025-06-26
436,745,1,2025-08-26
437,746,1,2026-02-05
438,750,1,2025-03-25
439,751,1,2025-05-13
440,753,1,2025-08-26
441,755,1,2026-02-11
442,757,1,2025-12-27
443,759,1,2025-09-04
444,761,1,2026-01-04
445,762,1,2025-10-24
446,763,1,2026-01-12
447,765,1,2026-01-16
448,766,1,2026-01-14
449,768,1,2025-07-18
450,770,1,2025-12-29
451,775,1,2025-06-22
452,779,1,2026-02-09
453,783,1,2025-08-06
454,784,1,2025-08-08
455,786,1,2025-04-12
456,788,1,2025-06-29
457,789,1,2025-04-11
458,790,1,2025-11-05
459,792,1,2025-04-06
460,794,1,2025-11-22
461,795,1,2025-06-04
462,798,1,2026-03-11
463,799,1,2025-05-13
464,800,1,2025-08-09
465,801,1,2026-02-15
466,802,1,2025-06-16
467,803,1,2025-05-15
468,807,1,2025-05-16
469,810,1,2025-11-04
470,811,1,2025-07-19
471,812,1,2025-12-04
472,814,1,2025-03-17
473,815,1,2025-06-19
474,817,1,2025-09-18
475,818,1,2026-03-11
476,819,1,2025-12-11
477,822,1,2025-08-02
478,825,1,2025-04-14
479,826,1,2025-06-28
480,828,1,2026-03-11
481,830,1,2025-07-17
482,831,1,2025-10-12
483,832,1,2025-12-26
484,833,1,2025-04-08
485,834,1,2025-12-25
486,835,1,2025-07-20
487,837,1,2025-12-17
488,838,1,2025-12-31
489,840,1,2025-06-06
490,842,1,2026-02-28
491,843,1,2026-02-06
492,845,1,2025-05-18
493,846,1,2026-02-11
494,849,1,2026-02-13
495,850,1,2025-06-14
496,851,1,2025-09-04
497,852,1,2025-11-17
498,853,1,2025-12-30
499,854,1,2025-09-15
500,856,1,2025-08-28
501,857,1,2025-10-18
502,858,1,2025-09-07
503,859,1,2025-12-17
504,860,1,2025-05-25
505,861,1,2025-06-27
506,863,1,2025-09-17
507,864,1,2025-08-09
508,866,1,2025-08-27
509,867,1,2025-09-19
510,868,1,2025-07-01
511,869,1,2025-09-22
512,870,1,2025-10-27
513,871,1,2025-09-15
514,873,1,2025-07-19
515,874,1,2026-01-15
516,875,1,2025-10-22
517,877,1,2025-09-25
518,878,1,2025-03-28
519,880,1,2025-09-11
520,883,1,2025-04-08
521,887,1,2025-10-16
522,889,1,2025-03-26
523,891,1,2025-05-11
524,892,1,2026-01-19
525,893,1,2026-01-01
526,894,1,2026-02-10
527,895,1,2025-11-24
528,896,1,2025-05-12
529,897,1,2025-09-03
530,898,1,2026-01-25
531,899,1,2025-07-11
532,900,1,2026-02-19
533,903,1,2025-07-26
534,905,1,2025-08-06
535,906,1,2025-04-28
536,907,1,2025-05-24
537,910,1,2025-06-05
538,911,1,2025-03-28
539,912,1,2025-07-18
540,913,1,2025-05-19
541,915,1,2025-04-18
542,917,1,2025-09-24
543,918,1,2025-03-11
544,920,1,2026-03-12
545,921,1,2025-06-25
546,922,1,2025-10-15
547,924,1,2025-10-16
548,925,1,2025-10-26
549,926,1,2026-03-14
550,927,1,2025-11-15
551,928,1,2025-05-15
552,929,1,2026-01-01
553,930,1,2025-05-07
554,932,1,2025-08-15
555,933,1,2025-09-12
556,937,1,2025-07-31
557,940,1,2025-10-05
558,943,1,2026-03-01
559,945,1,2025-12-08
560,946,1,2025-04-16
561,947,1,2025-07-10
562,951,2,2025-09-18
563,952,2,2025-09-05
564,953,2,2025-11-01
565,955,2,2026-02-13
566,957,2,2025-11-20
567,960,2,2025-07-16
568,961,2,2025-10-02
569,965,2,2025-05-28
570,966,2,2025-09-05
571,969,2,2025-04-15
572,971,2,2025-07-28
573,972,2,2025-06-07
574,973,2,2025-08-25
575,974,2,2025-05-11
576,975,2,2025-12-19
577,977,2,2025-04-22
578,978,2,2026-03-10
579,979,2,2025-12-28
580,982,2,2025-06-22
581,983,2,2026-03-14
582,984,2,2025-07-07
583,985,2,2026-02-08
584,989,2,2025-08-27
585,990,2,2026-01-12
586,993,2,2025-04-04
587,995,2,2025-10-11
588,999,2,2026-01-07
589,1001,2,2025-06-12
590,1003,2,2025-08-15
591,1005,2,2025-09-21
592,1009,2,2026-02-22
593,1010,2,2025-03-12
594,1011,2,2025-07-22
595,1012,2,2025-06-30
596,1014,2,2026-03-05
597,1015,2,2025-05-12
598,1017,2,2025-05-11
599,1018,2,2025-09-08
600,1020,2,2025-05-02
601,1021,2,2025-06-10
602,1022,2,2026-03-11
603,1023,2,2025-11-26
604,1024,2,2025-07-03
605,1025,2,2025-04-02
606,1027,2,2025-11-11
607,1028,2,2025-11-08
608,1029,2,2026-02-15
609,1032,2,2025-05-08
610,1034,2,2025-11-11
611,1035,2,2026-01-15
612,1036,2,2025-04-12
613,1038,2,2025-03-15
614,1040,2,2025-07-04
615,1041,2,2025-04-19
616,1042,2,2025-05-25
617,1044,2,2025-05-21
618,1046,2,2025-11-01
619,1047,2,2026-02-02
620,1050,2,2025-07-09
621,1052,2,2025-07-21
622,1053,2,2025-09-07
623,1055,2,2025-04-17
624,1057,2,2025-04-10
625,1058,2,2025-04-06
626,1061,2,2026-01-21
627,1062,2,2025-10-14
628,1063,2,2025-08-26
629,1065,2,2025-06-11
630,1066,2,2026-01-27
631,1067,2,2025-07-27
632,1068,2,2026-03-07
633,1069,2,2025-05-20
634,1071,2,2025-03-19
635,1074,2,2025-06-12
636,1075,2,2025-06-14
637,1077,2,2026-03-05
638,1078,2,2025-03-26
639,1079,2,2025-07-09
640,1081,2,2025-11-27
641,1083,2,2025-08-09
642,1084,2,2026-01-21
643,1087,2,2025-05-15
644,1089,2,2026-01-11
645,1091,2,2025-09-23
646,1093,2,2025-06-01
647,1094,2,2025-08-18
648,1097,2,2025-06-09
649,1101,2,2025-12-25
650,1102,2,2025-08-05
651,1103,2,2025-11-29
652,1105,2,2025-09-03
653,1106,2,2025-12-31
654,1107,2,2025-11-01
655,1108,2,2025-11-23
656,1110,2,2025-08-17
657,1115,2,2025-09-24
658,1116,2,2026-02-05
659,1117,2,2025-10-24
660,1120,2,2025-03-23
661,1121,2,2025-06-04
662,1122,2,2025-08-07
663,1123,2,2025-11-10
664,1124,2,2025-12-03
665,1125,2,2025-04-13
666,1126,2,2025-07-22
667,1129,2,2026-03-03
668,1130,2,2025-10-14
669,1131,2,2025-08-21
670,1132,2,2025-12-26
671,1133,2,2026-01-25
672,1134,2,2025-05-11
673,1135,2,2025-07-01
674,1137,2,2025-03-10
675,1139,2,2025-12-10
676,1142,2,2025-03-10
677,1143,2,2026-03-15
678,1144,2,2025-08-11
679,1147,2,2025-06-07
680,1151,2,2025-06-12
681,1152,2,2026-02-22
682,1153,2,2025-03-10
683,1160,2,2025-12-29
684,1161,2,2025-08-19
685,1162,2,2025-07-14
686,1163,2,2025-08-04
687,1164,2,2025-06-24
688,1165,2,2025-06-13
689,1167,2,2025-06-15
690,1168,2,2025-08-25
691,1171,2,2025-07-24
692,1172,2,2026-01-31
693,1173,2,2025-10-19
694,1174,2,2025-07-28
695,1176,2,2025-11-06
696,1178,2,2025-12-01
697,1180,2,2026-02-04
698,1181,2,2025-09-15
699,1182,2,2025-09-06
700,1185,2,2025-06-17
701,1188,2,2025-05-14
702,1189,2,2025-04-27
703,1190,2,2025-04-14
704,1191,2,2025-11-14
705,1192,2,2025-12-26
706,1193,2,2025-08-31
707,1195,2,2025-04-15
708,1196,2,2025-06-26
709,1197,2,2026-03-04
710,1199,2,2025-09-01
711,1200,2,2025-08-15
712,1203,2,2026-02-20
713,1206,2,2025-12-05
714,1207,2,2025-07-03
715,1211,2,2025-10-23
716,1213,2,2025-09-22
717,1214,2,2026-01-12
718,1215,2,2025-09-01
719,1216,2,2025-11-04
720,1217,2,2025-11-29
721,1218,2,2026-02-01
722,1219,2,2025-07-01
723,1221,2,2025-08-09
724,1228,2,2025-06-02
725,1229,2,2025-04-02
726,1233,2,2026-01-09
727,1234,2,2025-10-21
728,1235,2,2025-12-11
729,1237,2,2026-02-03
730,1238,2,2025-09-12
731,1239,2,2025-06-01
732,1241,2,2025-08-22
733,1243,2,2025-04-02
734,1244,2,2025-09-16
735,1246,2,2026-01-22
736,1248,2,2025-05-30
737,1249,2,2025-12-12
738,1251,2,2025-07-08
739,1252,2,2025-03-25
740,1253,2,2025-05-21
741,1255,2,2025-07-18
742,1257,2,2025-10-05
743,1260,2,2025-05-25
744,1262,2,2025-05-10
745,1265,2,2025-11-26
746,1266,2,2025-08-05
747,1267,2,2025-08-01
748,1269,2,2025-08-29
749,1270,2,2025-12-09
750,1271,2,2025-08-18
751,1272,2,2025-03-31
752,1273,2,2025-12-19
753,1274,2,2025-08-21
754,1275,2,2025-12-08
755,1276,2,2025-11-08
756,1277,2,2025-12-12
757,1278,2,2026-02-15
758,1280,2,2026-01-21
759,1282,2,2025-07-27
760,1283,2,2025-12-14
761,1284,2,2025-03-18
762,1285,2,2025-12-01
763,1286,2,2025-10-17
764,1287,2,2025-07-17
765,1289,2,2025-12-17
766,1290,2,2025-08-02
767,1291,2,2025-08-10
768,1292,2,2025-11-02
769,1293,2,2025-11-04
770,1294,2,2025-08-02
771,1296,2,2025-04-22
772,1297,2,2025-04-14
773,1298,2,2025-08-07
774,1299,2,2025-07-03
775,1300,2,2025-09-04
776,1302,2,2026-01-30
777,1304,2,2025-03-13
778,1308,2,2025-09-06
779,1310,2,2025-06-29
780,1311,2,2025-04-10
781,1312,2,2025-10-30
782,1314,2,2025-03-29
783,1316,2,2025-11-02
784,1317,2,2025-12-29
785,1318,2,2025-09-12
786,1321,2,2025-05-31
787,1325,2,2025-08-29
788,1327,2,2025-10-21
789,1328,2,2026-02-13
790,1330,2,2025-04-09
791,1332,2,2025-05-20
792,1333,2,2026-02-08
793,1334,2,2025-11-11
794,1335,2,2026-02-22
795,1337,2,2025-05-30
796,1338,2,2025-08-15
797,1342,2,2025-09-03
798,1343,2,2025-05-08
799,1345,2,2025-03-12
800,1346,2,2025-09-18
801,1347,2,2025-03-31
802,1348,2,2025-03-28
803,1349,2,2025-07-25
804,1351,2,2025-07-19
805,1352,2,2025-06-16
806,1353,2,2025-07-18
807,1354,2,2025-10-14
808,1356,2,2025-08-03
809,1358,2,2025-06-27
810,1359,2,2026-02-22
811,1360,2,2025-07-24
812,1361,2,2025-10-26
813,1362,2,2025-08-04
814,1364,2,2025-10-19
815,1366,2,2025-11-27
816,1371,2,2025-04-04
817,1372,2,2025-05-14
818,1373,2,2025-09-21
819,1374,2,2025-08-23
820,1375,2,2025-03-18
821,1376,2,2025-08-10
822,1377,2,2026-01-07
823,1381,2,2025-07-30
824,1383,2,2025-04-30
825,1384,2,2026-02-21
826,1385,2,2025-08-31
827,1386,2,2025-12-31
828,1387,2,2025-05-22
829,1389,2,2026-02-27
830,1390,2,2025-04-29
831,1391,2,2025-12-03
832,1393,2,2026-02-25
833,1394,2,2025-08-29
834,1395,2,2025-05-04
835,1397,2,2026-02-08
836,1398,2,2025-03-11
837,1399,2,2026-01-11
838,1400,2,2025-03-29
839,1401,2,2025-10-01
840,1402,2,2025-07-16
841,1405,2,2025-10-11
842,1411,2,2025-05-07
843,1415,2,2025-08-04
844,1417,2,2025-11-19
845,1419,2,2026-03-14
846,1420,2,2026-01-24
847,1421,2,2026-01-09
848,1424,2,2025-11-09
849,1426,2,2026-02-06
850,1428,2,2025-07-17
851,1429,2,2025-11-19
852,1430,2,2025-12-26
853,1432,2,2025-06-19
854,1434,2,2025-11-21
855,1436,2,2025-11-19
856,1437,2,2025-12-14
857,1439,2,2026-01-17
858,1440,2,2025-07-02
859,1441,2,2025-12-23
860,1442,2,2025-12-11
861,1444,2,2026-01-24
862,1445,2,2025-10-06
863,1447,2,2026-03-05
864,1455,2,2025-11-26
865,1458,2,2025-06-28
866,1461,2,2025-08-26
867,1462,2,2025-11-01
868,1463,2,2025-12-03
869,1464,2,2026-01-01
870,1466,2,2025-12-15
871,1467,2,2026-03-15
872,1468,2,2025-12-30
873,1469,2,2025-12-09
874,1476,2,2025-09-19
875,1478,2,2026-01-06
876,1479,2,2025-10-27
877,1480,2,2025-05-31
878,1481,2,2026-02-17
879,1483,2,2026-03-01
880,1484,2,2025-10-10
881,1485,2,2025-03-24
882,1486,2,2025-07-01
883,1488,2,2026-02-27
884,1489,2,2025-06-06
885,1491,2,2025-05-08
886,1492,2,2025-03-26
887,1494,2,2025-11-07
888,1495,2,2025-07-01
889,1498,2,2025-07-25
890,1500,2,2026-01-27
891,1501,2,2026-03-02
892,1502,2,2025-08-14
893,1504,2,2026-01-05
894,1506,2,2025-08-21
895,1507,2,2026-01-19
896,1508,2,2025-04-21
897,1511,2,2025-05-17
898,1513,2,2025-12-07
899,1514,2,2025-08-22
900,1516,2,2025-10-12
901,1518,2,2025-07-27
902,1520,2,2025-06-21
903,1521,2,2025-05-24
904,1523,2,2025-10-28
905,1524,2,2025-12-31
906,1526,2,2025-08-26
907,1527,2,2026-01-07
908,1529,2,2025-11-14
909,1532,2,2025-09-12
910,1535,2,2026-03-08
911,1536,2,2026-03-08
912,1537,2,2025-03-29
913,1538,2,2025-08-05
914,1540,2,2026-03-01
915,1541,2,2025-09-03
916,1542,2,2025-09-25
917,1543,2,2026-01-05
918,1544,2,2025-06-24
919,1545,2,2025-09-29
920,1546,2,2026-03-04
921,1547,2,2026-02-24
922,1549,2,2025-07-23
923,1550,2,2025-03-28
924,1552,2,2026-01-11
925,1553,2,2026-01-21
926,1554,2,2025-11-21
927,1561,2,2025-08-11
928,1563,2,2025-09-10
929,1564,2,2025-10-23
930,1565,2,2025-03-12
931,1566,2,2026-02-13
932,1567,2,2025-11-20
933,1569,2,2025-11-13
934,1570,2,2025-10-12
935,1572,2,2026-02-11
936,1573,2,2025-12-07
937,1578,2,2025-04-07
938,1579,2,2025-12-26
939,1581,2,2025-07-03
940,1583,2,2025-06-26
941,1584,2,2025-10-20
942,1586,2,2025-08-22
943,1591,2,2025-05-03
944,1593,2,2025-04-01
945,1594,2,2025-07-10
946,1595,2,2025-05-27
947,1596,2,2026-03-02
948,1598,2,2025-11-06
949,1600,2,2025-03-11
950,1601,2,2025-10-10
951,1604,2,2025-03-31
952,1607,2,2025-08-09
953,1608,2,2025-06-23
954,1609,2,2025-10-12
955,1610,2,2025-08-26
956,1613,2,2025-12-29
957,1615,2,2025-06-18
958,1619,2,2025-11-28
959,1620,2,2025-09-15
960,1623,2,2025-04-29
961,1628,2,2025-12-22
962,1629,2,2025-08-29
963,1631,2,2025-04-24
964,1633,2,2025-09-27
965,1635,2,2025-10-19
966,1636,2,2025-08-03
967,1638,2,2025-07-15
968,1639,2,2026-01-05
969,1640,2,2025-12-04
970,1641,2,2025-09-16
971,1642,2,2026-03-15
972,1643,2,2025-07-28
973,1645,2,2025-03-21
974,1646,2,2025-06-30
975,1647,2,2025-06-05
976,1648,2,2025-11-02
977,1652,2,2025-07-20
978,1653,2,2025-03-18
979,1654,2,2025-09-07
980,1657,2,2026-02-21
981,1658,2,2025-11-30
982,1659,2,2025-11-19
983,1665,2,2025-07-06
984,1669,2,2025-12-27
985,1672,2,2025-05-30
986,1674,2,2025-06-01
987,1675,2,2025-09-14
988,1676,2,2025-11-15
989,1677,2,2026-01-10
990,1678,2,2025-10-16
991,1680,2,2025-04-25
992,1681,2,2025-04-24
993,1682,2,2025-08-28
994,1684,2,2025-08-05
995,1685,2,2025-03-19
996,1686,2,2025-05-31
997,1687,2,2026-01-08
998,1688,2,2025-09-22
999,1693,2,2025-10-03
1000,1694,2,2025-08-15
1001,1698,2,2025-09-03
1002,1702,2,2025-07-24
1003,1706,2,2026-03-09
1004,1707,2,2025-04-17
1005,1708,2,2026-01-11
1006,1709,2,2025-12-13
1007,1711,2,2025-08-24
1008,1714,2,2026-02-01
1009,1715,2,2026-02-01
1010,1716,2,2025-10-25
1011,1717,2,2025-09-22
1012,1719,2,2025-03-24
1013,1720,2,2025-03-17
1014,1722,2,2025-05-12
1015,1723,2,2025-08-30
1016,1724,2,2025-08-04
1017,1725,2,2025-12-03
1018,1727,2,2025-08-30
1019,1729,2,2026-01-20
1020,1730,2,2025-08-05
1021,1731,2,2025-08-05
1022,1732,2,2025-08-11
1023,1733,2,2025-09-26
1024,1734,2,2025-04-08
1025,1735,2,2025-11-03
1026,1736,2,2026-03-03
1027,1737,2,2025-12-03
1028,1738,2,2026-01-18
1029,1740,2,2025-05-06
1030,1745,2,2026-01-04
1031,1746,2,2025-11-20
1032,1747,2,2026-02-01
1033,1750,2,2026-02-14
1034,1751,2,2025-10-01
1035,1752,2,2025-08-25
1036,1753,2,2025-04-07
1037,1754,2,2025-03-22
1038,1755,2,2025-12-24
1039,1756,2,2025-04-17
1040,1758,2,2025-12-14
1041,1760,2,2025-05-12
1042,1763,2,2025-05-08
1043,1764,2,2025-12-13
1044,1767,2,2025-12-25
1045,1768,2,2025-05-20
1046,1770,2,2025-08-09
1047,1772,2,2025-10-07
1048,1773,2,2025-12-08
1049,1780,2,2025-10-14
1050,1783,2,2025-08-21
1051,1784,2,2026-02-02
1052,1785,2,2025-03-16
1053,1787,2,2025-04-29
1054,1788,2,2025-11-08
1055,1789,2,2026-03-01
1056,1792,2,2025-04-05
1057,1794,2,2025-12-31
1058,1795,2,2025-07-11
1059,1796,2,2025-10-30
1060,1797,2,2025-04-26
1061,1799,2,2025-11-17
1062,1800,2,2026-03-03
1063,1803,2,2025-03-12
1064,1807,2,2025-09-01
1065,1808,2,2025-10-05
1066,1809,2,2025-11-27
1067,1810,2,2025-08-12
1068,1815,2,2025-08-17
1069,1816,2,2025-06-06
1070,1817,2,2025-11-02
1071,1819,2,2025-07-02
1072,1820,2,2025-12-13
1073,1821,2,2025-04-06
1074,1822,2,2025-04-03
1075,1823,2,2025-05-25
1076,1824,2,2025-03-28
1077,1828,2,2026-01-01
1078,1831,2,2025-03-18
1079,1832,2,2025-12-29
1080,1834,2,2025-03-15
1081,1835,2,2026-01-07
1082,1836,2,2025-07-21
1083,1838,2,2025-06-12
1084,1841,2,2026-03-13
1085,1843,2,2025-04-27
1086,1844,2,2025-03-22
1087,1847,2,2025-05-17
1088,1848,2,2026-02-24
1089,1849,2,2025-08-16
1090,1850,2,2025-11-22
1091,1851,2,2025-07-03
1092,1853,2,2026-01-09
1093,1854,2,2026-01-13
1094,1856,2,2025-06-27
1095,1857,2,2025-06-20
1096,1858,2,2025-08-31
1097,1860,2,2025-12-24
1098,1861,2,2025-08-28
1099,1862,2,2026-02-15
1100,1863,2,2025-06-06
1101,1868,2,2025-11-26
1102,1869,2,2025-05-10
1103,1872,2,2025-05-27
1104,1873,2,2025-10-30
1105,1874,2,2025-04-10
1106,1875,2,2025-04-07
1107,1876,2,2025-05-28
1108,1877,2,2025-08-14
1109,1879,2,2025-07-29
1110,1880,2,2025-12-22
1111,1882,2,2025-11-19
1112,1883,2,2025-06-13
1113,1884,2,2025-06-20
1114,1885,2,2025-05-11
1115,1887,2,2025-12-17
1116,1889,2,2025-08-06
1117,1892,2,2025-09-09
1118,1894,2,2025-07-09
1119,1895,2,2025-05-15
1120,1896,2,2025-07-06
1121,1898,2,2025-04-12
1122,1901,3,2025-04-01
1123,1904,3,2025-08-01
1124,1908,3,2025-08-11
1125,1909,3,2025-03-17
1126,1912,3,2025-10-20
1127,1913,3,2025-10-25
1128,1914,3,2025-10-18
1129,1915,3,2025-10-12
1130,1916,3,2025-03-11
1131,1920,3,2025-10-15
1132,1922,3,2025-07-11
1133,1923,3,2025-03-19
1134,1924,3,2025-03-15
1135,1925,3,2025-12-06
1136,1926,3,2025-11-21
1137,1927,3,2025-06-23
1138,1928,3,2025-12-07
1139,1931,3,2025-04-10
1140,1933,3,2025-06-10
1141,1934,3,2026-01-06
1142,1935,3,2025-11-23
1143,1936,3,2025-06-14
1144,1937,3,2025-09-23
1145,1939,3,2026-02-04
1146,1940,3,2025-05-03
1147,1941,3,2026-01-06
1148,1944,3,2025-07-30
1149,1945,3,2026-01-08
1150,1947,3,2025-05-04
1151,1948,3,2025-05-17
1152,1949,3,2025-08-09
1153,1950,3,2025-09-20
1154,1951,3,2026-02-10
1155,1952,3,2025-07-13
1156,1955,3,2025-07-18
1157,1956,3,2026-02-16
1158,1957,3,2026-02-17
1159,1958,3,2025-04-21
1160,1960,3,2025-10-22
1161,1962,3,2026-01-19
1162,1963,3,2026-01-01
1163,1965,3,2025-04-23
1164,1966,3,2025-12-06
1165,1967,3,2025-11-10
1166,1968,3,2025-09-03
1167,1970,3,2025-04-10
1168,1972,3,2026-03-15
1169,1973,3,2025-04-12
1170,1974,3,2025-09-24
1171,1975,3,2025-04-19
1172,1976,3,2025-04-07
1173,1977,3,2026-01-25
1174,1980,3,2026-02-06
1175,1982,3,2025-03-21
1176,1983,3,2025-07-24
1177,1985,3,2025-07-13
1178,1986,3,2025-08-20
1179,1989,3,2025-11-01
1180,1990,3,2025-07-29
1181,1993,3,2026-02-02
1182,1995,3,2025-10-25
1183,1996,3,2025-06-17
1184,1997,3,2025-03-25
1185,1999,3,2025-04-30
1186,2000,3,2025-11-06
1187,2002,3,2025-04-29
1188,2004,3,2025-05-29
1189,2007,3,2025-05-23
1190,2008,3,2025-08-16
1191,2009,3,2025-04-07
1192,2011,3,2025-03-30
1193,2013,3,2025-06-10
1194,2014,3,2025-03-15
1195,2018,3,2025-07-27
1196,2019,3,2025-04-26
1197,2020,3,2025-10-15
1198,2021,3,2025-04-27
1199,2022,3,2025-07-19
1200,2023,3,2025-08-07
1201,2024,3,2026-03-04
1202,2025,3,2025-04-23
1203,2026,3,2025-03-24
1204,2027,3,2025-12-05
1205,2028,3,2025-10-21
1206,2029,3,2025-11-25
1207,2030,3,2025-10-18
1208,2031,3,2025-10-06
1209,2034,3,2025-05-13
1210,2036,3,2025-09-05
1211,2038,3,2025-05-25
1212,2039,3,2025-10-14
1213,2040,3,2025-03-31
1214,2041,3,2025-12-08
1215,2042,3,2025-03-31
1216,2043,3,2025-10-30
1217,2044,3,2025-11-07
1218,2045,3,2025-11-13
1219,2046,3,2025-06-26
1220,2048,3,2026-03-12
1221,2050,3,2026-02-12
1222,2052,3,2025-09-14
1223,2053,3,2026-01-09
1224,2054,3,2025-12-23
1225,2056,3,2025-05-04
1226,2057,3,2025-06-20
1227,2059,3,2025-07-14
1228,2061,3,2025-10-15
1229,2063,3,2026-01-24
1230,2064,3,2025-12-13
1231,2066,3,2025-06-21
1232,2069,3,2025-12-06
1233,2071,3,2026-01-10
1234,2073,3,2025-08-14
1235,2076,3,2025-03-11
1236,2077,3,2025-05-10
1237,2079,3,2025-05-19
1238,2082,3,2025-09-25
1239,2085,3,2025-10-16
1240,2088,3,2025-12-17
1241,2089,3,2026-01-18
1242,2090,3,2025-04-21
1243,2093,3,2025-11-04
1244,2096,3,2025-12-27
1245,2098,3,2025-05-14
1246,2099,3,2025-04-24
1247,2101,3,2025-06-24
1248,2103,3,2025-12-25
1249,2105,3,2025-09-09
1250,2106,3,2026-01-19
1251,2108,3,2025-06-19
1252,2110,3,2025-08-05
1253,2114,3,2025-05-18
1254,2115,3,2026-02-14
1255,2116,3,2025-07-15
1256,2117,3,2025-08-27
1257,2118,3,2025-07-07
1258,2119,3,2025-10-11
1259,2120,3,2025-10-23
1260,2122,3,2025-04-19
1261,2123,3,2025-09-15
1262,2124,3,2026-01-18
1263,2126,3,2025-07-28
1264,2127,3,2026-03-10
1265,2128,3,2025-05-28
1266,2129,3,2026-03-14
1267,2130,3,2025-05-27
1268,2131,3,2025-07-12
1269,2132,3,2025-11-27
1270,2134,3,2025-04-07
1271,2136,3,2025-08-02
1272,2139,3,2025-11-27
1273,2144,3,2025-07-17
1274,2147,3,2025-06-24
1275,2148,3,2025-05-05
1276,2149,3,2026-02-06
1277,2150,3,2025-11-17
1278,2151,3,2025-08-08
1279,2152,3,2025-11-06
1280,2153,3,2025-09-23
1281,2154,3,2025-10-01
1282,2156,3,2026-03-06
1283,2158,3,2025-11-28
1284,2159,3,2025-05-02
1285,2161,3,2025-12-29
1286,2162,3,2025-05-19
1287,2163,3,2025-03-20
1288,2164,3,2025-10-30
1289,2165,3,2025-10-02
1290,2167,3,2026-03-15
1291,2169,3,2025-05-01
1292,2170,3,2025-03-31
1293,2173,3,2025-09-15
1294,2174,3,2025-11-24
1295,2176,3,2026-01-13
1296,2177,3,2025-07-24
1297,2178,3,2025-08-06
1298,2179,3,2025-10-16
1299,2183,3,2025-06-10
1300,2184,3,2025-04-22
1301,2185,3,2026-03-10
1302,2186,3,2025-04-15
1303,2187,3,2025-03-29
1304,2190,3,2025-08-06
1305,2192,3,2025-04-25
1306,2193,3,2025-04-24
1307,2194,3,2025-10-11
1308,2196,3,2025-09-21
1309,2197,3,2025-06-06
1310,2198,3,2025-10-13
1311,2199,3,2025-07-29
1312,2200,3,2025-10-28
1313,2202,3,2026-02-17
1314,2204,3,2025-10-19
1315,2205,3,2025-08-22
1316,2207,3,2025-09-29
1317,2209,3,2025-04-24
1318,2210,3,2025-12-06
1319,2212,3,2025-03-26
1320,2213,3,2025-06-22
1321,2214,3,2025-04-18
1322,2217,3,2025-10-24
1323,2219,3,2025-05-05
1324,2220,3,2025-03-23
1325,2221,3,2025-03-17
1326,2225,3,2026-01-03
1327,2226,3,2025-07-21
1328,2227,3,2025-08-08
1329,2229,3,2026-01-30
1330,2232,3,2025-11-14
1331,2233,3,2025-07-25
1332,2235,3,2025-11-12
1333,2236,3,2025-12-29
1334,2240,3,2025-07-27
1335,2241,3,2025-09-06
1336,2243,3,2025-09-23
1337,2246,3,2026-03-13
1338,2247,3,2025-06-14
1339,2249,3,2025-10-23
1340,2250,3,2025-04-05
1341,2252,3,2025-04-07
1342,2253,3,2025-04-19
1343,2255,3,2025-12-19
1344,2256,3,2025-10-23
1345,2257,3,2025-12-27
1346,2259,3,2025-04-15
1347,2261,3,2026-01-15
1348,2262,3,2025-07-29
1349,2264,3,2025-07-10
1350,2265,3,2025-07-26
1351,2267,3,2025-06-11
1352,2270,3,2025-06-22
1353,2272,3,2026-03-12
1354,2273,3,2025-06-29
1355,2275,3,2025-12-10
1356,2278,3,2025-07-29
1357,2279,3,2025-12-12
1358,2281,3,2025-09-23
1359,2282,3,2025-09-29
1360,2283,3,2025-07-22
1361,2285,3,2025-11-06
1362,2287,3,2025-07-11
1363,2288,3,2025-03-14
1364,2289,3,2025-03-13
1365,2290,3,2025-10-19
1366,2292,3,2025-05-22
1367,2294,3,2026-01-04
1368,2296,3,2025-03-23
1369,2301,3,2025-05-03
1370,2303,3,2026-01-22
1371,2309,3,2025-10-20
1372,2310,3,2025-04-13
1373,2312,3,2026-01-21
1374,2317,3,2025-04-14
1375,2318,3,2025-12-25
1376,2320,3,2026-01-16
1377,2322,3,2025-07-17
1378,2326,3,2025-03-29
1379,2328,3,2025-07-01
1380,2331,3,2025-05-03
1381,2333,3,2025-06-05
1382,2334,3,2025-05-22
1383,2335,3,2025-10-26
1384,2336,3,2025-09-10
1385,2337,3,2026-03-14
1386,2339,3,2026-02-16
1387,2340,3,2025-09-28
1388,2341,3,2025-07-30
1389,2342,3,2026-02-12
1390,2346,3,2025-05-01
1391,2347,3,2025-11-25
1392,2348,3,2025-09-17
1393,2349,3,2026-02-04
1394,2350,3,2025-04-17
1395,2353,3,2025-05-08
1396,2354,3,2025-11-24
1397,2356,3,2025-09-25
1398,2359,3,2025-08-19
1399,2360,3,2025-08-25
1400,2362,3,2025-11-15
1401,2363,3,2025-04-28
1402,2364,3,2025-04-26
1403,2365,3,2025-07-14
1404,2367,3,2025-09-15
1405,2369,3,2025-07-15
1406,2370,3,2026-02-13
1407,2372,3,2026-02-11
1408,2373,3,2025-03-20
1409,2374,3,2025-06-03
1410,2376,3,2025-07-21
1411,2377,3,2025-07-11
1412,2378,3,2026-01-31
1413,2380,3,2025-07-31
1414,2382,3,2025-03-26
1415,2383,3,2025-07-09
1416,2384,3,2025-04-27
1417,2385,3,2025-08-18
1418,2387,3,2025-08-26
1419,2389,3,2025-08-11
1420,2390,3,2025-08-05
1421,2391,3,2025-09-05
1422,2393,3,2025-10-29
1423,2395,3,2025-11-07
1424,2396,3,2026-01-29
1425,2398,3,2025-06-04
1426,2400,3,2026-02-27
1427,2401,3,2025-11-07
1428,2402,3,2025-11-18
1429,2403,3,2025-03-22
1430,2405,3,2025-07-06
1431,2407,3,2025-10-02
1432,2408,3,2025-08-12
1433,2409,3,2025-12-17
1434,2412,3,2025-04-21
1435,2413,3,2026-02-27
1436,2414,3,2025-06-02
1437,2415,3,2025-12-25
1438,2417,3,2025-06-02
1439,2418,3,2025-10-22
1440,2419,3,2026-03-06
1441,2420,3,2025-07-20
1442,2422,3,2025-05-14
1443,2424,3,2025-09-14
1444,2425,3,2025-08-31
1445,2427,3,2025-05-03
1446,2428,3,2025-07-30
1447,2432,3,2025-10-26
1448,2434,3,2025-05-20
1449,2435,3,2025-07-19
1450,2436,3,2025-12-07
1451,2437,3,2025-10-27
1452,2438,3,2025-08-01
1453,2439,3,2025-09-23
1454,2440,3,2025-11-20
1455,2441,3,2025-07-19
1456,2442,3,2025-12-26
1457,2444,3,2025-08-10
1458,2445,3,2025-07-28
1459,2447,3,2025-03-22
1460,2448,3,2026-01-04
1461,2450,3,2025-04-07
1462,2451,3,2025-11-29
1463,2453,3,2025-06-27
1464,2454,3,2025-03-17
1465,2457,3,2025-06-22
1466,2459,3,2025-08-05
1467,2460,3,2026-01-24
1468,2461,3,2025-04-24
1469,2462,3,2025-07-11
1470,2464,3,2025-12-13
1471,2468,3,2025-05-04
1472,2470,3,2026-02-16
1473,2472,3,2025-12-12
1474,2473,3,2025-10-20
1475,2477,3,2025-10-12
1476,2478,3,2026-02-09
1477,2479,3,2025-04-09
1478,2480,3,2026-03-15
1479,2481,3,2025-08-23
1480,2482,3,2025-09-24
1481,2483,3,2025-11-17
1482,2484,3,2025-05-12
1483,2485,3,2025-05-15
1484,2486,3,2025-03-13
1485,2489,3,2025-07-24
1486,2491,3,2025-05-08
1487,2492,3,2025-05-11
1488,2494,3,2025-11-03
1489,2495,3,2025-03-22
1490,2496,3,2026-02-11
1491,2497,3,2025-08-13
1492,2498,3,2025-10-03
1493,2502,3,2025-06-21
1494,2503,3,2025-04-06
1495,2505,3,2025-10-11
1496,2506,3,2025-09-16
1497,2508,3,2025-06-20
1498,2509,3,2025-07-13
1499,2510,3,2025-06-23
1500,2511,3,2025-07-20
1501,2515,3,2026-02-22
1502,2516,3,2025-12-27
1503,2518,3,2025-11-18
1504,2519,3,2026-01-24
1505,2521,3,2025-07-24
1506,2522,3,2025-04-06
1507,2524,3,2025-08-07
1508,2525,3,2025-05-10
1509,2526,3,2026-03-01
1510,2530,3,2026-01-25
1511,2532,3,2025-08-08
1512,2533,3,2025-06-10
1513,2535,3,2025-10-16
1514,2536,3,2025-04-21
1515,2538,3,2025-12-25
1516,2540,3,2025-03-15
1517,2541,3,2026-03-01
1518,2542,3,2025-11-13
1519,2543,3,2025-03-28
1520,2544,3,2025-10-22
1521,2545,3,2026-01-15
1522,2546,3,2025-03-26
1523,2547,3,2025-06-16
1524,2548,3,2025-04-25
1525,2549,3,2026-01-29
1526,2555,3,2026-01-16
1527,2556,3,2025-06-20
1528,2557,3,2025-11-17
1529,2559,3,2025-06-11
1530,2562,3,2026-01-14
1531,2564,3,2025-06-08
1532,2569,3,2025-05-27
1533,2570,3,2025-11-20
1534,2571,3,2025-12-13
1535,2572,3,2025-05-19
1536,2577,3,2025-06-27
1537,2582,3,2025-07-31
1538,2583,3,2025-11-10
1539,2585,3,2025-04-26
1540,2586,3,2025-09-23
1541,2587,3,2025-05-13
1542,2588,3,2026-01-19
1543,2590,3,2025-07-03
1544,2592,3,2025-04-19
1545,2593,3,2025-12-13
1546,2594,3,2025-09-16
1547,2596,3,2026-02-13
1548,2597,3,2025-12-02
1549,2599,3,2026-01-05
1550,2600,3,2025-10-06
1551,2601,3,2025-03-18
1552,2603,3,2025-09-04
1553,2604,3,2025-05-11
1554,2605,3,2025-04-15
1555,2606,3,2025-07-25
1556,2609,3,2025-12-12
1557,2610,3,2025-12-17
1558,2611,3,2025-10-30
1559,2612,3,2025-06-09
1560,2613,3,2026-02-07
1561,2614,3,2025-07-10
1562,2616,3,2025-08-11
1563,2617,3,2025-06-15
1564,2618,3,2025-04-09
1565,2619,3,2025-04-08
1566,2620,3,2025-12-30
1567,2621,3,2025-09-03
1568,2626,3,2025-07-23
1569,2627,3,2025-10-12
1570,2628,3,2025-06-05
1571,2630,3,2026-01-01
1572,2631,3,2025-10-18
1573,2632,3,2025-04-09
1574,2633,3,2025-04-24
1575,2634,3,2025-10-01
1576,2638,3,2025-12-21
1577,2640,3,2025-12-28
1578,2641,3,2026-02-12
1579,2644,3,2025-06-16
1580,2645,3,2026-02-12
1581,2646,3,2025-05-08
1582,2647,3,2025-10-18
1583,2650,3,2026-03-05
1584,2651,3,2025-07-29
1585,2656,3,2025-07-16
1586,2657,3,2026-01-03
1587,2658,3,2025-12-21
1588,2659,3,2025-07-27
1589,2660,3,2026-02-25
1590,2661,3,2025-05-23
1591,2663,3,2025-09-22
1592,2665,3,2025-10-31
1593,2667,3,2026-02-06
1594,2669,3,2025-12-15
1595,2672,3,2025-09-12
1596,2673,3,2025-04-28
1597,2675,3,2025-12-03
1598,2678,3,2025-07-24
1599,2679,3,2026-02-25
1600,2680,3,2025-09-11
1601,2683,3,2026-03-03
1602,2685,3,2025-12-09
1603,2686,3,2025-04-27
1604,2688,3,2025-05-11
1605,2691,3,2025-11-14
1606,2692,3,2025-12-01
1607,2696,3,2025-06-18
1608,2697,3,2025-10-30
1609,2698,3,2025-11-13
1610,2701,3,2025-04-08
1611,2706,3,2025-04-26
1612,2708,3,2025-12-24
1613,2709,3,2025-12-10
1614,2711,3,2025-12-30
1615,2715,3,2025-09-03
1616,2716,3,2025-08-07
1617,2717,3,2026-02-05
1618,2718,3,2025-05-23
1619,2719,3,2025-07-11
1620,2721,3,2025-06-13
1621,2722,3,2025-06-28
1622,2723,3,2025-11-27
1623,2724,3,2025-09-04
1624,2728,3,2025-04-27
1625,2730,3,2025-08-10
1626,2731,3,2025-07-19
1627,2733,3,2025-06-22
1628,2734,3,2026-02-08
1629,2735,3,2025-04-24
1630,2736,3,2025-12-27
1631,2737,3,2025-05-16
1632,2739,3,2025-12-30
1633,2740,3,2025-07-15
1634,2743,3,2025-09-03
1635,2744,3,2026-01-24
1636,2745,3,2026-02-09
1637,2747,3,2025-07-10
1638,2748,3,2025-04-18
1639,2750,3,2025-09-17
1640,2751,3,2025-05-03
1641,2753,3,2025-11-07
1642,2756,3,2025-08-17
1643,2757,3,2025-04-16
1644,2758,3,2025-05-16
1645,2760,3,2026-01-12
1646,2761,3,2025-04-24
1647,2762,3,2025-08-22
1648,2763,3,2025-03-15
1649,2764,3,2025-09-24
1650,2767,3,2026-02-02
1651,2769,3,2025-04-15
1652,2770,3,2025-09-30
1653,2771,3,2025-08-07
1654,2775,3,2025-07-15
1655,2779,3,2025-12-21
1656,2780,3,2025-03-11
1657,2781,3,2025-11-25
1658,2784,3,2025-05-16
1659,2787,3,2025-05-30
1660,2791,3,2025-10-11
1661,2792,3,2025-04-30
1662,2794,3,2026-01-27
1663,2795,3,2025-08-16
1664,2796,3,2025-03-23
1665,2798,3,2026-01-08
1666,2800,3,2025-12-29
1667,2801,3,2025-11-05
1668,2803,3,2025-04-27
1669,2805,3,2026-02-12
1670,2809,3,2025-12-31
1671,2810,3,2026-01-04
1672,2811,3,2025-11-19
1673,2812,3,2025-07-11
1674,2814,3,2025-11-04
1675,2815,3,2025-10-18
1676,2817,3,2025-10-28
1677,2822,3,2025-03-29
1678,2823,3,2025-06-03
1679,2827,3,2025-03-18
1680,2829,3,2026-02-12
1681,2833,3,2025-11-07
1682,2834,3,2025-03-30
1683,2835,3,2025-08-07
1684,2837,3,2025-07-17
1685,2840,3,2025-10-13
1686,2841,3,2025-09-10
1687,2845,3,2025-10-18
1688,2846,3,2025-12-01
1689,2849,3,2025-11-30
1690,2850,3,2025-04-24
1691,2852,4,2026-01-02
1692,2853,4,2025-10-06
1693,2854,4,2026-01-07
1694,2856,4,2026-01-04
1695,2858,4,2025-07-30
1696,2859,4,2025-06-12
1697,2863,4,2025-12-15
1698,2864,4,2026-02-26
1699,2866,4,2025-08-31
1700,2871,4,2026-03-02
1701,2873,4,2025-08-31
1702,2874,4,2025-06-05
1703,2875,4,2025-10-02
1704,2876,4,2025-08-13
1705,2877,4,2026-02-23
1706,2881,4,2025-07-15
1707,2884,4,2025-06-01
1708,2886,4,2025-12-14
1709,2888,4,2025-11-12
1710,2889,4,2026-03-07
1711,2890,4,2026-01-21
1712,2893,4,2025-11-23
1713,2894,4,2025-04-11
1714,2895,4,2025-10-01
1715,2896,4,2026-01-15
1716,2897,4,2025-06-15
1717,2898,4,2025-07-14
1718,2899,4,2025-04-13
1719,2903,4,2025-09-29
1720,2905,4,2025-06-17
1721,2906,4,2025-05-17
1722,2907,4,2026-01-02
1723,2909,4,2026-01-21
1724,2914,4,2026-02-15
1725,2915,4,2025-04-04
1726,2917,4,2025-12-30
1727,2918,4,2025-10-03
1728,2919,4,2026-02-21
1729,2921,4,2025-12-25
1730,2922,4,2025-07-04
1731,2925,4,2025-12-27
1732,2926,4,2025-04-20
1733,2930,4,2025-08-02
1734,2931,4,2025-06-13
1735,2932,4,2025-11-09
1736,2934,4,2026-03-11
1737,2936,4,2025-09-10
1738,2938,4,2025-03-15
1739,2939,4,2025-08-12
1740,2940,4,2025-05-07
1741,2942,4,2025-10-26
1742,2945,4,2025-11-29
1743,2947,4,2025-12-02
1744,2948,4,2025-12-15
1745,2949,4,2025-06-12
1746,2953,4,2025-10-07
1747,2954,4,2025-08-15
1748,2955,4,2025-09-24
1749,2956,4,2025-04-10
1750,2957,4,2025-06-13
1751,2958,4,2025-07-16
1752,2961,4,2025-06-12
1753,2963,4,2025-12-01
1754,2968,4,2025-07-25
1755,2969,4,2026-01-31
1756,2973,4,2025-05-19
1757,2975,4,2025-06-13
1758,2976,4,2025-12-20
1759,2984,4,2025-05-09
1760,2986,4,2025-09-09
1761,2988,4,2025-03-22
1762,2989,4,2025-10-24
1763,2990,4,2025-05-06
1764,2992,4,2025-05-18
1765,2993,4,2025-08-25
1766,2996,4,2025-05-30
1767,2997,4,2025-04-04
1768,2999,4,2025-08-16
1769,3000,4,2026-02-02
1770,3001,4,2025-08-03
1771,3002,4,2025-08-06
1772,3003,4,2025-11-07
1773,3004,4,2025-06-13
1774,3005,4,2026-02-01
1775,3006,4,2025-08-10
1776,3007,4,2025-10-14
1777,3009,4,2026-01-30
1778,3010,4,2025-10-26
1779,3013,4,2025-03-17
1780,3014,4,2025-12-27
1781,3015,4,2025-06-24
1782,3016,4,2025-06-22
1783,3017,4,2026-03-15
1784,3021,4,2025-12-06
1785,3023,4,2025-10-01
1786,3024,4,2025-08-17
1787,3028,4,2025-06-12
1788,3029,4,2025-10-01
1789,3031,4,2025-12-20
1790,3032,4,2025-05-18
1791,3033,4,2025-11-15
1792,3034,4,2025-04-19
1793,3035,4,2026-01-30
1794,3036,4,2026-02-15
1795,3037,4,2025-08-20
1796,3038,4,2025-04-19
1797,3041,4,2025-10-09
1798,3046,4,2025-12-28
1799,3047,4,2025-09-26
1800,3049,4,2025-10-08
1801,3050,4,2025-12-03
1802,3053,4,2026-02-11
1803,3054,4,2025-12-06
1804,3055,4,2025-10-26
1805,3056,4,2025-06-20
1806,3057,4,2025-05-08
1807,3058,4,2025-04-11
1808,3059,4,2025-12-09
1809,3062,4,2025-04-20
1810,3064,4,2025-03-10
1811,3065,4,2026-02-21
1812,3066,4,2025-07-16
1813,3067,4,2025-11-14
1814,3068,4,2025-09-01
1815,3069,4,2025-08-12
1816,3072,4,2025-07-03
1817,3073,4,2025-12-20
1818,3074,4,2025-07-09
1819,3075,4,2025-10-03
1820,3077,4,2025-09-21
1821,3079,4,2025-07-08
1822,3080,4,2025-09-11
1823,3081,4,2025-04-30
1824,3083,4,2025-08-06
1825,3084,4,2025-07-16
1826,3088,4,2025-08-04
1827,3089,4,2026-03-09
1828,3091,4,2025-04-13
1829,3093,4,2026-01-04
1830,3094,4,2025-12-23
1831,3095,4,2025-11-03
1832,3101,4,2025-11-20
1833,3106,4,2025-06-25
1834,3107,4,2026-02-24
1835,3108,4,2026-02-24
1836,3110,4,2025-09-24
1837,3116,4,2025-11-30
1838,3119,4,2025-07-28
1839,3122,4,2025-03-25
1840,3126,4,2025-09-14
1841,3127,4,2025-04-14
1842,3130,4,2025-08-27
1843,3131,4,2026-03-14
1844,3132,4,2025-07-16
1845,3133,4,2025-03-16
1846,3134,4,2025-07-25
1847,3135,4,2026-02-23
1848,3136,4,2025-12-22
1849,3141,4,2025-03-28
1850,3142,4,2026-01-25
1851,3143,4,2025-12-05
1852,3144,4,2025-04-05
1853,3150,4,2025-12-06
1854,3151,4,2025-05-03
1855,3152,4,2025-04-23
1856,3153,4,2025-04-15
1857,3155,4,2026-03-10
1858,3156,4,2025-07-23
1859,3157,4,2026-03-12
1860,3161,4,2025-12-05
1861,3162,4,2025-06-01
1862,3164,4,2025-11-20
1863,3169,4,2025-10-10
1864,3170,4,2025-03-19
1865,3171,4,2025-10-06
1866,3172,4,2025-03-19
1867,3174,4,2026-03-11
1868,3175,4,2026-02-25
1869,3177,4,2025-04-16
1870,3182,4,2025-03-27
1871,3183,4,2026-02-14
1872,3184,4,2025-08-06
1873,3185,4,2025-06-26
1874,3186,4,2025-09-27
1875,3192,4,2025-12-18
1876,3194,4,2025-07-14
1877,3195,4,2025-07-06
1878,3196,4,2026-02-27
1879,3197,4,2025-11-24
1880,3198,4,2025-11-24
1881,3199,4,2025-10-23
1882,3200,4,2025-10-23
1883,3201,4,2025-04-09
1884,3204,4,2025-09-30
1885,3205,4,2026-02-17
1886,3207,4,2025-12-24
1887,3209,4,2025-07-08
1888,3210,4,2026-02-12
1889,3211,4,2025-06-19
1890,3212,4,2025-10-04
1891,3213,4,2026-02-15
1892,3214,4,2025-11-26
1893,3217,4,2026-02-28
1894,3218,4,2026-02-12
1895,3219,4,2025-11-01
1896,3222,4,2025-03-13
1897,3224,4,2025-06-07
1898,3226,4,2026-03-10
1899,3229,4,2025-05-19
1900,3230,4,2026-01-08
1901,3231,4,2025-04-21
1902,3232,4,2026-03-07
1903,3233,4,2026-02-12
1904,3236,4,2025-12-02
1905,3239,4,2025-12-17
1906,3240,4,2025-09-23
1907,3241,4,2026-01-25
1908,3242,4,2025-11-26
1909,3243,4,2026-01-18
1910,3244,4,2025-03-10
1911,3245,4,2025-10-29
1912,3246,4,2025-04-11
1913,3248,4,2025-08-21
1914,3249,4,2025-10-16
1915,3250,4,2025-12-23
1916,3251,4,2026-01-14
1917,3253,4,2026-01-21
1918,3255,4,2025-12-27
1919,3259,4,2025-06-04
1920,3262,4,2025-07-24
1921,3263,4,2025-08-28
1922,3264,4,2025-10-23
1923,3266,4,2025-10-06
1924,3267,4,2025-08-11
1925,3268,4,2025-06-21
1926,3270,4,2025-11-28
1927,3275,4,2025-12-07
1928,3276,4,2025-03-30
1929,3279,4,2026-02-09
1930,3280,4,2025-12-06
1931,3281,4,2026-01-30
1932,3283,4,2025-07-24
1933,3285,4,2026-01-10
1934,3287,4,2025-07-25
1935,3288,4,2025-12-08
1936,3290,4,2026-01-29
1937,3291,4,2025-03-26
1938,3292,4,2025-06-22
1939,3294,4,2025-12-10
1940,3295,4,2025-11-11
1941,3296,4,2025-09-01
1942,3298,4,2025-07-11
1943,3301,4,2025-07-18
1944,3302,4,2025-07-26
1945,3303,4,2025-04-27
1946,3304,4,2025-11-06
1947,3308,4,2026-02-06
1948,3310,4,2025-08-17
1949,3312,4,2025-09-21
1950,3314,4,2025-04-12
1951,3315,4,2025-07-23
1952,3316,4,2026-01-05
1953,3317,4,2025-09-08
1954,3318,4,2025-06-19
1955,3319,4,2025-07-26
1956,3320,4,2025-10-15
1957,3321,4,2025-12-12
1958,3323,4,2026-03-11
1959,3325,4,2025-10-21
1960,3326,4,2026-03-15
1961,3327,4,2025-05-02
1962,3328,4,2025-12-29
1963,3331,4,2026-02-21
1964,3332,4,2025-06-16
1965,3335,4,2025-12-06
1966,3336,4,2025-04-27
1967,3338,4,2025-10-25
1968,3340,4,2025-10-18
1969,3341,4,2025-09-26
1970,3342,4,2025-07-03
1971,3345,4,2025-06-08
1972,3348,4,2025-08-29
1973,3350,4,2025-08-21
1974,3352,4,2025-06-28
1975,3353,4,2026-01-21
1976,3354,4,2025-05-14
1977,3355,4,2025-07-14
1978,3356,4,2025-10-23
1979,3357,4,2025-09-06
1980,3359,4,2025-12-13
1981,3364,4,2025-12-02
1982,3368,4,2025-06-23
1983,3369,4,2025-06-28
1984,3371,4,2025-12-27
1985,3373,4,2025-11-24
1986,3375,4,2025-12-26
1987,3377,4,2026-02-23
1988,3378,4,2025-08-30
1989,3379,4,2025-08-29
1990,3380,4,2025-06-13
1991,3381,4,2026-02-02
1992,3382,4,2026-02-23
1993,3386,4,2025-05-02
1994,3387,4,2026-01-08
1995,3389,4,2025-09-06
1996,3390,4,2025-12-12
1997,3392,4,2025-05-31
1998,3393,4,2025-05-06
1999,3394,4,2025-07-22
2000,3395,4,2025-09-18
2001,3396,4,2025-08-05
2002,3397,4,2025-06-30
2003,3399,4,2025-04-10
2004,3400,4,2025-05-31
2005,3401,4,2025-03-12
2006,3403,4,2025-12-21
2007,3405,4,2026-01-01
2008,3406,4,2025-11-07
2009,3411,4,2026-01-16
2010,3412,4,2025-10-30
2011,3413,4,2025-09-14
2012,3416,4,2025-07-31
2013,3417,4,2026-02-19
2014,3418,4,2025-06-02
2015,3422,4,2025-08-08
2016,3427,4,2026-02-18
2017,3430,4,2025-04-07
2018,3432,4,2025-07-02
2019,3433,4,2025-04-27
2020,3436,4,2025-07-07
2021,3437,4,2025-08-10
2022,3439,4,2025-10-22
2023,3440,4,2025-09-10
2024,3441,4,2025-11-03
2025,3442,4,2025-08-04
2026,3443,4,2026-02-21
2027,3444,4,2025-10-16
2028,3446,4,2026-01-08
2029,3447,4,2026-03-12
2030,3452,4,2025-03-11
2031,3459,4,2025-08-13
2032,3460,4,2025-11-14
2033,3462,4,2025-04-14
2034,3463,4,2025-08-01
2035,3464,4,2026-01-04
2036,3465,4,2025-12-03
2037,3467,4,2026-02-03
2038,3469,4,2025-09-08
2039,3470,4,2025-07-12
2040,3471,4,2025-03-25
2041,3473,4,2026-03-03
2042,3475,4,2025-06-05
2043,3476,4,2025-09-08
2044,3477,4,2025-07-07
2045,3478,4,2025-11-04
2046,3482,4,2025-09-27
2047,3483,4,2025-06-02
2048,3489,4,2025-06-22
2049,3490,4,2025-09-03
2050,3491,4,2026-02-08
2051,3494,4,2025-07-04
2052,3495,4,2025-07-01
2053,3498,4,2025-03-30
2054,3499,4,2025-08-01
2055,3500,4,2025-11-04
2056,3502,4,2025-04-05
2057,3503,4,2025-08-28
2058,3505,4,2025-10-02
2059,3506,4,2025-10-29
2060,3508,4,2026-01-18
2061,3509,4,2026-01-16
2062,3510,4,2025-04-15
2063,3514,4,2025-04-03
2064,3515,4,2025-03-11
2065,3516,4,2026-01-28
2066,3517,4,2026-02-01
2067,3518,4,2025-07-12
2068,3520,4,2026-01-03
2069,3526,4,2025-10-12
2070,3527,4,2025-05-28
2071,3529,4,2025-06-04
2072,3530,4,2025-04-27
2073,3531,4,2025-05-07
2074,3532,4,2025-12-02
2075,3533,4,2026-01-04
2076,3534,4,2025-10-05
2077,3535,4,2025-08-06
2078,3536,4,2025-12-06
2079,3537,4,2025-12-15
2080,3538,4,2025-04-02
2081,3539,4,2025-10-16
2082,3540,4,2025-12-30
2083,3541,4,2025-07-20
2084,3549,4,2025-04-04
2085,3550,4,2025-08-17
2086,3551,4,2025-05-20
2087,3553,4,2026-01-03
2088,3556,4,2025-07-09
2089,3557,4,2025-08-14
2090,3558,4,2025-05-04
2091,3559,4,2025-07-06
2092,3563,4,2026-02-19
2093,3565,4,2025-09-04
2094,3567,4,2025-12-25
2095,3571,4,2025-04-15
2096,3572,4,2026-03-06
2097,3573,4,2025-10-12
2098,3574,4,2025-08-24
2099,3576,4,2026-03-12
2100,3579,4,2025-09-03
2101,3583,4,2025-04-29
2102,3586,4,2025-07-19
2103,3587,4,2025-09-13
2104,3588,4,2025-03-17
2105,3589,4,2025-07-20
2106,3590,4,2026-02-03
2107,3591,4,2026-02-20
2108,3594,4,2025-12-08
2109,3596,4,2025-09-28
2110,3597,4,2025-05-13
2111,3598,4,2025-10-01
2112,3599,4,2025-12-01
2113,3601,4,2025-04-07
2114,3602,4,2026-01-29
2115,3606,4,2025-04-10
2116,3608,4,2025-04-23
2117,3611,4,2025-05-17
2118,3614,4,2025-07-19
2119,3617,4,2025-12-14
2120,3618,4,2025-06-13
2121,3619,4,2025-03-12
2122,3620,4,2025-06-03
2123,3621,4,2025-03-29
2124,3622,4,2025-08-04
2125,3623,4,2025-09-16
2126,3624,4,2025-10-04
2127,3626,4,2025-05-30
2128,3627,4,2026-03-02
2129,3628,4,2025-12-18
2130,3629,4,2025-12-10
2131,3632,4,2025-04-08
2132,3633,4,2025-06-19
2133,3634,4,2025-08-20
2134,3635,4,2025-06-16
2135,3636,4,2025-09-14
2136,3637,4,2025-04-02
2137,3638,4,2025-08-15
2138,3639,4,2025-10-13
2139,3640,4,2025-07-10
2140,3641,4,2025-05-23
2141,3642,4,2025-07-15
2142,3643,4,2025-11-01
2143,3644,4,2026-02-15
2144,3647,4,2025-09-26
2145,3648,4,2025-03-15
2146,3650,4,2025-07-09
2147,3652,4,2025-04-17
2148,3653,4,2025-11-02
2149,3654,4,2025-08-06
2150,3655,4,2025-07-02
2151,3657,4,2025-09-28
2152,3658,4,2026-01-14
2153,3660,4,2025-06-30
2154,3661,4,2025-11-07
2155,3663,4,2025-12-18
2156,3669,4,2026-03-04
2157,3670,4,2025-10-11
2158,3671,4,2025-11-22
2159,3672,4,2025-08-05
2160,3673,4,2025-06-13
2161,3674,4,2025-04-29
2162,3675,4,2025-12-22
2163,3676,4,2025-06-19
2164,3678,4,2025-05-28
2165,3680,4,2026-03-11
2166,3681,4,2025-09-22
2167,3683,4,2026-02-17
2168,3687,4,2025-03-30
2169,3688,4,2025-10-27
2170,3689,4,2025-12-07
2171,3691,4,2026-02-21
2172,3693,4,2025-12-08
2173,3694,4,2026-01-10
2174,3695,4,2026-02-03
2175,3696,4,2025-10-20
2176,3697,4,2026-02-12
2177,3699,4,2025-05-07
2178,3700,4,2025-03-18
2179,3701,4,2025-07-22
2180,3702,4,2025-08-13
2181,3704,4,2025-05-25
2182,3705,4,2026-01-20
2183,3706,4,2026-01-22
2184,3710,4,2025-03-12
2185,3715,4,2025-07-13
2186,3716,4,2025-06-13
2187,3718,4,2025-08-08
2188,3721,4,2025-12-06
2189,3722,4,2025-08-25
2190,3724,4,2025-10-16
2191,3725,4,2026-01-19
2192,3726,4,2025-03-14
2193,3727,4,2025-10-25
2194,3728,4,2025-11-28
2195,3731,4,2025-10-25
2196,3733,4,2025-03-30
2197,3735,4,2025-12-18
2198,3736,4,2026-02-25
2199,3737,4,2025-09-04
2200,3738,4,2025-10-15
2201,3740,4,2025-07-20
2202,3743,4,2025-10-01
2203,3744,4,2025-12-19
2204,3745,4,2025-06-25
2205,3747,4,2026-02-11
2206,3749,4,2026-02-07
2207,3750,4,2025-07-02
2208,3751,4,2025-11-11
2209,3752,4,2025-06-22
2210,3754,4,2025-09-02
2211,3755,4,2025-05-21
2212,3756,4,2025-05-28
2213,3757,4,2025-09-30
2214,3758,4,2025-12-28
2215,3759,4,2025-05-16
2216,3760,4,2025-06-29
2217,3761,4,2025-03-26
2218,3763,4,2026-03-11
2219,3765,4,2025-12-22
2220,3767,4,2025-09-10
2221,3768,4,2025-09-05
2222,3770,4,2025-08-13
2223,3772,4,2025-12-01
2224,3773,4,2025-04-21
2225,3774,4,2025-08-23
2226,3776,4,2025-12-14
2227,3778,4,2026-03-15
2228,3779,4,2025-07-10
2229,3780,4,2026-02-27
2230,3782,4,2025-04-06
2231,3783,4,2025-11-27
2232,3785,4,2025-11-14
2233,3786,4,2025-04-19
2234,3787,4,2025-10-21
2235,3788,4,2025-05-25
2236,3790,4,2025-09-03
2237,3792,4,2025-07-22
2238,3793,4,2025-10-07
2239,3795,4,2025-12-02
2240,3796,4,2025-04-05
2241,3797,4,2025-06-17
2242,3798,4,2025-07-25
2243,3799,4,2025-05-25
2244,3802,5,2025-11-09
2245,3803,5,2026-02-18
2246,3804,5,2025-08-26
2247,3806,5,2025-09-02
2248,3807,5,2025-04-02
2249,3808,5,2025-09-12
2250,3810,5,2025-04-30
2251,3814,5,2025-08-20
2252,3815,5,2026-02-02
2253,3816,5,2025-09-03
2254,3817,5,2026-01-31
2255,3818,5,2025-04-07
2256,3819,5,2025-04-01
2257,3821,5,2025-12-30
2258,3822,5,2025-06-28
2259,3823,5,2025-07-11
2260,3825,5,2025-06-03
2261,3828,5,2025-08-19
2262,3829,5,2025-04-26
2263,3833,5,2026-01-04
2264,3834,5,2025-05-03
2265,3835,5,2025-07-10
2266,3837,5,2025-04-04
2267,3841,5,2025-03-10
2268,3842,5,2025-10-16
2269,3843,5,2026-01-17
2270,3844,5,2025-12-26
2271,3845,5,2025-05-04
2272,3846,5,2025-04-18
2273,3848,5,2025-11-06
2274,3852,5,2025-05-23
2275,3853,5,2025-12-11
2276,3854,5,2025-05-31
2277,3856,5,2025-10-09
2278,3857,5,2025-07-03
2279,3858,5,2025-11-19
2280,3859,5,2025-06-24
2281,3860,5,2025-03-25
2282,3861,5,2026-01-08
2283,3862,5,2025-10-30
2284,3865,5,2025-12-20
2285,3868,5,2025-08-09
2286,3869,5,2026-01-26
2287,3870,5,2025-12-02
2288,3871,5,2025-09-04
2289,3872,5,2025-12-06
2290,3874,5,2025-12-11
2291,3877,5,2025-05-06
2292,3878,5,2025-03-31
2293,3881,5,2025-09-13
2294,3882,5,2025-09-27
2295,3883,5,2025-03-28
2296,3884,5,2025-04-27
2297,3885,5,2025-10-02
2298,3888,5,2025-09-05
2299,3890,5,2025-06-20
2300,3891,5,2026-01-28
2301,3892,5,2025-04-09
2302,3894,5,2025-11-02
2303,3895,5,2026-02-05
2304,3899,5,2026-01-18
2305,3901,5,2025-12-30
2306,3902,5,2025-08-18
2307,3903,5,2025-10-01
2308,3906,5,2025-11-06
2309,3907,5,2025-12-10
2310,3911,5,2026-03-15
2311,3915,5,2025-12-01
2312,3919,5,2025-09-09
2313,3922,5,2025-07-07
2314,3923,5,2026-03-12
2315,3926,5,2025-09-29
2316,3928,5,2025-11-12
2317,3930,5,2025-04-22
2318,3932,5,2025-07-27
2319,3934,5,2026-03-07
2320,3936,5,2025-11-21
2321,3937,5,2025-05-28
2322,3939,5,2025-08-18
2323,3940,5,2025-12-24
2324,3942,5,2026-03-09
2325,3944,5,2025-07-29
2326,3945,5,2025-09-30
2327,3946,5,2025-05-11
2328,3947,5,2025-05-01
2329,3948,5,2025-09-25
2330,3951,5,2025-08-19
2331,3952,5,2025-03-25
2332,3954,5,2025-10-11
2333,3956,5,2026-03-07
2334,3957,5,2025-11-27
2335,3958,5,2025-07-04
2336,3960,5,2025-10-15
2337,3962,5,2026-03-10
2338,3963,5,2025-05-27
2339,3964,5,2025-12-14
2340,3967,5,2025-06-07
2341,3968,5,2026-02-14
2342,3969,5,2026-02-11
2343,3971,5,2025-08-24
2344,3972,5,2025-07-13
2345,3974,5,2026-02-10
2346,3976,5,2025-11-20
2347,3978,5,2025-12-27
2348,3979,5,2026-01-06
2349,3981,5,2026-02-19
2350,3982,5,2025-10-16
2351,3985,5,2025-03-10
2352,3986,5,2025-05-23
2353,3987,5,2025-05-10
2354,3989,5,2025-06-26
2355,3991,5,2025-08-06
2356,3992,5,2025-07-03
2357,3993,5,2026-01-20
2358,3994,5,2026-03-09
2359,3996,5,2025-05-06
2360,3997,5,2026-01-07
2361,3999,5,2025-05-04
2362,4001,5,2025-07-05
2363,4002,5,2026-02-16
2364,4005,5,2025-12-18
2365,4007,5,2025-09-15
2366,4008,5,2025-11-08
2367,4009,5,2025-03-15
2368,4010,5,2025-10-27
2369,4011,5,2026-03-13
2370,4012,5,2025-10-30
2371,4016,5,2026-03-05
2372,4017,5,2025-04-29
2373,4018,5,2025-08-19
2374,4019,5,2025-06-21
2375,4020,5,2025-05-15
2376,4021,5,2025-12-13
2377,4023,5,2026-02-23
2378,4024,5,2025-10-02
2379,4025,5,2026-01-20
2380,4026,5,2026-03-06
2381,4027,5,2026-01-15
2382,4031,5,2025-07-28
2383,4032,5,2025-08-23
2384,4035,5,2025-06-18
2385,4036,5,2026-01-07
2386,4037,5,2025-07-30
2387,4040,5,2026-01-14
2388,4041,5,2025-09-07
2389,4042,5,2025-09-25
2390,4045,5,2025-05-12
2391,4048,5,2025-04-02
2392,4050,5,2025-05-05
2393,4052,5,2025-06-15
2394,4053,5,2026-02-28
2395,4055,5,2025-04-14
2396,4057,5,2025-05-29
2397,4058,5,2026-03-02
2398,4061,5,2025-11-12
2399,4062,5,2025-09-07
2400,4063,5,2025-04-09
2401,4064,5,2025-09-19
2402,4068,5,2025-05-27
2403,4069,5,2025-03-21
2404,4072,5,2025-06-20
2405,4074,5,2025-03-12
2406,4075,5,2025-05-28
2407,4076,5,2026-03-09
2408,4077,5,2026-02-25
2409,4078,5,2025-04-15
2410,4079,5,2025-09-16
2411,4081,5,2025-10-29
2412,4082,5,2025-06-01
2413,4083,5,2025-12-01
2414,4084,5,2025-10-04
2415,4085,5,2025-12-16
2416,4087,5,2026-02-04
2417,4088,5,2025-03-28
2418,4089,5,2025-05-24
2419,4091,5,2025-05-13
2420,4092,5,2026-02-08
2421,4093,5,2026-03-01
2422,4095,5,2026-02-09
2423,4096,5,2025-09-09
2424,4097,5,2025-11-07
2425,4098,5,2025-11-16
2426,4099,5,2025-05-19
2427,4100,5,2025-11-28
2428,4103,5,2026-01-21
2429,4104,5,2025-07-22
2430,4107,5,2025-11-10
2431,4108,5,2025-11-22
2432,4109,5,2025-07-25
2433,4110,5,2025-10-01
2434,4111,5,2025-08-16
2435,4112,5,2025-03-10
2436,4114,5,2025-04-09
2437,4116,5,2025-05-27
2438,4119,5,2025-12-02
2439,4121,5,2026-02-10
2440,4122,5,2025-10-27
2441,4123,5,2025-06-13
2442,4126,5,2025-08-12
2443,4127,5,2025-03-27
2444,4129,5,2025-10-11
2445,4134,5,2025-11-05
2446,4136,5,2025-05-09
2447,4137,5,2025-12-03
2448,4138,5,2025-08-28
2449,4139,5,2025-08-13
2450,4140,5,2025-05-28
2451,4141,5,2025-12-09
2452,4144,5,2026-01-03
2453,4147,5,2025-06-14
2454,4148,5,2025-04-09
2455,4149,5,2025-05-02
2456,4151,5,2026-02-05
2457,4152,5,2025-07-27
2458,4154,5,2026-01-30
2459,4156,5,2026-01-04
2460,4158,5,2025-06-01
2461,4159,5,2025-04-17
2462,4160,5,2026-02-12
2463,4164,5,2026-02-07
2464,4165,5,2025-08-04
2465,4166,5,2025-03-16
2466,4167,5,2025-12-05
2467,4168,5,2025-03-26
2468,4169,5,2026-02-20
2469,4170,5,2025-06-24
2470,4171,5,2025-03-30
2471,4172,5,2025-03-18
2472,4173,5,2025-07-25
2473,4175,5,2025-09-04
2474,4177,5,2025-06-11
2475,4178,5,2025-10-05
2476,4179,5,2025-11-28
2477,4180,5,2025-08-18
2478,4181,5,2025-09-23
2479,4182,5,2025-07-02
2480,4183,5,2025-05-14
2481,4184,5,2025-05-11
2482,4185,5,2025-04-13
2483,4186,5,2026-02-14
2484,4187,5,2025-12-01
2485,4188,5,2025-10-21
2486,4190,5,2025-06-22
2487,4191,5,2025-09-21
2488,4197,5,2025-04-12
2489,4200,5,2025-11-14
2490,4203,5,2025-11-02
2491,4204,5,2026-02-14
2492,4205,5,2025-10-05
2493,4206,5,2025-12-10
2494,4208,5,2025-06-22
2495,4209,5,2025-10-15
2496,4210,5,2025-10-13
2497,4211,5,2025-06-27
2498,4212,5,2025-07-23
2499,4216,5,2025-04-05
2500,4221,5,2025-06-11
2501,4222,5,2025-12-13
2502,4223,5,2025-11-16
2503,4224,5,2025-11-08
2504,4225,5,2026-01-18
2505,4229,5,2025-09-01
2506,4230,5,2025-11-20
2507,4231,5,2025-04-14
2508,4233,5,2025-10-05
2509,4234,5,2026-01-29
2510,4240,5,2025-08-14
2511,4241,5,2025-09-03
2512,4242,5,2025-06-23
2513,4243,5,2025-10-14
2514,4244,5,2025-04-22
2515,4246,5,2025-07-07
2516,4247,5,2025-09-26
2517,4250,5,2025-04-19
2518,4253,5,2026-01-16
2519,4258,5,2025-07-04
2520,4260,5,2025-04-15
2521,4262,5,2025-10-26
2522,4266,5,2026-01-28
2523,4267,5,2026-01-06
2524,4269,5,2025-05-31
2525,4272,5,2025-04-02
2526,4273,5,2025-12-11
2527,4274,5,2026-02-05
2528,4275,5,2025-06-29
2529,4276,5,2025-08-12
2530,4277,5,2025-08-12
2531,4278,5,2025-05-17
2532,4280,5,2026-02-22
2533,4281,5,2025-05-10
2534,4284,5,2025-09-20
2535,4288,5,2025-06-19
2536,4290,5,2025-05-14
2537,4291,5,2025-08-05
2538,4294,5,2025-12-28
2539,4295,5,2025-08-27
2540,4297,5,2025-08-11
2541,4298,5,2025-09-07
2542,4299,5,2025-08-27
2543,4301,5,2025-12-24
2544,4303,5,2025-12-22
2545,4304,5,2025-08-11
2546,4305,5,2025-11-13
2547,4306,5,2025-06-07
2548,4307,5,2025-12-04
2549,4309,5,2026-02-01
2550,4310,5,2025-11-13
2551,4311,5,2025-05-19
2552,4312,5,2025-03-13
2553,4314,5,2025-11-04
2554,4315,5,2025-11-22
2555,4316,5,2025-12-10
2556,4317,5,2025-08-25
2557,4318,5,2025-04-27
2558,4322,5,2025-03-14
2559,4323,5,2025-06-20
2560,4324,5,2026-01-22
2561,4325,5,2026-01-01
2562,4327,5,2026-03-11
2563,4328,5,2025-10-04
2564,4329,5,2025-10-18
2565,4330,5,2025-08-15
2566,4331,5,2025-08-15
2567,4334,5,2025-08-04
2568,4336,5,2025-03-26
2569,4337,5,2025-04-16
2570,4339,5,2025-10-19
2571,4346,5,2026-02-19
2572,4348,5,2025-06-18
2573,4350,5,2025-03-20
2574,4351,5,2026-02-11
2575,4352,5,2025-04-16
2576,4353,5,2025-05-09
2577,4354,5,2025-10-11
2578,4356,5,2026-03-12
2579,4357,5,2025-08-13
2580,4359,5,2025-03-14
2581,4360,5,2025-11-08
2582,4362,5,2025-07-23
2583,4363,5,2025-07-11
2584,4364,5,2026-02-10
2585,4367,5,2025-11-12
2586,4368,5,2025-12-28
2587,4372,5,2025-08-16
2588,4373,5,2025-06-13
2589,4374,5,2025-04-18
2590,4376,5,2026-01-04
2591,4377,5,2025-08-05
2592,4378,5,2025-06-07
2593,4379,5,2025-06-10
2594,4381,5,2025-10-04
2595,4384,5,2025-11-19
2596,4385,5,2025-11-29
2597,4386,5,2025-12-22
2598,4387,5,2026-01-22
2599,4388,5,2025-07-17
2600,4392,5,2025-04-19
2601,4393,5,2025-11-12
2602,4395,5,2025-06-26
2603,4396,5,2025-05-12
2604,4400,5,2025-08-01
2605,4401,5,2025-11-12
2606,4402,5,2026-02-08
2607,4410,5,2025-08-05
2608,4411,5,2025-07-27
2609,4412,5,2025-08-18
2610,4413,5,2025-10-01
2611,4415,5,2025-07-18
2612,4416,5,2026-02-04
2613,4417,5,2026-03-15
2614,4419,5,2025-03-10
2615,4420,5,2025-08-21
2616,4422,5,2025-10-20
2617,4424,5,2025-03-14
2618,4426,5,2025-04-12
2619,4427,5,2026-03-07
2620,4428,5,2025-06-15
2621,4429,5,2025-07-07
2622,4434,5,2025-11-07
2623,4437,5,2026-01-02
2624,4438,5,2026-01-01
2625,4439,5,2026-02-24
2626,4440,5,2026-03-04
2627,4441,5,2025-08-24
2628,4442,5,2025-03-27
2629,4449,5,2025-06-09
2630,4450,5,2025-05-27
2631,4451,5,2026-02-15
2632,4453,5,2025-08-08
2633,4454,5,2025-06-16
2634,4455,5,2025-06-26
2635,4456,5,2025-04-10
2636,4457,5,2025-10-19
2637,4458,5,2025-08-07
2638,4459,5,2026-01-19
2639,4460,5,2025-10-23
2640,4461,5,2025-03-18
2641,4463,5,2025-04-18
2642,4464,5,2025-09-10
2643,4465,5,2025-10-08
2644,4466,5,2025-04-02
2645,4467,5,2025-06-09
2646,4468,5,2025-04-26
2647,4469,5,2026-02-28
2648,4470,5,2025-11-01
2649,4471,5,2025-09-30
2650,4476,5,2025-05-09
2651,4477,5,2025-04-13
2652,4478,5,2025-11-21
2653,4481,5,2025-03-16
2654,4482,5,2025-09-21
2655,4483,5,2025-10-22
2656,4484,5,2025-10-10
2657,4485,5,2025-03-28
2658,4488,5,2025-07-25
2659,4489,5,2025-06-11
2660,4493,5,2025-06-11
2661,4495,5,2025-05-27
2662,4496,5,2025-04-06
2663,4498,5,2025-04-02
2664,4499,5,2026-01-30
2665,4500,5,2026-01-04
2666,4501,5,2025-06-27
2667,4502,5,2025-03-27
2668,4503,5,2025-07-28
2669,4508,5,2025-07-21
2670,4510,5,2025-09-15
2671,4511,5,2025-12-27
2672,4512,5,2025-03-28
2673,4513,5,2025-08-29
2674,4516,5,2025-07-25
2675,4518,5,2026-01-10
2676,4523,5,2025-08-12
2677,4524,5,2025-10-11
2678,4525,5,2025-07-11
2679,4528,5,2026-01-09
2680,4529,5,2026-02-27
2681,4532,5,2025-04-30
2682,4533,5,2025-04-30
2683,4534,5,2025-06-28
2684,4535,5,2025-03-10
2685,4536,5,2025-11-28
2686,4539,5,2025-07-01
2687,4541,5,2025-06-03
2688,4542,5,2025-07-15
2689,4545,5,2025-07-17
2690,4546,5,2026-01-16
2691,4547,5,2025-04-15
2692,4549,5,2025-06-02
2693,4550,5,2025-06-10
2694,4552,5,2026-03-04
2695,4554,5,2025-08-18
2696,4556,5,2025-05-12
2697,4557,5,2025-10-21
2698,4558,5,2025-10-22
2699,4559,5,2025-12-07
2700,4560,5,2025-08-08
2701,4561,5,2025-10-11
2702,4562,5,2025-11-22
2703,4564,5,2025-08-08
2704,4565,5,2025-04-06
2705,4566,5,2025-08-10
2706,4569,5,2025-05-06
2707,4570,5,2025-10-10
2708,4571,5,2025-12-27
2709,4573,5,2025-10-05
2710,4574,5,2025-11-29
2711,4575,5,2025-07-31
2712,4576,5,2025-05-29
2713,4580,5,2025-11-05
2714,4581,5,2025-12-25
2715,4582,5,2025-12-27
2716,4584,5,2025-06-01
2717,4585,5,2026-01-08
2718,4586,5,2025-07-10
2719,4587,5,2026-01-31
2720,4588,5,2025-08-02
2721,4590,5,2025-05-13
2722,4591,5,2025-04-14
2723,4592,5,2025-09-21
2724,4593,5,2025-04-16
2725,4594,5,2025-11-30
2726,4596,5,2025-04-19
2727,4597,5,2025-03-27
2728,4598,5,2025-04-03
2729,4599,5,2025-04-27
2730,4602,5,2025-12-06
2731,4604,5,2025-07-01
2732,4606,5,2025-10-09
2733,4607,5,2025-04-01
2734,4608,5,2025-07-14
2735,4610,5,2026-01-21
2736,4612,5,2025-07-29
2737,4613,5,2026-01-06
2738,4614,5,2025-08-16
2739,4615,5,2025-05-07
2740,4616,5,2025-05-16
2741,4618,5,2025-10-22
2742,4620,5,2025-04-26
2743,4622,5,2025-12-20
2744,4624,5,2025-09-27
2745,4627,5,2026-02-12
2746,4630,5,2026-03-14
2747,4631,5,2025-04-21
2748,4633,5,2025-12-29
2749,4634,5,2025-11-27
2750,4635,5,2025-10-26
2751,4636,5,2025-06-02
2752,4637,5,2025-11-22
2753,4641,5,2025-05-09
2754,4642,5,2025-05-17
2755,4643,5,2025-09-29
2756,4644,5,2025-09-22
2757,4645,5,2025-04-10
2758,4648,5,2025-09-23
2759,4654,5,2025-05-18
2760,4656,5,2025-06-01
2761,4657,5,2025-04-15
2762,4659,5,2025-04-17
2763,4661,5,2025-08-19
2764,4662,5,2025-05-29
2765,4664,5,2026-03-01
2766,4669,5,2025-08-15
2767,4670,5,2025-07-06
2768,4671,5,2025-09-20
2769,4672,5,2025-06-13
2770,4673,5,2025-06-14
2771,4674,5,2026-01-14
2772,4678,5,2025-09-19
2773,4680,5,2025-10-20
2774,4681,5,2026-01-03
2775,4682,5,2025-10-14
2776,4684,5,2025-12-02
2777,4685,5,2025-07-31
2778,4686,5,2025-09-29
2779,4689,5,2025-08-20
2780,4690,5,2025-05-30
2781,4691,5,2025-09-15
2782,4692,5,2025-11-23
2783,4697,5,2025-05-17
2784,4698,5,2025-08-19
2785,4699,5,2025-08-09
2786,4700,5,2025-05-25
2787,4702,5,2025-12-16
2788,4704,5,2025-09-02
2789,4705,5,2025-07-10
2790,4707,5,2026-03-03
2791,4708,5,2025-08-12
2792,4710,5,2026-01-22
2793,4711,5,2025-07-09
2794,4712,5,2025-04-29
2795,4714,5,2025-04-07
2796,4715,5,2026-02-27
2797,4716,5,2026-01-18
2798,4717,5,2025-05-02
2799,4719,5,2025-07-25
2800,4721,5,2025-06-08
2801,4722,5,2025-03-20
2802,4723,5,2025-12-08
2803,4728,5,2025-10-27
2804,4730,5,2025-07-21
2805,4731,5,2025-11-08
2806,4732,5,2025-05-16
2807,4733,5,2026-01-19
2808,4734,5,2025-09-29
2809,4737,5,2025-06-28
2810,4739,5,2025-08-15
2811,4741,5,2025-10-03
2812,4744,5,2025-06-27
2813,4747,5,2025-12-30
2814,4748,5,2025-08-05
2815,4749,5,2025-04-01
2816,4750,5,2026-03-05
2817,4754,6,2025-03-11
2818,4755,6,2025-10-30
2819,4758,6,2025-05-09
2820,4760,6,2026-01-23
2821,4761,6,2025-09-19
2822,4762,6,2025-06-09
2823,4763,6,2025-06-21
2824,4765,6,2025-06-06
2825,4767,6,2025-04-21
2826,4768,6,2025-11-24
2827,4769,6,2025-08-02
2828,4770,6,2025-09-24
2829,4772,6,2025-09-09
2830,4773,6,2025-08-24
2831,4776,6,2025-07-08
2832,4777,6,2025-09-07
2833,4778,6,2025-08-01
2834,4780,6,2025-12-26
2835,4781,6,2025-08-03
2836,4782,6,2026-01-26
2837,4783,6,2025-07-25
2838,4788,6,2025-06-09
2839,4790,6,2025-10-01
2840,4791,6,2025-06-02
2841,4792,6,2025-07-16
2842,4793,6,2026-02-27
2843,4794,6,2025-12-20
2844,4795,6,2025-07-27
2845,4797,6,2025-07-30
2846,4798,6,2025-10-02
2847,4800,6,2025-07-26
2848,4802,6,2025-12-15
2849,4803,6,2025-05-24
2850,4804,6,2025-10-14
2851,4805,6,2025-08-13
2852,4807,6,2025-07-28
2853,4808,6,2025-12-19
2854,4809,6,2026-01-23
2855,4811,6,2025-03-17
2856,4812,6,2025-09-22
2857,4813,6,2026-02-21
2858,4817,6,2025-06-03
2859,4818,6,2025-04-13
2860,4819,6,2026-01-19
2861,4820,6,2025-06-24
2862,4821,6,2025-06-07
2863,4822,6,2026-03-01
2864,4824,6,2025-10-11
2865,4825,6,2025-12-21
2866,4826,6,2025-07-09
2867,4827,6,2025-04-06
2868,4829,6,2025-07-24
2869,4831,6,2025-08-17
2870,4832,6,2025-09-17
2871,4833,6,2025-09-10
2872,4834,6,2025-10-09
2873,4835,6,2025-11-30
2874,4841,6,2025-03-12
2875,4842,6,2025-10-01
2876,4844,6,2025-09-26
2877,4845,6,2025-12-21
2878,4847,6,2025-08-28
2879,4849,6,2025-06-06
2880,4851,6,2025-12-27
2881,4852,6,2025-09-21
2882,4854,6,2025-04-11
2883,4856,6,2025-05-01
2884,4857,6,2025-11-17
2885,4858,6,2025-07-29
2886,4859,6,2025-11-17
2887,4862,6,2025-12-12
2888,4866,6,2025-05-18
2889,4867,6,2025-11-07
2890,4869,6,2025-04-07
2891,4872,6,2025-07-31
2892,4875,6,2025-12-21
2893,4876,6,2025-07-19
2894,4877,6,2025-11-24
2895,4878,6,2025-10-05
2896,4879,6,2025-06-20
2897,4880,6,2025-05-05
2898,4881,6,2025-06-12
2899,4882,6,2025-08-06
2900,4886,6,2025-03-13
2901,4887,6,2025-10-11
2902,4888,6,2025-08-07
2903,4890,6,2026-01-05
2904,4891,6,2025-07-20
2905,4892,6,2025-06-11
2906,4894,6,2026-01-23
2907,4895,6,2025-09-04
2908,4896,6,2026-01-11
2909,4897,6,2025-04-21
2910,4899,6,2025-12-16
2911,4900,6,2025-09-05
2912,4901,6,2025-07-21
2913,4904,6,2025-05-04
2914,4905,6,2025-08-15
2915,4906,6,2026-01-18
2916,4908,6,2025-05-20
2917,4911,6,2025-06-25
2918,4912,6,2025-06-26
2919,4915,6,2026-03-13
2920,4919,6,2025-04-18
2921,4920,6,2025-11-23
2922,4927,6,2025-07-02
2923,4929,6,2025-12-08
2924,4931,6,2025-03-27
2925,4933,6,2025-11-22
2926,4934,6,2026-01-14
2927,4935,6,2025-09-11
2928,4937,6,2025-10-02
2929,4940,6,2025-03-13
2930,4949,6,2025-03-20
2931,4950,6,2025-06-04
2932,4951,6,2025-07-23
2933,4954,6,2025-08-27
2934,4955,6,2025-04-25
2935,4956,6,2025-04-29
2936,4957,6,2025-04-11
2937,4959,6,2025-08-01
2938,4961,6,2025-12-18
2939,4962,6,2025-10-16
2940,4963,6,2026-01-01
2941,4964,6,2026-01-18
2942,4965,6,2025-11-17
2943,4966,6,2026-03-01
2944,4967,6,2025-11-13
2945,4968,6,2026-03-07
2946,4969,6,2025-03-30
2947,4970,6,2025-08-08
2948,4971,6,2025-07-19
2949,4972,6,2025-07-21
2950,4974,6,2025-08-31
2951,4975,6,2025-09-29
2952,4976,6,2026-01-20
2953,4980,6,2025-06-19
2954,4981,6,2025-09-07
2955,4984,6,2025-04-10
2956,4985,6,2025-05-05
2957,4987,6,2025-07-06
2958,4989,6,2025-07-31
2959,4990,6,2025-10-28
2960,4992,6,2025-10-26
2961,4994,6,2026-01-20
2962,4995,6,2025-12-11
2963,4997,6,2026-02-10
2964,5000,6,2025-08-25
2965,5001,6,2025-04-01
2966,5003,6,2025-04-15
2967,5004,6,2026-01-26
2968,5006,6,2025-06-17
2969,5008,6,2025-07-27
2970,5009,6,2025-11-25
2971,5012,6,2025-06-22
2972,5014,6,2025-11-07
2973,5015,6,2025-08-05
2974,5016,6,2025-10-11
2975,5019,6,2026-03-07
2976,5020,6,2026-02-23
2977,5021,6,2025-06-09
2978,5022,6,2025-03-21
2979,5025,6,2025-06-14
2980,5026,6,2025-11-14
2981,5027,6,2025-07-18
2982,5029,6,2026-02-19
2983,5032,6,2025-12-14
2984,5034,6,2025-12-20
2985,5036,6,2025-04-28
2986,5039,6,2026-03-04
2987,5041,6,2026-02-03
2988,5043,6,2025-07-26
2989,5044,6,2026-02-26
2990,5048,6,2026-03-11
2991,5051,6,2025-10-19
2992,5052,6,2025-08-27
2993,5053,6,2025-11-13
2994,5054,6,2026-03-12
2995,5056,6,2025-11-16
2996,5058,6,2025-09-17
2997,5060,6,2025-10-10
2998,5062,6,2025-12-07
2999,5063,6,2025-07-14
3000,5065,6,2025-04-07
3001,5067,6,2025-10-17
3002,5068,6,2025-09-06
3003,5069,6,2025-06-09
3004,5070,6,2025-07-20
3005,5071,6,2025-08-31
3006,5072,6,2025-10-12
3007,5073,6,2025-12-05
3008,5076,6,2025-09-22
3009,5077,6,2026-03-05
3010,5078,6,2025-11-03
3011,5081,6,2025-11-21
3012,5083,6,2025-05-03
3013,5084,6,2025-12-17
3014,5085,6,2025-03-29
3015,5088,6,2025-08-29
3016,5090,6,2026-01-21
3017,5093,6,2025-09-06
3018,5094,6,2025-08-30
3019,5095,6,2026-01-24
3020,5096,6,2025-07-04
3021,5097,6,2025-03-31
3022,5098,6,2025-04-28
3023,5099,6,2025-11-15
3024,5101,6,2026-01-20
3025,5102,6,2026-02-08
3026,5103,6,2026-02-05
3027,5105,6,2025-10-29
3028,5106,6,2025-12-12
3029,5107,6,2025-08-13
3030,5108,6,2025-09-02
3031,5109,6,2025-08-18
3032,5110,6,2025-10-18
3033,5111,6,2026-03-08
3034,5113,6,2026-03-13
3035,5114,6,2025-05-20
3036,5115,6,2026-01-29
3037,5116,6,2026-01-30
3038,5117,6,2025-11-23
3039,5118,6,2025-08-23
3040,5119,6,2025-08-02
3041,5120,6,2025-07-24
3042,5121,6,2025-05-17
3043,5125,6,2025-09-30
3044,5126,6,2026-03-11
3045,5127,6,2025-03-15
3046,5128,6,2025-08-07
3047,5130,6,2025-11-22
3048,5131,6,2025-08-03
3049,5132,6,2025-11-30
3050,5134,6,2025-09-02
3051,5135,6,2025-09-17
3052,5136,6,2025-04-27
3053,5139,6,2025-11-04
3054,5141,6,2025-05-27
3055,5143,6,2026-03-02
3056,5144,6,2026-02-09
3057,5145,6,2025-09-06
3058,5146,6,2025-07-25
3059,5147,6,2025-10-06
3060,5148,6,2026-01-17
3061,5149,6,2025-11-10
3062,5151,6,2025-06-03
3063,5152,6,2025-04-06
3064,5153,6,2026-01-27
3065,5155,6,2025-08-04
3066,5157,6,2025-05-09
3067,5158,6,2025-08-20
3068,5159,6,2025-03-11
3069,5160,6,2025-03-16
3070,5162,6,2026-02-04
3071,5164,6,2025-06-25
3072,5165,6,2025-12-06
3073,5167,6,2026-01-06
3074,5168,6,2026-02-16
3075,5174,6,2025-12-23
3076,5176,6,2025-04-04
3077,5177,6,2026-01-28
3078,5180,6,2025-12-27
3079,5184,6,2025-09-17
3080,5186,6,2025-03-13
3081,5188,6,2026-01-21
3082,5190,6,2026-01-14
3083,5191,6,2025-04-28
3084,5193,6,2025-07-11
3085,5197,6,2025-07-23
3086,5200,6,2025-07-09
3087,5201,6,2025-09-15
3088,5202,6,2025-06-17
3089,5203,6,2025-06-28
3090,5207,6,2025-05-07
3091,5208,6,2025-12-01
3092,5210,6,2025-05-16
3093,5211,6,2025-05-19
3094,5215,6,2025-09-20
3095,5218,6,2025-03-27
3096,5219,6,2025-06-15
3097,5220,6,2025-05-25
3098,5222,6,2025-06-27
3099,5223,6,2026-02-20
3100,5225,6,2026-01-10
3101,5226,6,2026-03-10
3102,5227,6,2025-07-27
3103,5228,6,2025-12-12
3104,5233,6,2025-08-25
3105,5234,6,2025-11-18
3106,5237,6,2025-05-23
3107,5238,6,2025-11-30
3108,5239,6,2025-06-23
3109,5240,6,2025-12-23
3110,5241,6,2025-03-14
3111,5242,6,2025-06-24
3112,5243,6,2025-11-24
3113,5244,6,2025-10-02
3114,5245,6,2026-02-19
3115,5246,6,2025-12-28
3116,5247,6,2025-08-17
3117,5253,6,2025-08-11
3118,5255,6,2026-02-12
3119,5256,6,2025-04-24
3120,5257,6,2025-11-14
3121,5258,6,2025-09-24
3122,5259,6,2025-03-28
3123,5261,6,2025-08-30
3124,5262,6,2025-10-19
3125,5264,6,2025-07-27
3126,5266,6,2025-12-28
3127,5267,6,2025-05-07
3128,5268,6,2025-06-20
3129,5271,6,2026-02-17
3130,5272,6,2025-05-14
3131,5276,6,2025-03-27
3132,5280,6,2026-01-23
3133,5281,6,2025-07-07
3134,5282,6,2025-09-26
3135,5284,6,2025-07-31
3136,5285,6,2025-11-15
3137,5286,6,2025-11-26
3138,5287,6,2026-03-03
3139,5289,6,2026-01-23
3140,5290,6,2025-04-08
3141,5292,6,2025-09-16
3142,5295,6,2026-01-10
3143,5296,6,2025-05-06
3144,5299,6,2025-04-17
3145,5302,6,2025-05-09
3146,5303,6,2025-09-11
3147,5304,6,2025-03-11
3148,5305,6,2025-09-20
3149,5306,6,2025-03-20
3150,5308,6,2025-10-21
3151,5309,6,2025-05-29
3152,5310,6,2025-05-27
3153,5311,6,2025-06-03
3154,5317,6,2025-10-16
3155,5320,6,2025-11-13
3156,5322,6,2025-03-27
3157,5323,6,2025-10-25
3158,5327,6,2026-02-10
3159,5329,6,2025-11-04
3160,5333,6,2025-07-29
3161,5338,6,2026-01-06
3162,5342,6,2025-10-07
3163,5343,6,2025-06-30
3164,5344,6,2025-03-29
3165,5347,6,2025-05-25
3166,5348,6,2025-03-11
3167,5349,6,2026-01-30
3168,5350,6,2026-01-08
3169,5352,6,2025-03-10
3170,5353,6,2026-02-07
3171,5356,6,2026-01-28
3172,5358,6,2025-07-12
3173,5360,6,2025-08-04
3174,5363,6,2025-12-08
3175,5364,6,2025-12-02
3176,5366,6,2025-05-23
3177,5367,6,2025-10-22
3178,5368,6,2025-07-07
3179,5369,6,2025-11-21
3180,5371,6,2026-03-13
3181,5373,6,2025-05-05
3182,5377,6,2025-03-10
3183,5378,6,2025-12-14
3184,5382,6,2025-06-16
3185,5383,6,2025-11-03
3186,5384,6,2026-01-11
3187,5385,6,2026-01-18
3188,5386,6,2025-11-16
3189,5387,6,2025-11-07
3190,5388,6,2025-12-04
3191,5389,6,2025-05-02
3192,5391,6,2025-06-01
3193,5392,6,2026-03-09
3194,5400,6,2025-10-11
3195,5406,6,2026-03-09
3196,5408,6,2025-12-02
3197,5411,6,2026-01-07
3198,5412,6,2025-11-05
3199,5413,6,2025-12-25
3200,5414,6,2026-02-23
3201,5415,6,2025-03-16
3202,5416,6,2025-04-10
3203,5421,6,2025-09-10
3204,5422,6,2026-01-04
3205,5423,6,2026-01-15
3206,5425,6,2025-04-28
3207,5426,6,2025-11-28
3208,5428,6,2025-08-08
3209,5430,6,2025-03-11
3210,5432,6,2026-02-17
3211,5433,6,2025-07-11
3212,5437,6,2025-04-11
3213,5438,6,2025-05-24
3214,5439,6,2025-08-18
3215,5440,6,2026-02-26
3216,5441,6,2025-06-02
3217,5442,6,2025-11-05
3218,5446,6,2026-01-15
3219,5448,6,2025-06-17
3220,5449,6,2025-11-06
3221,5450,6,2025-09-06
3222,5451,6,2025-11-16
3223,5452,6,2025-05-09
3224,5453,6,2025-12-12
3225,5454,6,2026-02-05
3226,5455,6,2025-03-12
3227,5456,6,2025-09-28
3228,5458,6,2025-04-29
3229,5459,6,2026-01-15
3230,5467,6,2025-11-20
3231,5471,6,2025-12-24
3232,5472,6,2026-03-10
3233,5475,6,2025-12-28
3234,5478,6,2025-04-23
3235,5480,6,2025-10-03
3236,5481,6,2025-06-23
3237,5483,6,2026-03-01
3238,5484,6,2025-11-26
3239,5485,6,2026-01-31
3240,5486,6,2025-06-17
3241,5487,6,2025-05-13
3242,5489,6,2026-02-04
3243,5491,6,2025-12-22
3244,5492,6,2026-01-07
3245,5493,6,2025-12-29
3246,5494,6,2026-01-10
3247,5495,6,2025-12-05
3248,5496,6,2025-12-12
3249,5497,6,2025-12-19
3250,5498,6,2025-09-17
3251,5499,6,2025-11-12
3252,5500,6,2025-03-16
3253,5501,6,2025-04-05
3254,5502,6,2025-06-11
3255,5503,6,2025-07-14
3256,5505,6,2025-09-17
3257,5506,6,2026-03-08
3258,5507,6,2026-03-10
3259,5508,6,2025-08-03
3260,5509,6,2025-06-24
3261,5511,6,2025-05-13
3262,5513,6,2025-12-15
3263,5514,6,2025-04-06
3264,5516,6,2025-07-25
3265,5517,6,2025-12-29
3266,5518,6,2025-08-03
3267,5521,6,2025-07-27
3268,5522,6,2025-08-13
3269,5523,6,2025-04-25
3270,5524,6,2025-05-31
3271,5525,6,2026-02-04
3272,5526,6,2025-12-07
3273,5527,6,2025-03-16
3274,5529,6,2026-01-31
3275,5530,6,2025-03-16
3276,5532,6,2025-09-16
3277,5533,6,2026-02-12
3278,5534,6,2026-03-10
3279,5535,6,2025-11-21
3280,5537,6,2025-06-09
3281,5538,6,2025-07-14
3282,5540,6,2025-06-24
3283,5541,6,2025-07-31
3284,5542,6,2025-12-01
3285,5543,6,2025-12-15
3286,5544,6,2026-02-05
3287,5545,6,2026-01-03
3288,5547,6,2025-04-24
3289,5548,6,2025-03-10
3290,5550,6,2026-01-02
3291,5551,6,2025-04-22
3292,5554,6,2025-12-01
3293,5555,6,2026-03-13
3294,5556,6,2025-04-24
3295,5558,6,2025-08-17
3296,5559,6,2025-10-06
3297,5560,6,2025-09-17
3298,5561,6,2025-06-29
3299,5562,6,2026-02-27
3300,5564,6,2025-08-25
3301,5565,6,2025-05-26
3302,5568,6,2025-09-03
3303,5570,6,2026-02-21
3304,5571,6,2025-05-24
3305,5574,6,2025-06-24
3306,5577,6,2025-09-14
3307,5580,6,2025-12-18
3308,5582,6,2025-09-27
3309,5584,6,2025-10-07
3310,5585,6,2025-07-27
3311,5586,6,2025-11-24
3312,5587,6,2025-07-25
3313,5589,6,2025-07-10
3314,5592,6,2025-07-03
3315,5593,6,2025-04-05
3316,5594,6,2025-08-24
3317,5595,6,2025-07-21
3318,5596,6,2025-08-14
3319,5597,6,2025-07-09
3320,5602,6,2025-11-21
3321,5604,6,2025-05-11
3322,5605,6,2026-02-24
3323,5608,6,2025-03-20
3324,5609,6,2025-05-03
3325,5612,6,2025-07-15
3326,5614,6,2025-12-14
3327,5615,6,2026-01-30
3328,5619,6,2025-06-04
3329,5620,6,2026-03-06
3330,5621,6,2026-02-02
3331,5622,6,2025-07-29
3332,5624,6,2025-05-19
3333,5625,6,2025-05-12
3334,5626,6,2025-09-24
3335,5628,6,2026-02-01
3336,5629,6,2025-06-04
3337,5630,6,2026-02-20
3338,5632,6,2025-05-04
3339,5633,6,2025-12-03
3340,5634,6,2026-02-19
3341,5635,6,2025-10-18
3342,5637,6,2025-08-28
3343,5638,6,2025-06-09
3344,5639,6,2025-11-02
3345,5641,6,2025-11-21
3346,5643,6,2026-03-14
3347,5644,6,2025-07-13
3348,5645,6,2025-11-15
3349,5646,6,2026-02-04
3350,5651,6,2025-04-08
3351,5652,6,2026-01-07
3352,5654,6,2026-02-07
3353,5656,6,2025-06-20
3354,5657,6,2025-12-13
3355,5660,6,2025-07-13
3356,5662,6,2025-04-16
3357,5663,6,2025-06-23
3358,5664,6,2025-05-29
3359,5665,6,2025-04-06
3360,5669,6,2026-03-12
3361,5671,6,2025-08-27
3362,5672,6,2025-11-14
3363,5674,6,2025-07-12
3364,5676,6,2025-07-30
3365,5679,6,2025-09-10
3366,5680,6,2025-11-24
3367,5681,6,2025-11-25
3368,5684,6,2025-06-25
3369,5685,6,2025-04-16
3370,5687,6,2025-12-17
3371,5688,6,2025-04-10
3372,5690,6,2025-05-28
3373,5691,6,2025-05-28
3374,5692,6,2025-03-25
3375,5697,6,2026-02-20
3376,5699,6,2025-03-21
3377,5700,6,2025-03-18
3378,5703,7,2025-08-03
3379,5705,7,2025-04-15
3380,5707,7,2025-11-25
3381,5708,7,2025-04-08
3382,5711,7,2025-09-24
3383,5714,7,2025-04-01
3384,5718,7,2025-10-19
3385,5722,7,2025-06-20
3386,5724,7,2025-09-24
3387,5725,7,2025-06-03
3388,5726,7,2026-01-03
3389,5727,7,2025-08-22
3390,5728,7,2025-12-06
3391,5729,7,2025-12-17
3392,5731,7,2025-11-13
3393,5733,7,2026-01-16
3394,5735,7,2025-04-07
3395,5737,7,2025-07-10
3396,5744,7,2025-08-12
3397,5745,7,2025-08-30
3398,5747,7,2025-03-29
3399,5748,7,2025-11-22
3400,5750,7,2025-05-11
3401,5752,7,2025-08-03
3402,5754,7,2025-10-04
3403,5756,7,2025-06-18
3404,5758,7,2025-06-07
3405,5759,7,2025-06-16
3406,5760,7,2025-05-05
3407,5761,7,2026-01-01
3408,5762,7,2025-09-25
3409,5764,7,2025-06-04
3410,5766,7,2025-11-16
3411,5769,7,2025-11-20
3412,5770,7,2026-01-01
3413,5771,7,2025-12-13
3414,5773,7,2025-07-10
3415,5777,7,2025-05-04
3416,5785,7,2025-09-18
3417,5786,7,2025-12-30
3418,5787,7,2025-12-16
3419,5788,7,2025-03-21
3420,5789,7,2026-02-18
3421,5790,7,2025-07-18
3422,5792,7,2025-05-04
3423,5793,7,2025-06-01
3424,5795,7,2025-07-24
3425,5796,7,2025-04-15
3426,5798,7,2025-07-19
3427,5799,7,2025-07-06
3428,5800,7,2025-12-21
3429,5803,7,2025-09-08
3430,5804,7,2025-07-26
3431,5805,7,2025-03-27
3432,5806,7,2025-03-20
3433,5808,7,2026-01-03
3434,5809,7,2025-05-01
3435,5814,7,2026-02-08
3436,5815,7,2025-09-05
3437,5818,7,2025-03-24
3438,5819,7,2025-06-01
3439,5821,7,2025-05-16
3440,5823,7,2025-08-26
3441,5825,7,2025-11-22
3442,5826,7,2025-11-01
3443,5827,7,2025-09-30
3444,5830,7,2026-03-04
3445,5831,7,2025-03-28
3446,5832,7,2026-02-19
3447,5833,7,2026-01-23
3448,5834,7,2026-02-11
3449,5835,7,2025-12-25
3450,5836,7,2026-02-15
3451,5837,7,2025-12-28
3452,5838,7,2025-07-20
3453,5839,7,2026-01-07
3454,5841,7,2025-09-26
3455,5844,7,2025-07-17
3456,5845,7,2025-04-10
3457,5846,7,2025-12-18
3458,5847,7,2025-07-26
3459,5848,7,2026-02-24
3460,5854,7,2026-03-04
3461,5856,7,2025-05-13
3462,5857,7,2025-08-31
3463,5858,7,2026-01-07
3464,5862,7,2025-10-16
3465,5863,7,2026-03-14
3466,5864,7,2025-11-09
3467,5865,7,2025-09-08
3468,5867,7,2025-11-30
3469,5868,7,2025-10-31
3470,5869,7,2025-05-12
3471,5870,7,2025-06-09
3472,5873,7,2025-12-22
3473,5876,7,2025-09-27
3474,5877,7,2025-06-05
3475,5880,7,2025-03-17
3476,5881,7,2025-07-11
3477,5882,7,2026-02-16
3478,5884,7,2025-08-22
3479,5885,7,2025-07-19
3480,5886,7,2025-08-03
3481,5889,7,2026-01-12
3482,5893,7,2025-11-24
3483,5895,7,2025-06-08
3484,5896,7,2026-01-24
3485,5898,7,2025-05-27
3486,5900,7,2025-11-13
3487,5901,7,2025-10-28
3488,5902,7,2025-11-06
3489,5904,7,2025-10-06
3490,5905,7,2025-12-08
3491,5907,7,2025-08-15
3492,5908,7,2025-12-30
3493,5909,7,2025-04-03
3494,5910,7,2025-12-26
3495,5912,7,2025-12-21
3496,5913,7,2025-08-08
3497,5914,7,2025-08-01
3498,5916,7,2025-06-01
3499,5917,7,2025-12-07
3500,5919,7,2025-10-08
3501,5920,7,2025-07-09
3502,5921,7,2025-10-27
3503,5922,7,2025-11-18
3504,5924,7,2025-04-07
3505,5925,7,2025-08-27
3506,5928,7,2026-02-16
3507,5930,7,2025-11-10
3508,5932,7,2026-01-03
3509,5934,7,2025-04-02
3510,5935,7,2025-07-28
3511,5937,7,2026-02-04
3512,5939,7,2025-08-06
3513,5941,7,2025-07-30
3514,5943,7,2025-05-02
3515,5944,7,2025-08-31
3516,5945,7,2025-10-11
3517,5946,7,2025-06-13
3518,5947,7,2025-07-25
3519,5948,7,2025-06-01
3520,5949,7,2026-02-26
3521,5952,7,2025-06-09
3522,5955,7,2025-10-01
3523,5957,7,2025-03-19
3524,5958,7,2025-09-21
3525,5960,7,2025-04-12
3526,5961,7,2026-01-04
3527,5962,7,2026-01-24
3528,5963,7,2025-04-04
3529,5965,7,2025-09-05
3530,5967,7,2025-07-22
3531,5968,7,2025-07-05
3532,5969,7,2025-07-11
3533,5970,7,2025-09-09
3534,5971,7,2025-10-16
3535,5972,7,2025-09-21
3536,5974,7,2025-04-21
3537,5976,7,2025-07-10
3538,5977,7,2026-02-11
3539,5978,7,2025-05-23
3540,5979,7,2025-03-25
3541,5983,7,2025-04-18
3542,5984,7,2025-10-13
3543,5985,7,2025-10-02
3544,5986,7,2025-10-28
3545,5987,7,2025-08-14
3546,5988,7,2025-06-11
3547,5989,7,2026-01-20
3548,5990,7,2025-11-22
3549,5993,7,2025-05-31
3550,5997,7,2025-09-10
3551,5998,7,2025-04-13
3552,5999,7,2026-03-01
3553,6001,7,2025-05-14
3554,6002,7,2025-07-29
3555,6004,7,2025-04-03
3556,6005,7,2025-07-08
3557,6006,7,2025-10-12
3558,6009,7,2025-07-25
3559,6010,7,2025-10-22
3560,6013,7,2025-09-10
3561,6014,7,2025-07-26
3562,6015,7,2025-10-27
3563,6017,7,2025-04-27
3564,6018,7,2026-01-03
3565,6019,7,2025-05-25
3566,6021,7,2025-09-23
3567,6022,7,2026-02-28
3568,6023,7,2025-11-04
3569,6026,7,2026-01-25
3570,6028,7,2026-01-26
3571,6031,7,2025-07-19
3572,6032,7,2025-09-09
3573,6033,7,2025-07-28
3574,6034,7,2025-03-17
3575,6038,7,2025-12-06
3576,6040,7,2025-09-20
3577,6042,7,2026-03-13
3578,6044,7,2026-02-16
3579,6045,7,2025-11-11
3580,6046,7,2025-06-02
3581,6047,7,2025-12-01
3582,6049,7,2026-02-10
3583,6050,7,2025-07-22
3584,6051,7,2025-11-01
3585,6052,7,2025-05-21
3586,6053,7,2025-11-16
3587,6055,7,2026-01-05
3588,6056,7,2025-09-22
3589,6059,7,2025-07-21
3590,6060,7,2025-08-04
3591,6061,7,2025-11-15
3592,6062,7,2025-11-08
3593,6063,7,2025-05-30
3594,6066,7,2025-12-27
3595,6068,7,2025-05-04
3596,6070,7,2025-04-26
3597,6071,7,2025-11-18
3598,6072,7,2025-04-19
3599,6073,7,2026-03-12
3600,6074,7,2025-10-31
3601,6075,7,2025-11-11
3602,6076,7,2025-08-07
3603,6077,7,2026-03-11
3604,6078,7,2025-06-15
3605,6079,7,2025-10-30
3606,6080,7,2025-10-30
3607,6082,7,2025-05-14
3608,6083,7,2025-09-02
3609,6084,7,2025-09-11
3610,6085,7,2025-09-30
3611,6086,7,2026-01-07
3612,6091,7,2025-06-10
3613,6092,7,2025-10-17
3614,6094,7,2026-02-03
3615,6095,7,2025-06-04
3616,6096,7,2025-06-16
3617,6098,7,2025-12-09
3618,6100,7,2025-06-06
3619,6101,7,2025-06-27
3620,6103,7,2026-03-12
3621,6104,7,2025-07-24
3622,6105,7,2026-02-26
3623,6106,7,2026-01-28
3624,6107,7,2025-04-16
3625,6109,7,2025-04-06
3626,6111,7,2025-08-03
3627,6113,7,2025-05-03
3628,6114,7,2026-03-12
3629,6116,7,2025-11-30
3630,6118,7,2025-05-13
3631,6120,7,2025-05-25
3632,6124,7,2026-02-26
3633,6125,7,2025-04-13
3634,6126,7,2025-09-25
3635,6127,7,2025-12-12
3636,6129,7,2025-12-07
3637,6130,7,2025-04-28
3638,6132,7,2025-06-07
3639,6133,7,2025-06-29
3640,6134,7,2025-10-15
3641,6135,7,2025-05-13
3642,6136,7,2025-09-21
3643,6137,7,2025-12-25
3644,6138,7,2025-08-07
3645,6139,7,2025-10-26
3646,6141,7,2025-12-25
3647,6146,7,2025-03-17
3648,6147,7,2026-01-31
3649,6149,7,2025-12-22
3650,6150,7,2025-10-28
3651,6152,7,2025-06-12
3652,6153,7,2025-05-09
3653,6154,7,2025-12-10
3654,6158,7,2025-12-01
3655,6159,7,2025-11-19
3656,6160,7,2025-04-22
3657,6161,7,2026-02-06
3658,6162,7,2025-06-29
3659,6163,7,2026-01-15
3660,6166,7,2025-04-13
3661,6167,7,2025-12-31
3662,6169,7,2025-04-16
3663,6171,7,2025-12-02
3664,6174,7,2025-07-24
3665,6175,7,2025-10-31
3666,6176,7,2025-05-14
3667,6177,7,2025-07-21
3668,6178,7,2025-09-08
3669,6179,7,2026-01-22
3670,6180,7,2025-09-21
3671,6182,7,2025-06-14
3672,6183,7,2025-05-02
3673,6184,7,2025-11-13
3674,6185,7,2026-02-05
3675,6186,7,2025-05-19
3676,6187,7,2025-08-18
3677,6188,7,2025-09-01
3678,6189,7,2025-07-02
3679,6190,7,2025-05-05
3680,6191,7,2025-04-03
3681,6192,7,2025-10-11
3682,6193,7,2025-10-11
3683,6194,7,2025-10-07
3684,6195,7,2025-08-23
3685,6196,7,2025-08-06
3686,6200,7,2025-06-10
3687,6201,7,2025-03-10
3688,6202,7,2026-01-08
3689,6203,7,2025-08-26
3690,6204,7,2025-09-09
3691,6205,7,2026-03-06
3692,6206,7,2025-08-24
3693,6207,7,2025-04-25
3694,6208,7,2025-09-30
3695,6210,7,2026-01-23
3696,6213,7,2026-01-06
3697,6214,7,2025-07-30
3698,6215,7,2025-09-03
3699,6216,7,2025-04-19
3700,6217,7,2025-04-14
3701,6220,7,2025-03-18
3702,6221,7,2025-06-21
3703,6223,7,2025-08-08
3704,6224,7,2025-04-11
3705,6227,7,2025-06-18
3706,6228,7,2025-10-29
3707,6229,7,2026-03-13
3708,6230,7,2025-08-12
3709,6232,7,2026-02-25
3710,6233,7,2025-04-27
3711,6235,7,2025-11-11
3712,6236,7,2025-10-15
3713,6239,7,2025-03-16
3714,6240,7,2025-11-24
3715,6241,7,2025-06-18
3716,6243,7,2026-01-05
3717,6244,7,2025-12-12
3718,6245,7,2025-08-30
3719,6246,7,2025-06-18
3720,6248,7,2025-03-14
3721,6250,7,2025-10-23
3722,6251,7,2025-12-27
3723,6253,7,2025-03-17
3724,6254,7,2026-01-24
3725,6255,7,2026-03-04
3726,6259,7,2025-06-29
3727,6261,7,2025-10-10
3728,6265,7,2025-11-13
3729,6266,7,2025-04-22
3730,6267,7,2025-07-23
3731,6268,7,2025-12-19
3732,6270,7,2025-06-03
3733,6272,7,2026-01-24
3734,6273,7,2025-12-28
3735,6274,7,2026-03-02
3736,6276,7,2025-09-23
3737,6277,7,2025-06-21
3738,6279,7,2025-11-16
3739,6280,7,2025-10-19
3740,6283,7,2025-04-12
3741,6284,7,2026-02-28
3742,6285,7,2025-08-16
3743,6287,7,2025-11-26
3744,6289,7,2026-02-05
3745,6290,7,2025-06-11
3746,6292,7,2025-05-05
3747,6293,7,2026-01-04
3748,6294,7,2025-03-29
3749,6296,7,2025-12-26
3750,6298,7,2026-03-01
3751,6300,7,2025-03-26
3752,6301,7,2025-04-04
3753,6304,7,2025-11-14
3754,6305,7,2025-03-25
3755,6307,7,2025-07-12
3756,6308,7,2025-11-20
3757,6309,7,2025-09-08
3758,6310,7,2025-09-18
3759,6311,7,2025-08-05
3760,6312,7,2026-02-01
3761,6313,7,2025-05-30
3762,6314,7,2026-03-04
3763,6315,7,2025-05-30
3764,6319,7,2025-06-08
3765,6320,7,2025-12-20
3766,6321,7,2025-12-07
3767,6324,7,2025-08-15
3768,6326,7,2025-11-26
3769,6327,7,2026-01-08
3770,6330,7,2025-06-26
3771,6332,7,2026-02-02
3772,6333,7,2025-09-12
3773,6335,7,2025-12-24
3774,6336,7,2026-03-04
3775,6337,7,2025-10-02
3776,6338,7,2025-06-02
3777,6339,7,2026-02-21
3778,6343,7,2026-02-05
3779,6344,7,2025-08-05
3780,6346,7,2026-03-01
3781,6347,7,2025-12-29
3782,6350,7,2025-08-02
3783,6352,7,2025-05-18
3784,6353,7,2025-04-07
3785,6354,7,2025-08-01
3786,6356,7,2025-03-16
3787,6357,7,2025-09-27
3788,6360,7,2025-12-21
3789,6361,7,2025-12-17
3790,6363,7,2025-06-20
3791,6364,7,2025-10-02
3792,6367,7,2026-02-05
3793,6368,7,2025-11-15
3794,6370,7,2025-09-27
3795,6371,7,2025-04-24
3796,6372,7,2025-07-14
3797,6373,7,2025-07-15
3798,6374,7,2025-04-30
3799,6376,7,2025-04-11
3800,6377,7,2025-12-15
3801,6378,7,2025-06-05
3802,6379,7,2025-09-11
3803,6383,7,2025-05-07
3804,6385,7,2025-04-23
3805,6386,7,2025-04-05
3806,6387,7,2025-08-13
3807,6389,7,2025-06-11
3808,6390,7,2025-10-21
3809,6391,7,2026-02-18
3810,6392,7,2025-09-12
3811,6393,7,2025-10-16
3812,6394,7,2025-04-06
3813,6395,7,2025-09-20
3814,6396,7,2025-12-24
3815,6398,7,2026-03-10
3816,6400,7,2026-02-08
3817,6403,7,2026-03-12
3818,6404,7,2025-10-02
3819,6406,7,2025-10-14
3820,6407,7,2025-09-12
3821,6409,7,2025-09-28
3822,6410,7,2025-09-26
3823,6411,7,2025-06-21
3824,6412,7,2025-05-26
3825,6413,7,2025-08-27
3826,6417,7,2025-12-16
3827,6421,7,2025-06-04
3828,6422,7,2025-05-03
3829,6423,7,2025-08-29
3830,6424,7,2025-07-05
3831,6429,7,2025-11-29
3832,6430,7,2025-05-04
3833,6432,7,2025-08-15
3834,6435,7,2025-11-13
3835,6436,7,2025-07-26
3836,6437,7,2025-04-25
3837,6438,7,2026-01-11
3838,6440,7,2026-02-18
3839,6442,7,2025-07-08
3840,6443,7,2025-08-15
3841,6445,7,2025-06-11
3842,6446,7,2025-09-16
3843,6447,7,2025-03-26
3844,6448,7,2025-08-30
3845,6449,7,2025-09-01
3846,6450,7,2026-02-07
3847,6452,7,2025-03-11
3848,6453,7,2025-05-05
3849,6454,7,2025-05-13
3850,6458,7,2026-02-24
3851,6459,7,2025-10-15
3852,6460,7,2025-05-02
3853,6461,7,2025-06-05
3854,6462,7,2026-02-11
3855,6463,7,2025-08-29
3856,6464,7,2025-10-09
3857,6465,7,2026-03-14
3858,6466,7,2025-11-07
3859,6467,7,2026-01-02
3860,6468,7,2025-07-25
3861,6469,7,2026-03-05
3862,6472,7,2025-04-22
3863,6473,7,2025-08-23
3864,6474,7,2025-07-31
3865,6475,7,2025-08-26
3866,6476,7,2025-07-17
3867,6477,7,2025-10-14
3868,6478,7,2025-09-27
3869,6480,7,2025-10-29
3870,6482,7,2026-01-05
3871,6485,7,2025-05-04
3872,6486,7,2025-09-02
3873,6487,7,2025-11-30
3874,6489,7,2025-05-13
3875,6490,7,2025-08-14
3876,6491,7,2025-07-03
3877,6492,7,2026-02-16
3878,6493,7,2025-09-24
3879,6494,7,2025-04-13
3880,6495,7,2025-08-10
3881,6497,7,2025-08-26
3882,6499,7,2025-11-11
3883,6500,7,2025-04-11
3884,6502,7,2026-03-05
3885,6503,7,2025-07-01
3886,6504,7,2025-04-03
3887,6507,7,2025-04-29
3888,6508,7,2025-06-12
3889,6509,7,2025-10-18
3890,6510,7,2025-07-18
3891,6512,7,2025-07-15
3892,6517,7,2025-07-02
3893,6518,7,2025-05-27
3894,6521,7,2025-12-15
3895,6523,7,2025-12-30
3896,6524,7,2025-06-11
3897,6525,7,2025-11-30
3898,6526,7,2025-12-05
3899,6528,7,2025-11-12
3900,6529,7,2025-08-11
3901,6531,7,2025-05-14
3902,6532,7,2025-11-10
3903,6533,7,2025-03-22
3904,6535,7,2025-06-19
3905,6536,7,2025-09-28
3906,6537,7,2025-09-27
3907,6540,7,2025-03-19
3908,6542,7,2025-07-15
3909,6543,7,2025-09-21
3910,6544,7,2025-09-28
3911,6545,7,2025-03-18
3912,6546,7,2025-03-10
3913,6547,7,2025-05-22
3914,6548,7,2025-10-02
3915,6551,7,2026-02-11
3916,6552,7,2025-03-10
3917,6554,7,2025-08-27
3918,6555,7,2025-09-27
3919,6556,7,2025-04-06
3920,6557,7,2025-05-29
3921,6558,7,2025-05-08
3922,6559,7,2025-08-13
3923,6560,7,2025-04-17
3924,6562,7,2025-06-06
3925,6565,7,2026-03-04
3926,6566,7,2026-01-12
3927,6567,7,2025-07-04
3928,6568,7,2026-01-13
3929,6569,7,2026-02-11
3930,6570,7,2026-03-04
3931,6571,7,2026-01-28
3932,6572,7,2025-11-23
3933,6574,7,2026-01-07
3934,6575,7,2026-01-14
3935,6576,7,2025-10-02
3936,6577,7,2026-01-12
3937,6578,7,2026-01-03
3938,6579,7,2025-07-29
3939,6582,7,2025-06-12
3940,6584,7,2025-08-12
3941,6585,7,2025-12-22
3942,6586,7,2025-04-29
3943,6587,7,2025-11-21
3944,6590,7,2025-07-30
3945,6591,7,2025-04-11
3946,6593,7,2025-05-22
3947,6594,7,2025-06-10
3948,6595,7,2025-03-17
3949,6596,7,2025-08-10
3950,6597,7,2026-01-11
3951,6599,7,2025-07-16
3952,6600,7,2025-05-17
3953,6601,7,2026-01-20
3954,6602,7,2025-12-15
3955,6603,7,2025-03-17
3956,6604,7,2025-07-21
3957,6605,7,2025-06-05
3958,6606,7,2025-10-22
3959,6608,7,2025-06-11
3960,6610,7,2025-10-09
3961,6611,7,2025-08-22
3962,6613,7,2025-04-24
3963,6615,7,2025-10-08
3964,6617,7,2025-11-14
3965,6618,7,2026-03-12
3966,6619,7,2025-05-07
3967,6620,7,2026-02-20
3968,6624,7,2026-01-08
3969,6625,7,2025-05-19
3970,6627,7,2025-09-03
3971,6628,7,2025-10-03
3972,6629,7,2025-11-21
3973,6634,7,2025-10-08
3974,6637,7,2025-12-01
3975,6638,7,2025-05-28
3976,6639,7,2025-10-01
3977,6641,7,2026-01-31
3978,6642,7,2025-08-14
3979,6645,7,2026-02-17
3980,6646,7,2026-01-03
3981,6647,7,2025-03-18
3982,6648,7,2025-05-05
3983,6649,7,2025-08-24
3984,6652,8,2026-02-12
3985,6653,8,2025-07-23
3986,6654,8,2025-09-18
3987,6657,8,2025-06-27
3988,6659,8,2026-01-18
3989,6660,8,2025-11-21
3990,6662,8,2025-11-30
3991,6663,8,2025-04-16
3992,6665,8,2026-01-21
3993,6667,8,2025-12-01
3994,6668,8,2025-10-08
3995,6669,8,2025-12-15
3996,6670,8,2025-03-21
3997,6671,8,2025-03-27
3998,6673,8,2025-04-14
3999,6674,8,2026-01-08
4000,6675,8,2025-06-25
4001,6677,8,2025-09-29
4002,6678,8,2025-08-14
4003,6680,8,2025-11-30
4004,6681,8,2025-08-12
4005,6683,8,2025-10-22
4006,6686,8,2025-07-28
4007,6687,8,2025-05-25
4008,6688,8,2025-06-26
4009,6689,8,2025-07-03
4010,6690,8,2025-12-06
4011,6691,8,2025-05-10
4012,6692,8,2025-06-15
4013,6693,8,2025-06-30
4014,6695,8,2025-10-26
4015,6696,8,2025-07-17
4016,6697,8,2025-12-12
4017,6698,8,2026-03-06
4018,6699,8,2025-07-29
4019,6702,8,2025-04-05
4020,6703,8,2025-06-28
4021,6704,8,2025-03-17
4022,6705,8,2025-11-22
4023,6706,8,2026-01-28
4024,6707,8,2026-03-05
4025,6708,8,2025-04-11
4026,6709,8,2025-07-26
4027,6710,8,2026-01-03
4028,6714,8,2026-02-09
4029,6715,8,2025-08-29
4030,6717,8,2025-06-30
4031,6718,8,2025-12-30
4032,6720,8,2025-07-30
4033,6722,8,2025-07-16
4034,6724,8,2025-08-05
4035,6725,8,2025-05-11
4036,6726,8,2025-10-22
4037,6727,8,2025-05-22
4038,6729,8,2025-04-30
4039,6730,8,2025-08-18
4040,6731,8,2025-03-19
4041,6734,8,2026-02-03
4042,6737,8,2026-01-27
4043,6739,8,2025-10-06
4044,6740,8,2025-08-18
4045,6741,8,2025-04-10
4046,6743,8,2025-12-18
4047,6745,8,2025-06-09
4048,6747,8,2025-12-26
4049,6749,8,2025-11-23
4050,6750,8,2025-05-17
4051,6752,8,2025-11-17
4052,6754,8,2025-09-10
4053,6756,8,2025-04-27
4054,6759,8,2025-03-18
4055,6760,8,2025-11-01
4056,6763,8,2025-09-19
4057,6765,8,2026-02-15
4058,6766,8,2026-02-09
4059,6767,8,2026-02-18
4060,6768,8,2025-08-27
4061,6769,8,2025-10-07
4062,6770,8,2026-02-13
4063,6771,8,2025-08-16
4064,6772,8,2025-09-02
4065,6775,8,2025-12-07
4066,6776,8,2025-10-22
4067,6778,8,2025-11-08
4068,6779,8,2026-01-11
4069,6782,8,2025-11-02
4070,6783,8,2026-01-19
4071,6784,8,2025-04-06
4072,6785,8,2025-12-20
4073,6788,8,2026-01-11
4074,6789,8,2025-04-23
4075,6792,8,2025-09-24
4076,6793,8,2025-10-24
4077,6794,8,2025-08-01
4078,6795,8,2025-08-04
4079,6796,8,2025-10-02
4080,6798,8,2025-04-21
4081,6799,8,2025-07-02
4082,6801,8,2025-11-11
4083,6804,8,2025-06-04
4084,6806,8,2025-10-15
4085,6807,8,2025-05-25
4086,6809,8,2025-11-30
4087,6810,8,2025-09-25
4088,6811,8,2026-02-26
4089,6813,8,2026-01-16
4090,6814,8,2026-01-14
4091,6816,8,2026-01-20
4092,6818,8,2025-11-20
4093,6819,8,2026-01-30
4094,6821,8,2025-12-13
4095,6822,8,2026-01-09
4096,6824,8,2025-11-23
4097,6825,8,2026-03-08
4098,6826,8,2025-04-10
4099,6827,8,2025-03-15
4100,6830,8,2025-12-21
4101,6832,8,2026-02-24
4102,6833,8,2026-01-26
4103,6834,8,2025-09-15
4104,6835,8,2025-04-03
4105,6836,8,2025-03-18
4106,6838,8,2025-09-03
4107,6841,8,2025-11-25
4108,6842,8,2025-04-09
4109,6845,8,2025-10-18
4110,6848,8,2025-09-20
4111,6849,8,2026-03-14
4112,6852,8,2025-08-22
4113,6854,8,2025-12-26
4114,6855,8,2025-07-23
4115,6857,8,2026-02-15
4116,6859,8,2025-12-25
4117,6860,8,2025-12-29
4118,6861,8,2025-11-05
4119,6862,8,2025-05-27
4120,6863,8,2025-11-12
4121,6865,8,2025-04-01
4122,6869,8,2025-04-08
4123,6873,8,2025-09-08
4124,6874,8,2025-08-01
4125,6875,8,2026-01-20
4126,6877,8,2026-02-16
4127,6879,8,2026-01-03
4128,6880,8,2025-10-16
4129,6882,8,2025-06-01
4130,6883,8,2025-05-08
4131,6884,8,2025-04-11
4132,6886,8,2025-06-27
4133,6887,8,2025-06-17
4134,6891,8,2025-08-27
4135,6894,8,2026-02-26
4136,6896,8,2025-10-03
4137,6899,8,2026-03-09
4138,6901,8,2025-06-06
4139,6902,8,2025-07-12
4140,6906,8,2025-04-20
4141,6907,8,2026-02-13
4142,6908,8,2025-08-04
4143,6909,8,2025-10-06
4144,6910,8,2025-03-26
4145,6911,8,2025-05-12
4146,6912,8,2026-02-05
4147,6913,8,2025-11-10
4148,6914,8,2025-03-27
4149,6916,8,2025-10-03
4150,6917,8,2025-06-03
4151,6918,8,2025-06-23
4152,6919,8,2025-04-08
4153,6920,8,2025-04-23
4154,6921,8,2025-07-22
4155,6924,8,2025-09-18
4156,6925,8,2025-04-07
4157,6926,8,2025-08-05
4158,6928,8,2025-10-24
4159,6929,8,2025-04-27
4160,6930,8,2025-12-11
4161,6935,8,2026-01-15
4162,6938,8,2025-07-01
4163,6940,8,2025-08-18
4164,6941,8,2025-03-23
4165,6944,8,2026-02-08
4166,6946,8,2025-07-04
4167,6950,8,2026-03-14
4168,6951,8,2025-04-02
4169,6953,8,2026-02-12
4170,6955,8,2026-02-07
4171,6956,8,2025-06-08
4172,6957,8,2025-05-15
4173,6958,8,2025-07-09
4174,6961,8,2025-03-24
4175,6964,8,2025-06-26
4176,6965,8,2025-10-25
4177,6968,8,2026-02-21
4178,6971,8,2026-02-19
4179,6973,8,2026-01-26
4180,6976,8,2025-04-12
4181,6977,8,2026-03-11
4182,6979,8,2025-03-12
4183,6983,8,2026-03-06
4184,6984,8,2025-07-22
4185,6985,8,2025-11-06
4186,6986,8,2025-08-22
4187,6988,8,2025-11-08
4188,6990,8,2026-03-05
4189,6991,8,2025-12-16
4190,6992,8,2026-02-25
4191,6993,8,2025-12-01
4192,6994,8,2025-09-18
4193,6995,8,2025-09-24
4194,6997,8,2025-10-11
4195,6998,8,2025-11-23
4196,7002,8,2025-08-14
4197,7004,8,2025-05-11
4198,7005,8,2026-01-16
4199,7007,8,2026-01-26
4200,7008,8,2026-03-06
4201,7009,8,2025-06-29
4202,7010,8,2025-05-24
4203,7012,8,2025-10-26
4204,7013,8,2025-03-25
4205,7014,8,2026-02-10
4206,7015,8,2025-11-14
4207,7018,8,2025-07-26
4208,7019,8,2025-10-14
4209,7021,8,2025-04-11
4210,7022,8,2025-03-29
4211,7023,8,2025-05-13
4212,7025,8,2025-10-20
4213,7026,8,2026-02-02
4214,7028,8,2025-06-05
4215,7031,8,2025-12-12
4216,7032,8,2025-08-07
4217,7033,8,2025-06-06
4218,7035,8,2026-01-06
4219,7040,8,2026-02-26
4220,7041,8,2025-09-23
4221,7042,8,2025-08-25
4222,7043,8,2025-09-04
4223,7044,8,2025-08-11
4224,7045,8,2025-04-03
4225,7046,8,2025-05-10
4226,7050,8,2025-11-09
4227,7051,8,2026-02-16
4228,7053,8,2025-11-19
4229,7055,8,2025-11-08
4230,7056,8,2025-03-16
4231,7057,8,2025-12-12
4232,7059,8,2025-12-26
4233,7064,8,2025-06-05
4234,7066,8,2025-03-22
4235,7067,8,2026-01-04
4236,7068,8,2025-11-09
4237,7069,8,2025-07-18
4238,7070,8,2026-01-20
4239,7071,8,2025-08-17
4240,7072,8,2025-03-19
4241,7074,8,2025-11-06
4242,7075,8,2025-03-20
4243,7076,8,2026-01-14
4244,7079,8,2025-11-29
4245,7080,8,2025-07-19
4246,7081,8,2025-04-12
4247,7082,8,2025-04-12
4248,7083,8,2025-07-03
4249,7084,8,2026-01-03
4250,7085,8,2025-11-04
4251,7087,8,2025-05-31
4252,7088,8,2025-10-01
4253,7091,8,2025-09-12
4254,7092,8,2026-03-06
4255,7093,8,2025-07-04
4256,7094,8,2025-09-26
4257,7095,8,2026-02-06
4258,7097,8,2026-01-22
4259,7098,8,2025-07-17
4260,7099,8,2026-02-27
4261,7101,8,2026-02-12
4262,7102,8,2026-02-03
4263,7103,8,2025-12-12
4264,7104,8,2025-08-26
4265,7106,8,2025-06-11
4266,7108,8,2025-12-20
4267,7109,8,2026-01-29
4268,7111,8,2026-03-04
4269,7112,8,2026-01-03
4270,7113,8,2025-03-29
4271,7115,8,2025-11-20
4272,7117,8,2025-09-03
4273,7119,8,2026-01-17
4274,7120,8,2025-05-07
4275,7122,8,2025-09-29
4276,7124,8,2026-01-13
4277,7126,8,2025-10-19
4278,7127,8,2025-09-30
4279,7128,8,2025-10-03
4280,7130,8,2025-06-07
4281,7131,8,2025-05-12
4282,7133,8,2025-08-26
4283,7135,8,2025-03-11
4284,7136,8,2026-02-20
4285,7139,8,2026-02-11
4286,7141,8,2025-12-14
4287,7142,8,2025-03-20
4288,7143,8,2025-07-24
4289,7145,8,2025-07-05
4290,7146,8,2025-04-28
4291,7150,8,2025-10-26
4292,7151,8,2025-04-14
4293,7152,8,2025-08-03
4294,7153,8,2025-03-23
4295,7154,8,2025-09-03
4296,7155,8,2025-09-08
4297,7157,8,2026-01-13
4298,7159,8,2025-12-19
4299,7160,8,2025-06-09
4300,7161,8,2025-05-15
4301,7162,8,2025-08-19
4302,7164,8,2025-07-28
4303,7165,8,2025-11-03
4304,7166,8,2025-06-24
4305,7169,8,2025-06-02
4306,7171,8,2025-04-29
4307,7172,8,2025-11-21
4308,7173,8,2025-10-15
4309,7175,8,2025-12-20
4310,7177,8,2025-08-08
4311,7179,8,2025-05-06
4312,7181,8,2026-01-21
4313,7182,8,2025-05-19
4314,7184,8,2025-04-13
4315,7185,8,2025-03-16
4316,7186,8,2025-05-17
4317,7187,8,2025-09-12
4318,7189,8,2025-11-02
4319,7192,8,2025-11-27
4320,7193,8,2025-09-27
4321,7196,8,2025-04-22
4322,7197,8,2026-01-31
4323,7198,8,2025-10-15
4324,7199,8,2025-05-14
4325,7200,8,2025-11-15
4326,7202,8,2025-07-18
4327,7204,8,2026-02-27
4328,7205,8,2026-02-24
4329,7208,8,2025-07-20
4330,7209,8,2025-05-27
4331,7210,8,2025-03-18
4332,7213,8,2025-07-06
4333,7217,8,2025-07-04
4334,7219,8,2026-02-09
4335,7220,8,2026-02-25
4336,7223,8,2025-10-12
4337,7224,8,2025-09-18
4338,7226,8,2026-01-16
4339,7227,8,2025-05-13
4340,7228,8,2025-05-29
4341,7229,8,2025-03-23
4342,7231,8,2026-01-24
4343,7233,8,2025-12-23
4344,7234,8,2025-10-23
4345,7235,8,2025-11-22
4346,7236,8,2025-12-15
4347,7239,8,2025-12-25
4348,7240,8,2026-01-24
4349,7241,8,2025-07-15
4350,7242,8,2025-05-25
4351,7246,8,2025-10-19
4352,7250,8,2025-05-17
4353,7251,8,2025-11-18
4354,7252,8,2025-03-21
4355,7253,8,2025-11-03
4356,7255,8,2026-02-24
4357,7256,8,2026-03-02
4358,7257,8,2025-04-06
4359,7260,8,2025-04-28
4360,7262,8,2025-06-22
4361,7264,8,2025-07-13
4362,7266,8,2025-06-21
4363,7267,8,2026-01-14
4364,7269,8,2026-01-28
4365,7272,8,2025-03-23
4366,7273,8,2025-05-01
4367,7274,8,2026-02-14
4368,7275,8,2025-11-21
4369,7279,8,2025-03-13
4370,7280,8,2025-08-13
4371,7281,8,2025-09-19
4372,7282,8,2025-12-14
4373,7285,8,2025-09-14
4374,7289,8,2025-10-31
4375,7292,8,2025-12-03
4376,7293,8,2026-01-27
4377,7294,8,2025-05-20
4378,7295,8,2025-05-14
4379,7296,8,2025-06-02
4380,7298,8,2025-12-20
4381,7300,8,2025-10-29
4382,7302,8,2025-07-01
4383,7303,8,2025-05-15
4384,7305,8,2026-02-12
4385,7307,8,2025-05-20
4386,7308,8,2026-01-23
4387,7310,8,2025-08-03
4388,7312,8,2026-01-08
4389,7313,8,2025-03-26
4390,7314,8,2025-07-31
4391,7315,8,2025-10-30
4392,7320,8,2025-07-20
4393,7321,8,2025-06-06
4394,7323,8,2025-03-28
4395,7324,8,2025-10-07
4396,7325,8,2026-01-24
4397,7327,8,2026-01-05
4398,7329,8,2025-09-26
4399,7330,8,2026-01-23
4400,7331,8,2025-06-04
4401,7332,8,2025-08-04
4402,7334,8,2025-04-21
4403,7336,8,2026-02-06
4404,7338,8,2025-03-25
4405,7340,8,2025-06-04
4406,7341,8,2025-04-06
4407,7342,8,2025-12-26
4408,7343,8,2025-06-23
4409,7344,8,2025-07-27
4410,7345,8,2025-07-18
4411,7347,8,2025-10-28
4412,7350,8,2026-03-15
4413,7354,8,2025-05-10
4414,7355,8,2025-05-23
4415,7356,8,2025-03-17
4416,7357,8,2025-07-01
4417,7359,8,2026-02-17
4418,7360,8,2025-11-11
4419,7362,8,2025-06-09
4420,7363,8,2025-06-05
4421,7364,8,2026-02-23
4422,7367,8,2025-11-22
4423,7369,8,2025-05-08
4424,7372,8,2025-07-19
4425,7374,8,2025-12-14
4426,7375,8,2025-08-19
4427,7376,8,2025-08-23
4428,7377,8,2026-02-25
4429,7378,8,2025-05-31
4430,7380,8,2025-08-25
4431,7382,8,2025-12-18
4432,7383,8,2025-03-16
4433,7386,8,2025-10-11
4434,7387,8,2025-08-05
4435,7388,8,2025-07-06
4436,7390,8,2025-10-13
4437,7391,8,2025-11-23
4438,7392,8,2025-10-29
4439,7395,8,2026-02-21
4440,7396,8,2025-09-03
4441,7397,8,2026-01-27
4442,7398,8,2025-12-21
4443,7401,8,2025-08-30
4444,7403,8,2025-08-23
4445,7408,8,2025-12-07
4446,7409,8,2025-04-13
4447,7410,8,2026-01-15
4448,7411,8,2025-12-02
4449,7412,8,2025-07-30
4450,7413,8,2025-06-15
4451,7414,8,2025-04-22
4452,7418,8,2025-04-04
4453,7419,8,2025-12-13
4454,7421,8,2025-11-15
4455,7422,8,2025-04-16
4456,7423,8,2025-12-19
4457,7424,8,2026-01-17
4458,7427,8,2025-09-30
4459,7428,8,2026-01-05
4460,7429,8,2025-06-11
4461,7431,8,2025-06-05
4462,7432,8,2025-08-18
4463,7435,8,2025-06-02
4464,7437,8,2025-11-18
4465,7439,8,2025-06-25
4466,7440,8,2025-12-08
4467,7441,8,2025-08-31
4468,7444,8,2025-12-24
4469,7445,8,2026-01-20
4470,7447,8,2025-09-25
4471,7448,8,2026-01-17
4472,7449,8,2025-09-19
4473,7450,8,2026-01-07
4474,7453,8,2025-09-06
4475,7455,8,2026-02-12
4476,7457,8,2025-04-06
4477,7458,8,2025-04-16
4478,7459,8,2025-08-11
4479,7463,8,2025-10-03
4480,7465,8,2025-07-19
4481,7466,8,2025-08-21
4482,7471,8,2025-04-02
4483,7472,8,2026-02-04
4484,7474,8,2025-08-02
4485,7475,8,2025-10-02
4486,7476,8,2025-04-17
4487,7478,8,2026-02-15
4488,7480,8,2025-07-22
4489,7481,8,2025-08-09
4490,7487,8,2025-09-28
4491,7488,8,2025-08-25
4492,7490,8,2026-02-11
4493,7491,8,2025-04-16
4494,7492,8,2025-03-16
4495,7495,8,2025-04-17
4496,7496,8,2026-01-28
4497,7497,8,2026-01-19
4498,7499,8,2025-12-13
4499,7500,8,2025-05-08
4500,7501,8,2025-07-12
4501,7502,8,2025-04-16
4502,7504,8,2025-10-24
4503,7505,8,2025-05-16
4504,7506,8,2026-01-21
4505,7508,8,2025-07-24
4506,7509,8,2026-01-19
4507,7510,8,2025-08-27
4508,7511,8,2026-02-20
4509,7512,8,2025-11-29
4510,7513,8,2025-08-25
4511,7514,8,2026-03-01
4512,7518,8,2025-09-14
4513,7520,8,2025-07-15
4514,7522,8,2025-09-27
4515,7523,8,2025-08-20
4516,7524,8,2026-01-31
4517,7525,8,2025-11-05
4518,7530,8,2025-12-30
4519,7532,8,2025-04-07
4520,7533,8,2025-09-27
4521,7535,8,2026-02-18
4522,7536,8,2025-03-27
4523,7537,8,2026-03-07
4524,7538,8,2026-01-02
4525,7539,8,2025-06-02
4526,7544,8,2025-11-17
4527,7547,8,2025-07-07
4528,7549,8,2025-06-09
4529,7554,8,2025-09-26
4530,7555,8,2026-01-26
4531,7556,8,2025-03-23
4532,7557,8,2025-03-25
4533,7561,8,2025-05-18
4534,7562,8,2025-12-28
4535,7563,8,2025-06-04
4536,7564,8,2026-01-18
4537,7568,8,2025-10-23
4538,7570,8,2025-12-26
4539,7573,8,2025-11-26
4540,7575,8,2026-01-08
4541,7577,8,2025-07-19
4542,7578,8,2025-04-02
4543,7581,8,2025-12-31
4544,7582,8,2025-11-13
4545,7583,8,2026-02-15
4546,7584,8,2025-11-18
4547,7585,8,2025-04-20
4548,7586,8,2025-11-12
4549,7591,8,2025-04-09
4550,7592,8,2026-02-12
4551,7593,8,2025-08-08
4552,7595,8,2025-09-23
4553,7599,8,2025-07-03
4554,7600,8,2025-07-20
4555,7601,9,2026-03-02
4556,7602,9,2026-01-30
4557,7603,9,2025-12-11
4558,7607,9,2025-09-02
4559,7608,9,2026-02-12
4560,7610,9,2025-07-15
4561,7612,9,2026-03-02
4562,7614,9,2026-02-22
4563,7617,9,2025-07-10
4564,7619,9,2025-08-01
4565,7620,9,2025-12-09
4566,7621,9,2026-02-25
4567,7622,9,2025-04-07
4568,7624,9,2025-05-25
4569,7625,9,2025-05-27
4570,7626,9,2025-08-14
4571,7627,9,2025-04-25
4572,7628,9,2025-05-07
4573,7629,9,2025-07-23
4574,7633,9,2026-01-15
4575,7634,9,2025-07-15
4576,7636,9,2025-12-14
4577,7638,9,2025-08-13
4578,7639,9,2025-07-10
4579,7640,9,2025-09-18
4580,7642,9,2025-12-04
4581,7643,9,2025-10-31
4582,7644,9,2025-11-16
4583,7645,9,2025-10-02
4584,7646,9,2025-06-21
4585,7648,9,2026-03-09
4586,7649,9,2025-04-17
4587,7651,9,2025-04-10
4588,7652,9,2025-09-03
4589,7655,9,2025-04-28
4590,7656,9,2025-05-17
4591,7657,9,2025-07-04
4592,7659,9,2025-10-04
4593,7661,9,2025-03-27
4594,7662,9,2025-05-03
4595,7663,9,2025-12-12
4596,7664,9,2025-11-04
4597,7665,9,2025-03-18
4598,7666,9,2026-01-23
4599,7667,9,2025-03-18
4600,7668,9,2025-04-14
4601,7670,9,2025-05-28
4602,7671,9,2025-08-29
4603,7673,9,2025-08-07
4604,7674,9,2025-04-06
4605,7676,9,2025-06-08
4606,7677,9,2025-07-16
4607,7681,9,2025-09-09
4608,7682,9,2025-09-27
4609,7685,9,2025-04-12
4610,7686,9,2026-01-05
4611,7688,9,2025-12-24
4612,7691,9,2025-07-29
4613,7693,9,2025-06-24
4614,7694,9,2025-03-14
4615,7695,9,2026-02-28
4616,7696,9,2026-02-08
4617,7698,9,2025-03-15
4618,7699,9,2026-01-10
4619,7701,9,2025-09-27
4620,7702,9,2025-11-23
4621,7703,9,2025-06-02
4622,7704,9,2025-10-21
4623,7706,9,2025-08-28
4624,7707,9,2025-05-06
4625,7709,9,2025-09-09
4626,7712,9,2026-02-11
4627,7714,9,2026-02-22
4628,7716,9,2025-05-04
4629,7717,9,2025-07-01
4630,7718,9,2025-10-08
4631,7720,9,2025-09-08
4632,7721,9,2025-09-03
4633,7723,9,2026-01-04
4634,7726,9,2025-03-23
4635,7727,9,2026-01-26
4636,7731,9,2025-05-20
4637,7732,9,2025-11-10
4638,7735,9,2026-02-14
4639,7736,9,2026-01-30
4640,7737,9,2025-12-08
4641,7739,9,2026-02-11
4642,7741,9,2025-10-06
4643,7742,9,2025-10-26
4644,7744,9,2025-04-21
4645,7745,9,2025-04-08
4646,7749,9,2025-06-04
4647,7750,9,2025-07-14
4648,7751,9,2026-02-23
4649,7752,9,2026-02-01
4650,7753,9,2025-07-06
4651,7755,9,2025-09-01
4652,7758,9,2025-08-30
4653,7759,9,2025-10-21
4654,7761,9,2025-08-12
4655,7762,9,2025-12-12
4656,7763,9,2025-05-30
4657,7764,9,2025-10-09
4658,7765,9,2025-11-17
4659,7767,9,2025-08-01
4660,7769,9,2025-03-12
4661,7771,9,2025-08-12
4662,7772,9,2025-03-17
4663,7774,9,2026-02-16
4664,7778,9,2025-04-03
4665,7780,9,2026-02-14
4666,7782,9,2025-07-18
4667,7784,9,2026-03-05
4668,7785,9,2025-04-13
4669,7786,9,2025-12-18
4670,7788,9,2026-02-04
4671,7790,9,2026-02-20
4672,7791,9,2025-03-29
4673,7792,9,2025-03-28
4674,7796,9,2026-02-20
4675,7797,9,2026-01-01
4676,7798,9,2025-03-31
4677,7801,9,2025-07-29
4678,7802,9,2025-06-16
4679,7803,9,2025-03-16
4680,7806,9,2025-11-24
4681,7807,9,2025-11-11
4682,7808,9,2025-10-07
4683,7809,9,2025-08-07
4684,7810,9,2025-05-26
4685,7812,9,2025-04-08
4686,7815,9,2025-04-28
4687,7816,9,2025-06-09
4688,7817,9,2026-03-12
4689,7821,9,2026-01-29
4690,7822,9,2026-01-24
4691,7823,9,2025-09-05
4692,7824,9,2025-11-01
4693,7825,9,2025-05-03
4694,7827,9,2025-06-20
4695,7828,9,2025-08-29
4696,7830,9,2025-12-17
4697,7831,9,2026-02-27
4698,7832,9,2026-01-16
4699,7834,9,2026-02-08
4700,7836,9,2026-02-22
4701,7837,9,2025-03-22
4702,7840,9,2025-08-06
4703,7844,9,2025-03-24
4704,7845,9,2025-10-24
4705,7847,9,2025-06-21
4706,7849,9,2025-11-10
4707,7850,9,2025-08-24
4708,7852,9,2026-03-12
4709,7853,9,2026-02-08
4710,7855,9,2025-12-20
4711,7856,9,2025-12-07
4712,7857,9,2025-04-22
4713,7858,9,2025-09-04
4714,7859,9,2025-03-24
4715,7860,9,2025-10-01
4716,7861,9,2025-05-23
4717,7863,9,2025-04-04
4718,7864,9,2025-06-04
4719,7865,9,2025-10-05
4720,7866,9,2026-02-14
4721,7867,9,2026-02-18
4722,7870,9,2026-02-25
4723,7871,9,2025-12-27
4724,7872,9,2025-07-01
4725,7873,9,2025-12-23
4726,7876,9,2025-05-13
4727,7878,9,2025-08-03
4728,7879,9,2025-06-27
4729,7882,9,2025-10-21
4730,7883,9,2025-09-17
4731,7885,9,2025-12-01
4732,7886,9,2025-04-26
4733,7887,9,2025-12-24
4734,7888,9,2025-11-02
4735,7891,9,2025-03-15
4736,7893,9,2026-01-06
4737,7897,9,2025-12-15
4738,7898,9,2025-07-31
4739,7899,9,2026-02-28
4740,7900,9,2025-06-01
4741,7901,9,2025-11-09
4742,7902,9,2026-01-12
4743,7903,9,2026-03-11
4744,7904,9,2025-08-24
4745,7906,9,2025-05-07
4746,7907,9,2025-12-24
4747,7910,9,2025-04-13
4748,7911,9,2026-01-05
4749,7912,9,2026-01-31
4750,7914,9,2025-08-12
4751,7917,9,2025-12-30
4752,7918,9,2025-07-19
4753,7919,9,2026-01-24
4754,7920,9,2025-08-31
4755,7925,9,2025-06-21
4756,7926,9,2025-04-08
4757,7927,9,2025-08-24
4758,7929,9,2025-09-18
4759,7930,9,2025-10-26
4760,7935,9,2026-01-24
4761,7937,9,2025-09-23
4762,7942,9,2026-03-10
4763,7944,9,2025-03-11
4764,7946,9,2025-11-03
4765,7948,9,2026-02-01
4766,7949,9,2025-04-01
4767,7950,9,2025-10-01
4768,7951,9,2025-05-25
4769,7952,9,2025-09-26
4770,7953,9,2025-07-16
4771,7954,9,2025-04-29
4772,7955,9,2025-04-27
4773,7956,9,2025-06-29
4774,7958,9,2025-07-17
4775,7959,9,2025-07-17
4776,7960,9,2026-01-22
4777,7963,9,2025-04-24
4778,7964,9,2025-10-18
4779,7966,9,2026-01-25
4780,7969,9,2026-03-15
4781,7972,9,2025-11-20
4782,7974,9,2025-12-01
4783,7975,9,2025-11-16
4784,7976,9,2025-04-19
4785,7977,9,2025-09-17
4786,7981,9,2025-07-27
4787,7982,9,2025-08-23
4788,7984,9,2025-05-29
4789,7985,9,2025-10-22
4790,7986,9,2025-10-26
4791,7987,9,2025-09-09
4792,7988,9,2025-04-14
4793,7992,9,2025-03-18
4794,7994,9,2025-03-14
4795,7995,9,2025-06-08
4796,7998,9,2025-03-29
4797,8000,9,2026-01-13
4798,8001,9,2025-08-06
4799,8003,9,2025-07-19
4800,8004,9,2025-11-03
4801,8005,9,2025-05-16
4802,8006,9,2025-05-20
4803,8007,9,2025-12-27
4804,8008,9,2025-11-01
4805,8009,9,2025-06-18
4806,8010,9,2025-05-29
4807,8012,9,2025-05-27
4808,8014,9,2025-10-18
4809,8020,9,2026-01-26
4810,8021,9,2025-10-08
4811,8022,9,2025-10-01
4812,8023,9,2025-08-18
4813,8025,9,2025-08-18
4814,8026,9,2026-02-18
4815,8027,9,2025-10-09
4816,8029,9,2026-02-01
4817,8032,9,2025-07-23
4818,8033,9,2025-04-21
4819,8037,9,2025-12-06
4820,8039,9,2025-09-06
4821,8042,9,2025-07-16
4822,8043,9,2025-12-03
4823,8044,9,2025-05-06
4824,8047,9,2026-02-18
4825,8048,9,2025-07-31
4826,8049,9,2025-03-16
4827,8050,9,2025-11-27
4828,8051,9,2025-03-13
4829,8052,9,2025-05-21
4830,8053,9,2026-01-28
4831,8054,9,2025-10-14
4832,8056,9,2025-12-15
4833,8058,9,2025-11-18
4834,8059,9,2025-05-01
4835,8060,9,2025-10-03
4836,8063,9,2025-10-20
4837,8064,9,2025-10-02
4838,8065,9,2025-12-11
4839,8067,9,2025-03-21
4840,8069,9,2025-10-31
4841,8070,9,2025-07-06
4842,8071,9,2025-09-13
4843,8072,9,2025-12-19
4844,8073,9,2025-08-26
4845,8076,9,2025-07-18
4846,8077,9,2025-07-30
4847,8080,9,2026-01-09
4848,8082,9,2026-01-04
4849,8084,9,2025-09-24
4850,8086,9,2025-07-25
4851,8088,9,2025-09-04
4852,8089,9,2025-09-04
4853,8091,9,2025-11-27
4854,8092,9,2025-10-17
4855,8093,9,2025-09-04
4856,8095,9,2026-02-15
4857,8096,9,2026-01-19
4858,8097,9,2026-03-02
4859,8098,9,2025-06-09
4860,8100,9,2025-10-07
4861,8101,9,2025-04-07
4862,8104,9,2025-10-12
4863,8108,9,2026-01-24
4864,8110,9,2025-11-08
4865,8111,9,2025-12-18
4866,8112,9,2025-11-27
4867,8114,9,2025-10-30
4868,8115,9,2025-09-10
4869,8119,9,2025-08-16
4870,8120,9,2026-01-19
4871,8121,9,2025-05-30
4872,8123,9,2025-07-15
4873,8125,9,2025-06-07
4874,8127,9,2025-11-18
4875,8129,9,2025-09-16
4876,8132,9,2025-11-29
4877,8133,9,2025-09-27
4878,8134,9,2025-03-12
4879,8135,9,2026-01-02
4880,8136,9,2026-02-12
4881,8137,9,2025-05-03
4882,8138,9,2026-03-12
4883,8139,9,2025-08-09
4884,8141,9,2025-05-24
4885,8142,9,2026-02-18
4886,8143,9,2026-02-06
4887,8145,9,2025-11-12
4888,8146,9,2025-04-20
4889,8147,9,2025-06-02
4890,8149,9,2025-03-14
4891,8150,9,2025-05-24
4892,8151,9,2025-06-27
4893,8153,9,2025-12-11
4894,8154,9,2025-09-30
4895,8155,9,2026-03-04
4896,8156,9,2025-09-21
4897,8157,9,2025-12-02
4898,8158,9,2026-03-04
4899,8159,9,2025-10-12
4900,8162,9,2026-02-14
4901,8163,9,2025-08-22
4902,8165,9,2025-10-25
4903,8168,9,2025-11-19
4904,8169,9,2025-11-27
4905,8171,9,2026-01-31
4906,8172,9,2025-09-09
4907,8175,9,2025-06-19
4908,8176,9,2025-04-08
4909,8177,9,2025-09-09
4910,8180,9,2025-04-28
4911,8183,9,2025-09-14
4912,8185,9,2025-05-04
4913,8190,9,2025-08-23
4914,8191,9,2025-10-12
4915,8192,9,2025-08-03
4916,8193,9,2025-06-02
4917,8196,9,2025-08-13
4918,8199,9,2026-02-03
4919,8201,9,2025-03-13
4920,8204,9,2025-03-14
4921,8206,9,2026-03-11
4922,8207,9,2025-12-30
4923,8209,9,2026-03-12
4924,8211,9,2025-04-14
4925,8212,9,2025-11-11
4926,8213,9,2026-01-12
4927,8217,9,2025-03-12
4928,8221,9,2026-02-17
4929,8222,9,2025-12-08
4930,8223,9,2026-03-15
4931,8224,9,2025-08-27
4932,8228,9,2025-07-13
4933,8229,9,2025-08-24
4934,8230,9,2026-02-13
4935,8232,9,2025-05-04
4936,8237,9,2025-08-06
4937,8240,9,2026-01-15
4938,8241,9,2025-05-17
4939,8242,9,2025-05-16
4940,8244,9,2025-07-14
4941,8246,9,2026-03-09
4942,8248,9,2025-05-21
4943,8249,9,2025-06-30
4944,8250,9,2025-07-09
4945,8252,9,2025-03-14
4946,8253,9,2025-08-25
4947,8255,9,2025-04-23
4948,8257,9,2026-02-21
4949,8259,9,2025-12-18
4950,8260,9,2025-07-23
4951,8262,9,2025-11-19
4952,8263,9,2025-06-28
4953,8264,9,2025-06-07
4954,8266,9,2026-02-12
4955,8267,9,2025-07-12
4956,8271,9,2025-05-16
4957,8272,9,2025-05-15
4958,8273,9,2025-08-05
4959,8277,9,2025-08-29
4960,8278,9,2025-12-10
4961,8279,9,2026-01-14
4962,8280,9,2026-01-09
4963,8281,9,2026-01-02
4964,8282,9,2025-09-13
4965,8283,9,2025-05-04
4966,8285,9,2025-11-06
4967,8289,9,2025-11-10
4968,8291,9,2025-06-11
4969,8292,9,2025-06-28
4970,8294,9,2025-09-23
4971,8296,9,2026-01-26
4972,8298,9,2025-08-26
4973,8299,9,2025-05-01
4974,8301,9,2025-09-01
4975,8302,9,2025-03-24
4976,8304,9,2025-09-26
4977,8306,9,2025-12-29
4978,8309,9,2025-05-08
4979,8310,9,2025-04-15
4980,8311,9,2025-04-09
4981,8313,9,2025-03-14
4982,8314,9,2025-08-02
4983,8316,9,2025-10-06
4984,8317,9,2025-08-30
4985,8318,9,2025-08-09
4986,8320,9,2025-04-28
4987,8322,9,2026-02-25
4988,8323,9,2026-01-03
4989,8327,9,2025-07-28
4990,8328,9,2026-03-08
4991,8329,9,2025-09-09
4992,8330,9,2025-07-03
4993,8333,9,2025-03-12
4994,8334,9,2026-02-28
4995,8336,9,2025-10-14
4996,8337,9,2026-01-31
4997,8338,9,2025-09-08
4998,8339,9,2025-09-30
4999,8340,9,2025-04-21
5000,8342,9,2025-03-27
5001,8344,9,2025-04-05
5002,8345,9,2025-04-29
5003,8347,9,2025-04-21
5004,8348,9,2025-12-22
5005,8349,9,2025-11-10
5006,8350,9,2025-06-28
5007,8351,9,2025-04-14
5008,8352,9,2025-08-24
5009,8353,9,2025-08-02
5010,8354,9,2025-08-17
5011,8356,9,2025-05-11
5012,8357,9,2025-09-03
5013,8358,9,2025-06-22
5014,8359,9,2025-09-06
5015,8360,9,2025-08-14
5016,8361,9,2025-10-24
5017,8362,9,2025-05-24
5018,8363,9,2025-12-04
5019,8364,9,2025-05-22
5020,8365,9,2025-10-02
5021,8366,9,2025-10-11
5022,8367,9,2025-10-04
5023,8368,9,2025-04-27
5024,8371,9,2025-10-27
5025,8372,9,2025-09-20
5026,8374,9,2025-11-08
5027,8376,9,2025-04-11
5028,8377,9,2025-07-13
5029,8378,9,2026-02-17
5030,8381,9,2025-03-21
5031,8385,9,2025-07-05
5032,8389,9,2025-08-23
5033,8390,9,2025-04-13
5034,8391,9,2025-09-10
5035,8392,9,2025-07-06
5036,8393,9,2025-07-09
5037,8396,9,2025-05-06
5038,8397,9,2025-05-14
5039,8400,9,2026-01-13
5040,8401,9,2026-01-09
5041,8402,9,2025-12-22
5042,8405,9,2025-05-23
5043,8407,9,2025-11-29
5044,8408,9,2025-12-12
5045,8410,9,2025-12-30
5046,8412,9,2025-06-29
5047,8414,9,2025-04-04
5048,8416,9,2025-07-31
5049,8417,9,2025-08-09
5050,8418,9,2025-07-29
5051,8419,9,2025-05-31
5052,8420,9,2025-05-10
5053,8424,9,2025-08-22
5054,8426,9,2025-04-25
5055,8428,9,2025-05-08
5056,8430,9,2025-09-20
5057,8431,9,2025-04-23
5058,8432,9,2025-07-30
5059,8433,9,2025-09-09
5060,8434,9,2026-02-11
5061,8436,9,2025-12-10
5062,8437,9,2025-07-15
5063,8438,9,2025-06-23
5064,8439,9,2025-09-09
5065,8440,9,2025-05-02
5066,8441,9,2025-08-19
5067,8444,9,2025-06-01
5068,8445,9,2026-01-04
5069,8447,9,2025-05-07
5070,8449,9,2025-11-23
5071,8451,9,2025-08-22
5072,8454,9,2025-04-26
5073,8455,9,2025-11-15
5074,8456,9,2025-11-27
5075,8457,9,2025-05-27
5076,8458,9,2026-03-13
5077,8459,9,2026-01-27
5078,8460,9,2025-12-14
5079,8464,9,2025-10-31
5080,8467,9,2025-04-26
5081,8469,9,2026-03-11
5082,8470,9,2025-05-24
5083,8471,9,2025-07-01
5084,8472,9,2026-01-10
5085,8476,9,2025-09-26
5086,8477,9,2025-12-14
5087,8478,9,2025-04-28
5088,8480,9,2025-03-28
5089,8481,9,2025-04-08
5090,8482,9,2025-04-19
5091,8483,9,2025-06-28
5092,8484,9,2025-05-02
5093,8486,9,2026-01-10
5094,8487,9,2025-08-05
5095,8489,9,2025-10-30
5096,8490,9,2025-09-06
5097,8492,9,2025-03-16
5098,8494,9,2026-01-22
5099,8495,9,2026-02-01
5100,8496,9,2025-10-21
5101,8498,9,2025-04-02
5102,8500,9,2026-01-12
5103,8501,9,2025-04-12
5104,8503,9,2025-08-04
5105,8505,9,2025-08-31
5106,8506,9,2026-01-25
5107,8507,9,2026-01-26
5108,8508,9,2025-09-11
5109,8509,9,2025-08-18
5110,8510,9,2025-05-27
5111,8511,9,2026-01-08
5112,8512,9,2025-06-28
5113,8513,9,2025-10-06
5114,8514,9,2026-02-11
5115,8515,9,2026-01-07
5116,8517,9,2026-02-08
5117,8518,9,2025-12-19
5118,8520,9,2025-09-25
5119,8521,9,2025-07-02
5120,8522,9,2025-08-25
5121,8524,9,2025-04-19
5122,8525,9,2025-06-19
5123,8526,9,2026-01-04
5124,8528,9,2025-03-19
5125,8530,9,2025-04-19
5126,8532,9,2026-02-20
5127,8534,9,2025-12-24
5128,8535,9,2025-07-27
5129,8536,9,2025-05-16
5130,8538,9,2025-09-03
5131,8539,9,2025-04-29
5132,8541,9,2025-03-29
5133,8542,9,2025-12-03
5134,8543,9,2025-04-02
5135,8544,9,2025-05-09
5136,8545,9,2025-12-06
5137,8547,9,2025-12-05
5138,8548,9,2025-06-15
5139,8549,9,2025-04-12
5140,8554,10,2026-01-26
5141,8555,10,2025-12-18
5142,8556,10,2025-12-27
5143,8558,10,2025-03-16
5144,8560,10,2026-02-01
5145,8563,10,2025-06-13
5146,8569,10,2025-04-20
5147,8570,10,2025-10-12
5148,8571,10,2025-10-08
5149,8574,10,2025-08-12
5150,8576,10,2025-07-12
5151,8577,10,2025-10-21
5152,8578,10,2025-09-18
5153,8579,10,2025-11-07
5154,8580,10,2026-01-12
5155,8582,10,2025-07-22
5156,8585,10,2025-12-03
5157,8586,10,2025-11-15
5158,8589,10,2025-03-22
5159,8590,10,2025-04-29
5160,8593,10,2026-03-05
5161,8594,10,2025-12-12
5162,8597,10,2026-02-15
5163,8599,10,2025-04-26
5164,8600,10,2025-08-27
5165,8602,10,2025-12-19
5166,8605,10,2025-03-18
5167,8608,10,2025-05-14
5168,8609,10,2025-07-20
5169,8611,10,2026-03-07
5170,8613,10,2025-06-07
5171,8614,10,2025-06-25
5172,8617,10,2025-10-25
5173,8620,10,2026-01-24
5174,8621,10,2025-08-31
5175,8622,10,2025-10-06
5176,8624,10,2025-09-11
5177,8627,10,2025-10-27
5178,8628,10,2025-12-21
5179,8629,10,2025-10-24
5180,8630,10,2025-05-27
5181,8635,10,2025-04-17
5182,8636,10,2025-05-30
5183,8639,10,2026-01-08
5184,8641,10,2025-05-05
5185,8643,10,2026-01-11
5186,8644,10,2025-09-26
5187,8645,10,2025-03-15
5188,8646,10,2025-12-03
5189,8648,10,2025-07-02
5190,8649,10,2025-05-18
5191,8654,10,2025-09-14
5192,8659,10,2025-11-28
5193,8660,10,2025-05-23
5194,8661,10,2025-05-28
5195,8662,10,2025-10-06
5196,8663,10,2026-02-02
5197,8665,10,2025-06-13
5198,8667,10,2025-03-21
5199,8671,10,2025-11-25
5200,8672,10,2025-08-13
5201,8675,10,2026-01-19
5202,8676,10,2025-03-20
5203,8677,10,2025-11-10
5204,8678,10,2025-12-30
5205,8679,10,2025-06-20
5206,8681,10,2025-11-09
5207,8682,10,2025-05-09
5208,8683,10,2025-04-25
5209,8686,10,2026-01-29
5210,8688,10,2025-06-16
5211,8689,10,2025-08-31
5212,8690,10,2025-11-21
5213,8691,10,2025-07-24
5214,8694,10,2026-03-11
5215,8697,10,2025-07-19
5216,8698,10,2025-11-30
5217,8700,10,2025-11-24
5218,8701,10,2025-04-24
5219,8703,10,2025-11-02
5220,8706,10,2025-06-09
5221,8707,10,2026-02-11
5222,8708,10,2026-01-22
5223,8709,10,2026-01-14
5224,8710,10,2026-01-26
5225,8711,10,2025-08-02
5226,8712,10,2025-06-13
5227,8713,10,2025-09-25
5228,8714,10,2025-04-07
5229,8715,10,2025-09-04
5230,8717,10,2025-11-14
5231,8718,10,2025-04-17
5232,8719,10,2025-06-03
5233,8720,10,2025-10-23
5234,8722,10,2026-03-11
5235,8724,10,2026-03-11
5236,8725,10,2025-10-13
5237,8726,10,2025-05-25
5238,8728,10,2025-09-19
5239,8730,10,2026-03-13
5240,8732,10,2025-06-18
5241,8734,10,2025-12-02
5242,8735,10,2026-01-27
5243,8736,10,2026-01-09
5244,8737,10,2025-10-24
5245,8739,10,2025-10-11
5246,8740,10,2025-03-21
5247,8741,10,2025-04-07
5248,8743,10,2025-10-23
5249,8744,10,2025-05-04
5250,8747,10,2025-11-08
5251,8748,10,2025-07-10
5252,8749,10,2025-08-31
5253,8750,10,2025-12-02
5254,8751,10,2025-05-19
5255,8753,10,2025-11-16
5256,8754,10,2025-06-19
5257,8755,10,2025-08-22
5258,8759,10,2025-07-04
5259,8762,10,2025-11-16
5260,8763,10,2025-12-07
5261,8764,10,2025-09-22
5262,8766,10,2025-08-09
5263,8770,10,2025-07-10
5264,8771,10,2025-06-03
5265,8772,10,2026-01-10
5266,8773,10,2026-02-03
5267,8774,10,2025-07-15
5268,8775,10,2025-05-07
5269,8778,10,2026-02-14
5270,8779,10,2026-03-04
5271,8781,10,2025-11-19
5272,8784,10,2026-02-15
5273,8785,10,2025-10-25
5274,8788,10,2025-08-12
5275,8789,10,2025-12-06
5276,8790,10,2026-02-16
5277,8791,10,2025-09-30
5278,8796,10,2025-03-15
5279,8797,10,2025-10-21
5280,8798,10,2025-10-23
5281,8799,10,2025-05-14
5282,8801,10,2025-05-21
5283,8804,10,2025-11-12
5284,8806,10,2025-11-14
5285,8807,10,2026-02-07
5286,8808,10,2025-05-27
5287,8810,10,2025-10-17
5288,8811,10,2025-09-25
5289,8812,10,2025-09-20
5290,8813,10,2025-10-10
5291,8815,10,2025-06-26
5292,8818,10,2025-06-15
5293,8820,10,2025-05-12
5294,8821,10,2025-09-01
5295,8824,10,2025-06-22
5296,8825,10,2026-01-21
5297,8826,10,2025-06-04
5298,8828,10,2025-12-27
5299,8829,10,2025-04-19
5300,8830,10,2025-03-11
5301,8832,10,2025-09-13
5302,8834,10,2025-12-21
5303,8835,10,2025-07-20
5304,8836,10,2025-09-07
5305,8837,10,2025-05-27
5306,8839,10,2025-08-05
5307,8842,10,2025-04-16
5308,8844,10,2025-11-07
5309,8845,10,2025-08-26
5310,8848,10,2025-07-11
5311,8851,10,2025-06-27
5312,8852,10,2025-09-28
5313,8853,10,2025-06-03
5314,8854,10,2025-05-07
5315,8855,10,2025-12-29
5316,8857,10,2026-02-20
5317,8858,10,2025-10-28
5318,8859,10,2025-04-24
5319,8861,10,2025-03-17
5320,8865,10,2026-02-08
5321,8868,10,2025-12-14
5322,8870,10,2025-10-27
5323,8871,10,2026-01-06
5324,8874,10,2025-08-15
5325,8880,10,2025-07-25
5326,8881,10,2025-05-21
5327,8882,10,2026-01-18
5328,8885,10,2025-03-25
5329,8888,10,2025-11-19
5330,8890,10,2025-10-25
5331,8891,10,2025-07-24
5332,8892,10,2025-11-18
5333,8893,10,2025-12-27
5334,8894,10,2025-05-11
5335,8896,10,2025-11-09
5336,8897,10,2025-05-10
5337,8898,10,2025-04-30
5338,8899,10,2025-06-15
5339,8900,10,2025-08-25
5340,8904,10,2025-09-07
5341,8905,10,2025-08-13
5342,8907,10,2026-03-09
5343,8908,10,2026-03-10
5344,8910,10,2025-12-16
5345,8911,10,2025-07-27
5346,8912,10,2025-08-13
5347,8913,10,2026-02-11
5348,8916,10,2025-05-20
5349,8917,10,2025-05-06
5350,8919,10,2025-04-29
5351,8920,10,2025-07-25
5352,8921,10,2025-08-04
5353,8922,10,2025-07-26
5354,8924,10,2025-12-17
5355,8925,10,2025-09-23
5356,8926,10,2026-03-08
5357,8927,10,2026-01-12
5358,8928,10,2025-05-24
5359,8929,10,2025-10-07
5360,8930,10,2025-03-15
5361,8931,10,2025-05-12
5362,8933,10,2026-02-09
5363,8936,10,2026-03-10
5364,8938,10,2025-12-21
5365,8939,10,2025-09-11
5366,8940,10,2025-12-21
5367,8943,10,2025-07-16
5368,8948,10,2025-09-07
5369,8950,10,2025-07-01
5370,8951,10,2025-12-06
5371,8954,10,2025-10-02
5372,8958,10,2025-07-08
5373,8959,10,2025-10-19
5374,8960,10,2025-05-10
5375,8962,10,2025-06-28
5376,8963,10,2026-01-21
5377,8965,10,2025-04-28
5378,8966,10,2026-02-15
5379,8968,10,2025-04-16
5380,8969,10,2026-02-15
5381,8971,10,2025-07-28
5382,8973,10,2025-07-08
5383,8974,10,2025-07-24
5384,8975,10,2025-08-10
5385,8976,10,2025-05-11
5386,8978,10,2025-09-08
5387,8981,10,2025-03-21
5388,8983,10,2025-12-20
5389,8986,10,2025-07-22
5390,8987,10,2025-09-22
5391,8988,10,2025-12-31
5392,8989,10,2025-05-07
5393,8990,10,2025-05-12
5394,8992,10,2026-01-16
5395,8994,10,2026-01-31
5396,8995,10,2025-08-16
5397,8996,10,2026-01-14
5398,8997,10,2025-08-19
5399,8998,10,2025-04-05
5400,9001,10,2025-03-22
5401,9002,10,2025-07-14
5402,9004,10,2025-07-06
5403,9007,10,2026-03-02
5404,9011,10,2026-01-01
5405,9013,10,2025-05-08
5406,9015,10,2025-05-28
5407,9016,10,2025-05-16
5408,9019,10,2025-05-12
5409,9020,10,2026-02-18
5410,9021,10,2025-07-19
5411,9022,10,2025-08-26
5412,9023,10,2025-04-24
5413,9024,10,2026-02-11
5414,9025,10,2025-06-01
5415,9026,10,2025-06-19
5416,9027,10,2025-07-09
5417,9029,10,2025-09-04
5418,9030,10,2025-05-28
5419,9031,10,2025-07-25
5420,9033,10,2025-08-05
5421,9035,10,2025-09-15
5422,9038,10,2025-07-16
5423,9039,10,2025-08-07
5424,9040,10,2025-07-30
5425,9041,10,2025-11-29
5426,9043,10,2025-05-04
5427,9046,10,2025-05-24
5428,9048,10,2025-08-11
5429,9049,10,2026-01-16
5430,9051,10,2025-08-26
5431,9054,10,2025-08-03
5432,9055,10,2026-02-15
5433,9057,10,2026-01-07
5434,9059,10,2026-02-09
5435,9060,10,2025-08-30
5436,9061,10,2026-02-19
5437,9062,10,2026-02-07
5438,9065,10,2026-02-24
5439,9066,10,2025-05-03
5440,9069,10,2025-11-24
5441,9071,10,2026-02-23
5442,9072,10,2025-10-25
5443,9073,10,2026-01-06
5444,9074,10,2025-03-15
5445,9075,10,2026-03-01
5446,9078,10,2026-02-04
5447,9084,10,2025-08-25
5448,9085,10,2025-06-13
5449,9087,10,2025-05-23
5450,9089,10,2025-04-08
5451,9090,10,2025-11-22
5452,9092,10,2025-09-21
5453,9095,10,2025-11-25
5454,9097,10,2025-12-19
5455,9098,10,2026-02-05
5456,9099,10,2025-05-15
5457,9100,10,2025-04-12
5458,9101,10,2025-09-24
5459,9103,10,2026-01-14
5460,9104,10,2025-08-10
5461,9105,10,2025-04-09
5462,9106,10,2025-10-02
5463,9107,10,2025-04-18
5464,9108,10,2025-09-02
5465,9109,10,2025-04-26
5466,9110,10,2025-05-28
5467,9112,10,2026-01-10
5468,9115,10,2025-12-26
5469,9116,10,2025-11-01
5470,9117,10,2025-06-27
5471,9118,10,2026-01-17
5472,9121,10,2026-02-14
5473,9124,10,2026-03-14
5474,9125,10,2025-11-28
5475,9126,10,2026-01-09
5476,9130,10,2026-03-02
5477,9131,10,2025-03-25
5478,9134,10,2025-06-28
5479,9137,10,2025-04-21
5480,9140,10,2025-11-20
5481,9143,10,2025-07-26
5482,9144,10,2025-04-10
5483,9145,10,2025-12-17
5484,9147,10,2025-06-28
5485,9149,10,2026-02-25
5486,9151,10,2025-12-14
5487,9154,10,2025-07-20
5488,9157,10,2025-12-27
5489,9158,10,2025-12-28
5490,9159,10,2025-09-01
5491,9160,10,2025-08-24
5492,9161,10,2025-05-23
5493,9162,10,2026-01-22
5494,9163,10,2025-04-29
5495,9165,10,2026-03-14
5496,9166,10,2025-09-07
5497,9170,10,2026-01-17
5498,9172,10,2025-11-09
5499,9173,10,2025-03-12
5500,9176,10,2025-12-26
5501,9177,10,2025-08-21
5502,9180,10,2025-06-20
5503,9181,10,2026-01-29
5504,9183,10,2025-05-21
5505,9187,10,2026-01-25
5506,9188,10,2026-02-06
5507,9191,10,2025-03-10
5508,9192,10,2026-01-01
5509,9194,10,2026-01-05
5510,9195,10,2025-03-15
5511,9196,10,2025-11-04
5512,9198,10,2025-03-10
5513,9199,10,2025-09-20
5514,9200,10,2025-09-18
5515,9202,10,2025-06-24
5516,9205,10,2025-10-30
5517,9207,10,2026-02-01
5518,9209,10,2026-01-10
5519,9213,10,2025-09-10
5520,9214,10,2025-06-14
5521,9215,10,2025-04-03
5522,9216,10,2025-04-28
5523,9217,10,2025-07-03
5524,9219,10,2025-05-29
5525,9220,10,2025-10-07
5526,9222,10,2026-03-05
5527,9223,10,2025-07-03
5528,9225,10,2026-01-03
5529,9227,10,2026-02-19
5530,9229,10,2025-04-29
5531,9230,10,2025-06-08
5532,9231,10,2025-12-04
5533,9232,10,2025-03-30
5534,9233,10,2025-04-29
5535,9234,10,2025-11-01
5536,9236,10,2026-03-11
5537,9237,10,2026-02-04
5538,9240,10,2025-06-23
5539,9241,10,2025-05-12
5540,9242,10,2025-09-05
5541,9243,10,2025-08-31
5542,9244,10,2025-07-09
5543,9245,10,2025-05-06
5544,9246,10,2025-12-06
5545,9247,10,2026-01-28
5546,9248,10,2025-07-10
5547,9249,10,2026-03-03
5548,9250,10,2026-02-10
5549,9251,10,2025-07-13
5550,9253,10,2025-08-09
5551,9254,10,2025-11-16
5552,9255,10,2026-01-10
5553,9256,10,2025-05-13
5554,9257,10,2025-09-12
5555,9258,10,2025-03-30
5556,9260,10,2025-07-26
5557,9262,10,2025-11-22
5558,9263,10,2025-03-30
5559,9265,10,2026-02-14
5560,9266,10,2026-01-13
5561,9270,10,2026-01-28
5562,9271,10,2026-03-05
5563,9274,10,2025-03-17
5564,9275,10,2025-03-25
5565,9276,10,2025-04-08
5566,9277,10,2025-04-22
5567,9278,10,2025-08-26
5568,9279,10,2025-04-21
5569,9281,10,2026-02-23
5570,9283,10,2025-04-12
5571,9284,10,2025-07-09
5572,9285,10,2025-11-08
5573,9287,10,2025-03-18
5574,9288,10,2025-11-27
5575,9292,10,2025-12-31
5576,9293,10,2025-03-30
5577,9295,10,2025-09-27
5578,9296,10,2026-01-30
5579,9297,10,2025-09-16
5580,9298,10,2026-01-18
5581,9299,10,2026-01-12
5582,9300,10,2026-03-05
5583,9301,10,2026-01-13
5584,9302,10,2025-07-10
5585,9303,10,2025-05-16
5586,9304,10,2025-10-29
5587,9306,10,2025-12-14
5588,9307,10,2025-11-17
5589,9308,10,2025-05-21
5590,9310,10,2026-03-09
5591,9317,10,2025-08-12
5592,9319,10,2026-02-18
5593,9320,10,2026-02-03
5594,9321,10,2025-10-29
5595,9323,10,2025-05-13
5596,9324,10,2025-06-04
5597,9325,10,2025-10-13
5598,9326,10,2025-03-20
5599,9327,10,2025-06-13
5600,9328,10,2025-11-30
5601,9330,10,2026-02-03
5602,9331,10,2025-05-12
5603,9332,10,2025-12-14
5604,9333,10,2025-10-02
5605,9334,10,2025-03-19
5606,9335,10,2025-08-11
5607,9336,10,2025-03-21
5608,9339,10,2025-05-21
5609,9342,10,2025-03-17
5610,9344,10,2025-11-26
5611,9345,10,2026-02-27
5612,9346,10,2025-08-14
5613,9348,10,2025-11-18
5614,9349,10,2026-01-24
5615,9350,10,2026-02-21
5616,9353,10,2025-09-16
5617,9355,10,2025-08-18
5618,9358,10,2025-05-17
5619,9359,10,2025-08-08
5620,9361,10,2025-06-23
5621,9364,10,2025-06-19
5622,9367,10,2026-02-01
5623,9369,10,2025-05-25
5624,9370,10,2025-07-26
5625,9372,10,2025-10-20
5626,9373,10,2025-07-04
5627,9374,10,2025-09-29
5628,9377,10,2025-04-11
5629,9379,10,2025-11-03
5630,9380,10,2025-05-22
5631,9382,10,2025-09-20
5632,9384,10,2025-12-31
5633,9387,10,2025-11-19
5634,9389,10,2025-05-30
5635,9393,10,2025-06-05
5636,9397,10,2026-01-24
5637,9398,10,2025-05-05
5638,9400,10,2026-03-15
5639,9402,10,2026-01-22
5640,9403,10,2026-01-10
5641,9404,10,2025-03-13
5642,9405,10,2025-08-25
5643,9406,10,2025-03-23
5644,9407,10,2025-05-29
5645,9409,10,2025-05-02
5646,9410,10,2025-09-14
5647,9411,10,2026-01-19
5648,9412,10,2025-06-23
5649,9414,10,2026-01-20
5650,9415,10,2025-03-13
5651,9416,10,2025-10-17
5652,9417,10,2025-11-28
5653,9418,10,2025-05-07
5654,9420,10,2025-09-20
5655,9421,10,2025-03-15
5656,9423,10,2025-12-01
5657,9425,10,2025-08-15
5658,9426,10,2025-12-05
5659,9427,10,2025-09-19
5660,9428,10,2025-05-29
5661,9429,10,2025-08-03
5662,9430,10,2025-07-25
5663,9431,10,2025-08-26
5664,9433,10,2025-05-09
5665,9435,10,2025-05-14
5666,9437,10,2025-12-29
5667,9440,10,2025-12-26
5668,9441,10,2025-11-16
5669,9442,10,2025-05-28
5670,9443,10,2025-06-16
5671,9444,10,2025-11-22
5672,9445,10,2025-08-24
5673,9447,10,2025-08-04
5674,9448,10,2025-09-26
5675,9449,10,2025-04-10
5676,9450,10,2025-07-15
5677,9451,10,2025-09-12
5678,9452,10,2025-08-29
5679,9454,10,2026-03-10
5680,9455,10,2025-04-30
5681,9456,10,2025-07-19
5682,9461,10,2025-08-14
5683,9462,10,2025-08-25
5684,9463,10,2026-01-28
5685,9464,10,2026-01-07
5686,9469,10,2026-02-28
5687,9470,10,2026-02-11
5688,9471,10,2025-03-21
5689,9473,10,2026-01-12
5690,9475,10,2025-08-18
5691,9476,10,2025-04-16
5692,9477,10,2026-03-14
5693,9479,10,2025-03-26
5694,9480,10,2025-12-17
5695,9482,10,2025-07-05
5696,9485,10,2026-03-10
5697,9494,10,2026-01-08
5698,9495,10,2026-02-26
5699,9496,10,2025-10-07
5700,9498,10,2025-12-15
5701,9499,10,2025-09-12
5702,9500,10,2025-09-25
5703,9502,11,2025-05-15
5704,9504,11,2025-10-26
5705,9505,11,2025-09-28
5706,9506,11,2025-05-03
5707,9507,11,2025-09-19
5708,9508,11,2025-12-12
5709,9510,11,2026-02-14
5710,9514,11,2025-06-13
5711,9518,11,2025-05-17
5712,9519,11,2026-01-27
5713,9520,11,2025-05-08
5714,9521,11,2025-12-15
5715,9523,11,2025-05-01
5716,9526,11,2025-11-28
5717,9527,11,2025-03-31
5718,9528,11,2026-03-10
5719,9529,11,2025-08-14
5720,9533,11,2025-05-07
5721,9536,11,2026-02-14
5722,9537,11,2025-05-05
5723,9538,11,2025-08-19
5724,9540,11,2025-12-24
5725,9542,11,2025-04-27
5726,9544,11,2025-11-26
5727,9545,11,2026-03-13
5728,9546,11,2025-03-10
5729,9547,11,2025-11-19
5730,9549,11,2025-10-02
5731,9550,11,2025-08-11
5732,9551,11,2025-06-21
5733,9553,11,2025-06-13
5734,9554,11,2025-11-29
5735,9558,11,2025-10-31
5736,9559,11,2025-05-05
5737,9561,11,2025-12-28
5738,9564,11,2025-08-15
5739,9565,11,2025-08-24
5740,9567,11,2025-08-20
5741,9568,11,2026-01-27
5742,9569,11,2025-03-19
5743,9571,11,2026-03-08
5744,9575,11,2026-03-06
5745,9577,11,2025-06-29
5746,9579,11,2025-06-01
5747,9581,11,2025-11-14
5748,9582,11,2025-10-09
5749,9584,11,2025-03-14
5750,9585,11,2026-01-21
5751,9587,11,2025-07-26
5752,9589,11,2025-12-30
5753,9590,11,2026-01-18
5754,9592,11,2026-01-04
5755,9594,11,2025-07-07
5756,9596,11,2025-04-19
5757,9597,11,2025-05-06
5758,9599,11,2025-08-14
5759,9601,11,2025-04-16
5760,9602,11,2025-08-27
5761,9603,11,2025-09-24
5762,9604,11,2025-06-17
5763,9605,11,2025-07-07
5764,9606,11,2025-10-18
5765,9607,11,2025-06-01
5766,9609,11,2025-08-05
5767,9610,11,2025-10-31
5768,9611,11,2025-05-13
5769,9613,11,2025-10-28
5770,9614,11,2025-05-19
5771,9615,11,2025-07-07
5772,9616,11,2025-10-22
5773,9617,11,2026-02-02
5774,9618,11,2025-06-27
5775,9619,11,2025-10-07
5776,9622,11,2025-11-12
5777,9624,11,2025-04-20
5778,9626,11,2026-03-01
5779,9628,11,2025-04-07
5780,9629,11,2025-11-01
5781,9630,11,2025-10-05
5782,9631,11,2026-02-10
5783,9632,11,2026-02-14
5784,9634,11,2025-12-01
5785,9638,11,2025-07-08
5786,9641,11,2025-09-11
5787,9646,11,2026-01-10
5788,9647,11,2025-09-10
5789,9649,11,2026-02-22
5790,9651,11,2025-05-30
5791,9654,11,2025-03-18
5792,9658,11,2025-04-25
5793,9659,11,2025-04-19
5794,9660,11,2025-11-27
5795,9661,11,2025-12-01
5796,9662,11,2025-12-21
5797,9663,11,2025-08-02
5798,9664,11,2025-04-24
5799,9667,11,2026-02-02
5800,9668,11,2026-02-12
5801,9669,11,2025-09-05
5802,9670,11,2025-11-29
5803,9672,11,2025-04-03
5804,9675,11,2026-01-01
5805,9677,11,2025-04-28
5806,9679,11,2026-01-17
5807,9680,11,2025-04-28
5808,9681,11,2025-10-06
5809,9686,11,2025-08-23
5810,9687,11,2026-03-11
5811,9688,11,2025-06-20
5812,9689,11,2025-04-25
5813,9691,11,2026-01-20
5814,9694,11,2025-03-28
5815,9698,11,2026-03-02
5816,9699,11,2025-08-23
5817,9700,11,2025-10-21
5818,9702,11,2026-03-05
5819,9705,11,2025-04-27
5820,9707,11,2025-11-21
5821,9709,11,2025-04-21
5822,9710,11,2026-02-20
5823,9711,11,2025-06-18
5824,9714,11,2025-09-12
5825,9716,11,2026-01-05
5826,9717,11,2026-01-29
5827,9718,11,2025-04-29
5828,9720,11,2026-01-03
5829,9722,11,2026-02-24
5830,9726,11,2025-03-18
5831,9727,11,2026-03-07
5832,9729,11,2025-04-16
5833,9730,11,2026-02-20
5834,9731,11,2025-05-28
5835,9732,11,2025-03-13
5836,9733,11,2025-06-02
5837,9734,11,2026-01-19
5838,9735,11,2026-02-22
5839,9736,11,2026-02-05
5840,9738,11,2025-07-16
5841,9739,11,2025-12-22
5842,9740,11,2025-09-25
5843,9743,11,2026-01-21
5844,9744,11,2026-01-05
5845,9745,11,2025-06-14
5846,9746,11,2025-10-25
5847,9747,11,2025-06-04
5848,9748,11,2026-02-16
5849,9749,11,2025-12-11
5850,9751,11,2025-08-16
5851,9754,11,2026-01-02
5852,9755,11,2025-05-11
5853,9756,11,2025-12-18
5854,9757,11,2025-04-02
5855,9760,11,2025-12-29
5856,9761,11,2025-06-23
5857,9762,11,2026-01-01
5858,9763,11,2026-01-19
5859,9764,11,2025-09-12
5860,9765,11,2025-10-08
5861,9766,11,2025-06-07
5862,9767,11,2026-02-23
5863,9768,11,2025-11-02
5864,9769,11,2025-03-18
5865,9770,11,2025-12-07
5866,9771,11,2025-05-24
5867,9773,11,2025-08-25
5868,9775,11,2025-10-16
5869,9776,11,2025-11-20
5870,9777,11,2025-11-09
5871,9779,11,2025-09-10
5872,9781,11,2025-08-10
5873,9782,11,2025-03-16
5874,9785,11,2025-06-11
5875,9786,11,2025-10-31
5876,9792,11,2025-06-06
5877,9793,11,2025-04-06
5878,9795,11,2026-03-15
5879,9797,11,2025-10-16
5880,9800,11,2025-10-05
5881,9801,11,2025-10-03
5882,9802,11,2025-05-15
5883,9804,11,2025-10-29
5884,9806,11,2026-02-27
5885,9807,11,2025-12-13
5886,9808,11,2025-04-18
5887,9810,11,2025-03-19
5888,9811,11,2025-09-23
5889,9812,11,2025-05-19
5890,9814,11,2025-08-20
5891,9817,11,2025-05-29
5892,9818,11,2025-03-25
5893,9819,11,2025-06-22
5894,9820,11,2025-07-28
5895,9821,11,2025-12-29
5896,9823,11,2025-09-26
5897,9824,11,2025-11-25
5898,9825,11,2025-10-21
5899,9827,11,2025-07-08
5900,9829,11,2025-11-16
5901,9830,11,2025-04-13
5902,9831,11,2025-10-31
5903,9832,11,2025-10-14
5904,9833,11,2025-07-17
5905,9834,11,2026-02-09
5906,9835,11,2025-03-11
5907,9836,11,2025-08-02
5908,9837,11,2025-08-30
5909,9838,11,2026-02-09
5910,9839,11,2025-06-08
5911,9840,11,2025-08-09
5912,9841,11,2025-03-13
5913,9842,11,2025-05-17
5914,9844,11,2026-02-14
5915,9846,11,2025-08-25
5916,9848,11,2025-11-02
5917,9849,11,2025-10-24
5918,9851,11,2026-02-21
5919,9853,11,2025-04-07
5920,9855,11,2025-11-21
5921,9856,11,2026-02-23
5922,9857,11,2025-07-12
5923,9858,11,2026-01-19
5924,9862,11,2025-11-13
5925,9864,11,2025-09-25
5926,9866,11,2025-09-19
5927,9867,11,2025-11-25
5928,9868,11,2026-02-24
5929,9869,11,2025-12-27
5930,9870,11,2025-03-30
5931,9874,11,2025-06-11
5932,9876,11,2025-10-01
5933,9878,11,2025-08-26
5934,9879,11,2025-06-22
5935,9880,11,2025-10-22
5936,9881,11,2025-11-07
5937,9882,11,2025-11-07
5938,9883,11,2025-04-07
5939,9884,11,2025-05-09
5940,9885,11,2025-06-26
5941,9887,11,2025-09-09
5942,9888,11,2026-01-23
5943,9889,11,2025-03-25
5944,9891,11,2025-12-06
5945,9892,11,2025-09-02
5946,9893,11,2025-11-30
5947,9894,11,2025-10-01
5948,9895,11,2025-05-07
5949,9897,11,2026-02-20
5950,9898,11,2025-12-19
5951,9899,11,2025-09-24
5952,9901,11,2026-01-06
5953,9902,11,2025-10-20
5954,9903,11,2025-11-18
5955,9904,11,2026-01-12
5956,9905,11,2025-06-09
5957,9906,11,2025-11-16
5958,9908,11,2025-11-21
5959,9909,11,2025-07-31
5960,9910,11,2025-11-20
5961,9911,11,2025-12-17
5962,9912,11,2025-06-03
5963,9913,11,2025-05-11
5964,9914,11,2025-08-18
5965,9915,11,2025-08-24
5966,9920,11,2025-03-30
5967,9922,11,2025-07-18
5968,9923,11,2026-01-29
5969,9925,11,2025-10-03
5970,9926,11,2025-08-05
5971,9929,11,2025-07-26
5972,9932,11,2025-07-14
5973,9934,11,2025-11-14
5974,9935,11,2025-07-12
5975,9938,11,2025-03-28
5976,9939,11,2025-05-09
5977,9940,11,2025-05-20
5978,9942,11,2025-08-16
5979,9944,11,2026-01-19
5980,9947,11,2025-05-05
5981,9950,11,2025-08-05
5982,9953,11,2025-06-12
5983,9954,11,2025-06-25
5984,9957,11,2025-06-16
5985,9958,11,2025-12-01
5986,9959,11,2025-05-24
5987,9960,11,2025-04-22
5988,9961,11,2025-04-21
5989,9962,11,2025-12-27
5990,9965,11,2025-10-21
5991,9967,11,2026-02-10
5992,9968,11,2025-06-04
5993,9970,11,2026-03-14
5994,9972,11,2025-05-27
5995,9973,11,2025-10-01
5996,9975,11,2025-11-15
5997,9977,11,2025-04-24
5998,9978,11,2025-04-24
5999,9980,11,2026-03-02
6000,9983,11,2025-10-11
6001,9984,11,2025-05-07
6002,9986,11,2025-12-05
6003,9987,11,2025-07-06
6004,9988,11,2025-12-07
6005,9989,11,2025-08-12
6006,9990,11,2025-08-13
6007,9991,11,2025-03-12
6008,9992,11,2026-03-04
6009,9993,11,2025-04-18
6010,9994,11,2026-02-18
6011,9998,11,2026-02-21
6012,9999,11,2025-05-18
6013,10000,11,2025-05-25
6014,10003,11,2025-07-25
6015,10004,11,2025-04-10
6016,10005,11,2025-03-25
6017,10008,11,2025-07-06
6018,10009,11,2025-04-10
6019,10012,11,2025-12-02
6020,10015,11,2026-01-27
6021,10016,11,2026-01-29
6022,10017,11,2025-11-08
6023,10020,11,2025-08-01
6024,10021,11,2025-04-17
6025,10023,11,2025-12-28
6026,10024,11,2025-05-19
6027,10025,11,2026-02-02
6028,10028,11,2025-07-19
6029,10030,11,2025-06-20
6030,10033,11,2025-04-22
6031,10034,11,2026-02-27
6032,10037,11,2026-02-23
6033,10038,11,2026-02-26
6034,10039,11,2025-05-25
6035,10041,11,2026-02-19
6036,10042,11,2025-07-15
6037,10045,11,2025-05-19
6038,10047,11,2025-04-10
6039,10048,11,2025-11-18
6040,10049,11,2025-11-12
6041,10052,11,2025-04-16
6042,10054,11,2025-09-07
6043,10056,11,2025-08-15
6044,10057,11,2025-06-28
6045,10058,11,2025-06-25
6046,10059,11,2025-04-09
6047,10060,11,2026-02-26
6048,10061,11,2026-02-26
6049,10063,11,2025-04-17
6050,10066,11,2025-04-13
6051,10067,11,2025-05-28
6052,10068,11,2025-05-27
6053,10069,11,2025-09-17
6054,10070,11,2026-03-02
6055,10071,11,2025-05-10
6056,10072,11,2026-02-21
6057,10076,11,2025-04-27
6058,10078,11,2026-01-16
6059,10079,11,2025-12-27
6060,10080,11,2025-07-27
6061,10082,11,2025-03-25
6062,10083,11,2025-05-10
6063,10084,11,2026-02-12
6064,10085,11,2025-08-11
6065,10086,11,2025-07-18
6066,10087,11,2025-10-12
6067,10089,11,2025-10-26
6068,10090,11,2025-10-21
6069,10091,11,2025-05-13
6070,10092,11,2026-01-14
6071,10093,11,2025-12-20
6072,10094,11,2025-06-27
6073,10096,11,2025-09-15
6074,10097,11,2025-03-26
6075,10098,11,2025-05-11
6076,10099,11,2025-11-08
6077,10101,11,2026-03-08
6078,10102,11,2025-04-25
6079,10103,11,2025-08-05
6080,10105,11,2025-03-25
6081,10107,11,2025-07-05
6082,10109,11,2025-11-09
6083,10111,11,2025-04-19
6084,10112,11,2025-12-20
6085,10113,11,2025-09-17
6086,10114,11,2025-12-06
6087,10115,11,2025-10-11
6088,10116,11,2026-03-07
6089,10117,11,2025-05-23
6090,10118,11,2025-12-03
6091,10119,11,2025-12-25
6092,10121,11,2025-09-10
6093,10122,11,2026-01-16
6094,10123,11,2025-03-18
6095,10124,11,2025-03-27
6096,10127,11,2025-03-16
6097,10129,11,2025-12-13
6098,10130,11,2025-11-23
6099,10132,11,2025-04-07
6100,10133,11,2025-03-19
6101,10135,11,2025-09-23
6102,10137,11,2025-10-19
6103,10139,11,2025-11-15
6104,10142,11,2026-01-06
6105,10143,11,2025-12-18
6106,10145,11,2025-06-02
6107,10146,11,2025-03-26
6108,10147,11,2025-08-07
6109,10148,11,2025-12-17
6110,10150,11,2025-10-31
6111,10151,11,2025-07-30
6112,10152,11,2025-06-05
6113,10153,11,2025-05-20
6114,10154,11,2025-09-08
6115,10155,11,2025-04-10
6116,10156,11,2025-09-23
6117,10158,11,2026-02-18
6118,10159,11,2025-03-12
6119,10160,11,2025-09-26
6120,10162,11,2025-04-24
6121,10163,11,2025-05-23
6122,10165,11,2025-09-18
6123,10166,11,2025-06-21
6124,10167,11,2025-06-11
6125,10170,11,2026-03-07
6126,10171,11,2025-04-07
6127,10172,11,2025-12-23
6128,10173,11,2025-11-28
6129,10174,11,2025-06-03
6130,10175,11,2025-11-03
6131,10177,11,2025-11-26
6132,10180,11,2025-06-07
6133,10181,11,2026-01-17
6134,10182,11,2025-09-16
6135,10183,11,2025-12-06
6136,10184,11,2025-08-18
6137,10185,11,2025-05-15
6138,10186,11,2025-10-11
6139,10187,11,2025-06-13
6140,10191,11,2025-10-08
6141,10194,11,2026-01-29
6142,10195,11,2025-04-13
6143,10197,11,2025-06-16
6144,10198,11,2026-01-05
6145,10199,11,2026-03-03
6146,10200,11,2025-10-11
6147,10201,11,2025-03-20
6148,10202,11,2025-10-29
6149,10203,11,2025-10-18
6150,10204,11,2025-07-10
6151,10205,11,2025-06-14
6152,10206,11,2026-01-05
6153,10209,11,2025-06-25
6154,10210,11,2025-06-29
6155,10211,11,2025-05-24
6156,10213,11,2026-02-05
6157,10214,11,2025-12-01
6158,10215,11,2025-11-01
6159,10216,11,2025-03-26
6160,10218,11,2025-11-19
6161,10219,11,2025-06-11
6162,10220,11,2025-05-08
6163,10221,11,2025-05-22
6164,10224,11,2025-12-13
6165,10225,11,2026-02-20
6166,10227,11,2025-04-03
6167,10228,11,2025-12-27
6168,10229,11,2025-06-21
6169,10233,11,2025-05-04
6170,10234,11,2026-01-21
6171,10237,11,2025-05-19
6172,10241,11,2025-08-08
6173,10244,11,2026-01-14
6174,10245,11,2025-04-02
6175,10246,11,2025-08-10
6176,10247,11,2025-07-14
6177,10251,11,2025-10-19
6178,10254,11,2025-09-24
6179,10255,11,2026-01-30
6180,10256,11,2025-03-26
6181,10259,11,2025-07-10
6182,10260,11,2026-01-11
6183,10261,11,2025-09-03
6184,10262,11,2026-01-22
6185,10263,11,2025-03-30
6186,10264,11,2026-01-19
6187,10265,11,2025-12-18
6188,10268,11,2025-05-09
6189,10269,11,2026-03-05
6190,10270,11,2025-09-11
6191,10272,11,2025-10-20
6192,10273,11,2025-04-14
6193,10274,11,2025-11-27
6194,10275,11,2025-08-15
6195,10278,11,2025-08-15
6196,10279,11,2025-05-01
6197,10280,11,2025-07-28
6198,10284,11,2026-03-02
6199,10287,11,2025-09-26
6200,10288,11,2025-05-27
6201,10289,11,2025-12-10
6202,10290,11,2025-12-08
6203,10291,11,2026-01-09
6204,10292,11,2025-08-09
6205,10293,11,2025-05-12
6206,10294,11,2025-09-22
6207,10295,11,2025-06-13
6208,10297,11,2025-08-18
6209,10298,11,2025-11-17
6210,10299,11,2025-05-16
6211,10301,11,2026-03-14
6212,10302,11,2025-08-02
6213,10303,11,2025-10-30
6214,10304,11,2026-02-10
6215,10307,11,2025-05-06
6216,10308,11,2026-02-06
6217,10314,11,2026-01-16
6218,10315,11,2026-01-19
6219,10316,11,2025-06-23
6220,10317,11,2026-01-24
6221,10320,11,2026-03-15
6222,10321,11,2025-10-31
6223,10322,11,2025-07-11
6224,10323,11,2026-01-19
6225,10324,11,2026-02-02
6226,10325,11,2026-01-01
6227,10326,11,2026-03-13
6228,10327,11,2025-09-11
6229,10329,11,2025-04-27
6230,10330,11,2025-08-01
6231,10332,11,2025-04-09
6232,10333,11,2025-11-14
6233,10337,11,2025-12-10
6234,10338,11,2025-07-05
6235,10343,11,2025-10-01
6236,10344,11,2025-10-01
6237,10346,11,2025-07-14
6238,10348,11,2025-05-20
6239,10349,11,2025-10-16
6240,10351,11,2025-03-14
6241,10353,11,2025-12-14
6242,10354,11,2026-01-18
6243,10355,11,2025-06-23
6244,10357,11,2026-03-04
6245,10358,11,2025-09-07
6246,10360,11,2026-03-12
6247,10361,11,2026-03-03
6248,10362,11,2025-07-13
6249,10364,11,2026-02-03
6250,10367,11,2026-02-20
6251,10368,11,2025-11-22
6252,10369,11,2025-07-20
6253,10372,11,2025-08-30
6254,10376,11,2025-04-10
6255,10378,11,2026-02-10
6256,10380,11,2025-10-16
6257,10381,11,2025-07-03
6258,10383,11,2025-05-26
6259,10384,11,2025-03-27
6260,10385,11,2025-11-11
6261,10386,11,2025-07-10
6262,10387,11,2025-05-11
6263,10388,11,2025-10-20
6264,10389,11,2026-01-01
6265,10393,11,2026-01-31
6266,10394,11,2025-09-11
6267,10396,11,2025-05-06
6268,10397,11,2025-05-04
6269,10399,11,2025-10-22
6270,10401,11,2025-06-18
6271,10402,11,2025-08-03
6272,10403,11,2025-04-11
6273,10405,11,2025-09-16
6274,10406,11,2025-07-28
6275,10409,11,2025-05-11
6276,10410,11,2025-05-09
6277,10411,11,2025-05-24
6278,10413,11,2026-01-26
6279,10416,11,2025-08-11
6280,10419,11,2025-04-11
6281,10420,11,2025-05-08
6282,10421,11,2025-11-01
6283,10422,11,2025-09-30
6284,10423,11,2025-12-27
6285,10424,11,2025-11-03
6286,10425,11,2026-02-28
6287,10426,11,2025-06-22
6288,10427,11,2025-03-29
6289,10428,11,2025-09-21
6290,10429,11,2025-06-14
6291,10433,11,2025-07-20
6292,10434,11,2025-07-31
6293,10436,11,2025-08-11
6294,10442,11,2025-11-29
6295,10443,11,2026-01-24
6296,10444,11,2025-08-27
6297,10448,11,2025-07-13
6298,10450,11,2025-07-13
6299,10454,12,2025-08-13
6300,10456,12,2025-09-23
6301,10458,12,2026-03-09
6302,10461,12,2025-03-23
6303,10465,12,2025-06-15
6304,10466,12,2025-09-03
6305,10467,12,2025-10-07
6306,10468,12,2026-01-15
6307,10469,12,2026-03-01
6308,10470,12,2025-08-14
6309,10474,12,2025-10-24
6310,10479,12,2025-10-05
6311,10481,12,2025-10-05
6312,10483,12,2025-05-19
6313,10486,12,2025-05-14
6314,10487,12,2025-09-08
6315,10490,12,2025-12-12
6316,10491,12,2025-07-15
6317,10493,12,2025-04-12
6318,10494,12,2025-05-06
6319,10497,12,2025-12-05
6320,10498,12,2025-06-10
6321,10499,12,2025-07-23
6322,10502,12,2025-12-11
6323,10503,12,2025-05-28
6324,10508,12,2025-04-04
6325,10509,12,2026-03-03
6326,10510,12,2025-05-26
6327,10511,12,2026-01-13
6328,10512,12,2025-05-22
6329,10513,12,2025-03-18
6330,10514,12,2025-05-31
6331,10515,12,2025-07-05
6332,10516,12,2025-04-10
6333,10517,12,2025-07-26
6334,10518,12,2025-09-30
6335,10521,12,2025-04-21
6336,10524,12,2025-11-11
6337,10525,12,2025-07-14
6338,10526,12,2025-11-29
6339,10527,12,2025-07-10
6340,10528,12,2025-04-07
6341,10529,12,2025-09-05
6342,10532,12,2025-04-14
6343,10534,12,2025-05-16
6344,10535,12,2026-02-22
6345,10537,12,2025-12-20
6346,10538,12,2025-11-02
6347,10540,12,2025-07-09
6348,10541,12,2025-07-15
6349,10544,12,2025-07-28
6350,10545,12,2025-07-11
6351,10546,12,2025-12-04
6352,10547,12,2025-07-13
6353,10553,12,2025-12-27
6354,10554,12,2025-11-19
6355,10555,12,2025-06-27
6356,10556,12,2025-07-28
6357,10557,12,2025-10-22
6358,10558,12,2026-03-07
6359,10559,12,2026-03-10
6360,10560,12,2025-08-08
6361,10561,12,2025-07-17
6362,10564,12,2026-02-21
6363,10565,12,2025-12-31
6364,10568,12,2026-03-13
6365,10569,12,2025-08-10
6366,10571,12,2025-07-07
6367,10572,12,2025-08-22
6368,10573,12,2026-02-20
6369,10574,12,2025-10-25
6370,10575,12,2025-08-15
6371,10576,12,2025-07-12
6372,10577,12,2025-10-31
6373,10578,12,2025-03-20
6374,10580,12,2025-12-05
6375,10582,12,2025-06-05
6376,10583,12,2025-05-25
6377,10584,12,2025-08-22
6378,10585,12,2025-04-22
6379,10587,12,2025-11-28
6380,10588,12,2026-02-02
6381,10590,12,2025-12-23
6382,10591,12,2025-10-30
6383,10592,12,2025-10-29
6384,10594,12,2026-02-02
6385,10596,12,2025-12-16
6386,10597,12,2025-12-19
6387,10598,12,2025-04-19
6388,10600,12,2025-03-27
6389,10602,12,2025-12-28
6390,10603,12,2026-02-11
6391,10604,12,2025-08-17
6392,10605,12,2025-08-17
6393,10608,12,2026-01-06
6394,10611,12,2026-02-02
6395,10613,12,2026-01-04
6396,10616,12,2025-10-17
6397,10617,12,2025-11-10
6398,10619,12,2025-06-16
6399,10624,12,2026-02-22
6400,10625,12,2025-08-29
6401,10626,12,2026-02-25
6402,10628,12,2026-01-29
6403,10629,12,2025-03-10
6404,10630,12,2025-10-06
6405,10632,12,2025-06-15
6406,10634,12,2025-10-23
6407,10635,12,2025-06-11
6408,10636,12,2026-01-28
6409,10637,12,2025-10-16
6410,10638,12,2025-08-18
6411,10640,12,2025-07-28
6412,10643,12,2026-01-09
6413,10644,12,2025-11-06
6414,10646,12,2025-10-05
6415,10648,12,2025-07-28
6416,10649,12,2026-02-27
6417,10653,12,2025-09-06
6418,10656,12,2025-11-22
6419,10657,12,2025-11-30
6420,10658,12,2025-08-25
6421,10660,12,2025-07-04
6422,10663,12,2025-05-29
6423,10664,12,2025-11-23
6424,10665,12,2025-05-19
6425,10669,12,2026-01-14
6426,10670,12,2025-03-19
6427,10673,12,2026-01-24
6428,10674,12,2025-12-21
6429,10678,12,2025-07-31
6430,10679,12,2025-07-25
6431,10680,12,2025-05-04
6432,10681,12,2025-07-04
6433,10686,12,2025-08-14
6434,10688,12,2026-01-19
6435,10689,12,2025-08-18
6436,10690,12,2026-01-13
6437,10691,12,2025-04-26
6438,10694,12,2025-11-27
6439,10695,12,2025-07-15
6440,10696,12,2026-02-04
6441,10697,12,2025-09-07
6442,10698,12,2025-08-04
6443,10699,12,2025-12-30
6444,10700,12,2025-05-01
6445,10701,12,2025-12-08
6446,10702,12,2025-12-28
6447,10703,12,2026-01-21
6448,10704,12,2025-09-10
6449,10706,12,2025-05-29
6450,10707,12,2025-06-24
6451,10709,12,2025-07-21
6452,10711,12,2025-12-30
6453,10713,12,2025-03-16
6454,10714,12,2025-08-25
6455,10715,12,2025-05-19
6456,10716,12,2025-12-26
6457,10719,12,2025-11-08
6458,10720,12,2025-12-08
6459,10722,12,2025-08-01
6460,10723,12,2025-06-09
6461,10724,12,2025-06-14
6462,10726,12,2025-04-23
6463,10731,12,2025-08-16
6464,10732,12,2025-07-16
6465,10734,12,2025-12-05
6466,10735,12,2026-02-24
6467,10736,12,2025-04-26
6468,10737,12,2025-05-03
6469,10739,12,2025-05-16
6470,10742,12,2025-04-22
6471,10743,12,2025-04-24
6472,10744,12,2025-09-16
6473,10746,12,2025-05-25
6474,10748,12,2025-08-15
6475,10749,12,2025-07-11
6476,10752,12,2025-10-28
6477,10753,12,2026-02-13
6478,10757,12,2025-10-21
6479,10758,12,2026-03-14
6480,10759,12,2025-09-23
6481,10761,12,2025-09-15
6482,10762,12,2025-04-21
6483,10763,12,2025-09-16
6484,10764,12,2025-10-22
6485,10766,12,2025-12-11
6486,10767,12,2026-01-26
6487,10769,12,2026-01-08
6488,10771,12,2025-11-14
6489,10773,12,2025-07-13
6490,10775,12,2025-07-17
6491,10776,12,2025-12-20
6492,10778,12,2026-03-07
6493,10780,12,2025-09-05
6494,10783,12,2025-12-10
6495,10784,12,2025-07-03
6496,10785,12,2025-12-09
6497,10786,12,2025-07-03
6498,10788,12,2025-11-25
6499,10789,12,2026-02-19
6500,10790,12,2025-12-10
6501,10793,12,2025-03-13
6502,10794,12,2025-11-14
6503,10796,12,2025-08-26
6504,10797,12,2025-11-25
6505,10798,12,2025-03-22
6506,10799,12,2026-01-19
6507,10801,12,2025-05-27
6508,10804,12,2025-09-22
6509,10805,12,2026-02-03
6510,10807,12,2026-01-03
6511,10808,12,2026-01-25
6512,10809,12,2025-05-30
6513,10810,12,2025-10-24
6514,10811,12,2025-10-11
6515,10812,12,2026-01-30
6516,10817,12,2025-11-26
6517,10818,12,2025-04-14
6518,10819,12,2025-09-23
6519,10820,12,2026-03-13
6520,10822,12,2025-11-09
6521,10823,12,2025-11-25
6522,10824,12,2025-04-30
6523,10825,12,2026-01-04
6524,10826,12,2026-03-08
6525,10827,12,2026-01-16
6526,10829,12,2025-10-13
6527,10830,12,2025-07-28
6528,10832,12,2025-09-02
6529,10834,12,2025-12-25
6530,10836,12,2025-04-29
6531,10837,12,2026-01-18
6532,10838,12,2025-07-10
6533,10839,12,2025-11-26
6534,10840,12,2025-10-17
6535,10841,12,2025-08-03
6536,10844,12,2025-08-04
6537,10848,12,2025-09-05
6538,10850,12,2026-03-07
6539,10851,12,2026-01-11
6540,10854,12,2025-09-12
6541,10855,12,2026-02-17
6542,10856,12,2025-07-12
6543,10857,12,2025-08-01
6544,10860,12,2026-02-15
6545,10861,12,2025-03-23
6546,10864,12,2025-06-18
6547,10865,12,2026-02-14
6548,10866,12,2025-12-03
6549,10868,12,2026-02-09
6550,10873,12,2025-07-16
6551,10875,12,2026-01-26
6552,10877,12,2025-03-13
6553,10880,12,2025-04-28
6554,10882,12,2025-05-02
6555,10883,12,2025-05-31
6556,10884,12,2025-09-14
6557,10886,12,2026-02-03
6558,10890,12,2025-08-10
6559,10891,12,2025-03-24
6560,10892,12,2025-09-05
6561,10893,12,2025-06-16
6562,10895,12,2025-06-09
6563,10898,12,2025-09-09
6564,10899,12,2025-10-12
6565,10901,12,2025-04-14
6566,10905,12,2025-05-28
6567,10907,12,2025-05-10
6568,10908,12,2025-07-04
6569,10909,12,2025-09-20
6570,10912,12,2025-05-07
6571,10913,12,2025-06-21
6572,10914,12,2026-01-12
6573,10915,12,2025-05-17
6574,10920,12,2025-12-20
6575,10921,12,2026-02-17
6576,10922,12,2025-03-21
6577,10924,12,2025-10-26
6578,10925,12,2025-07-01
6579,10926,12,2025-11-22
6580,10928,12,2025-09-14
6581,10929,12,2026-01-14
6582,10931,12,2025-12-06
6583,10932,12,2025-05-24
6584,10935,12,2025-11-16
6585,10936,12,2025-12-16
6586,10937,12,2025-07-12
6587,10938,12,2026-02-21
6588,10939,12,2025-07-08
6589,10940,12,2025-10-03
6590,10942,12,2025-12-22
6591,10943,12,2025-04-19
6592,10944,12,2025-12-13
6593,10945,12,2025-09-25
6594,10947,12,2025-10-03
6595,10949,12,2025-08-28
6596,10950,12,2025-12-23
6597,10951,12,2025-04-09
6598,10952,12,2025-09-30
6599,10953,12,2025-08-27
6600,10954,12,2025-11-17
6601,10958,12,2025-09-04
6602,10959,12,2025-11-06
6603,10960,12,2025-10-13
6604,10963,12,2025-04-14
6605,10964,12,2026-01-14
6606,10966,12,2025-04-27
6607,10968,12,2025-11-06
6608,10969,12,2025-07-24
6609,10970,12,2025-08-03
6610,10972,12,2025-09-26
6611,10973,12,2026-01-07
6612,10974,12,2026-03-03
6613,10975,12,2025-07-03
6614,10976,12,2026-01-21
6615,10977,12,2026-01-22
6616,10979,12,2025-08-21
6617,10980,12,2025-07-15
6618,10981,12,2025-08-09
6619,10982,12,2025-11-24
6620,10983,12,2025-09-04
6621,10984,12,2025-03-31
6622,10985,12,2025-05-19
6623,10986,12,2025-03-15
6624,10989,12,2025-11-02
6625,10992,12,2026-02-03
6626,10993,12,2026-02-26
6627,10995,12,2026-02-03
6628,10996,12,2025-09-10
6629,10998,12,2025-06-11
6630,11001,12,2026-02-15
6631,11005,12,2025-08-03
6632,11006,12,2025-05-20
6633,11009,12,2025-12-25
6634,11012,12,2025-11-20
6635,11013,12,2025-07-25
6636,11014,12,2025-06-24
6637,11015,12,2025-12-11
6638,11016,12,2025-09-21
6639,11017,12,2025-06-18
6640,11018,12,2026-02-15
6641,11020,12,2025-11-11
6642,11021,12,2025-06-26
6643,11024,12,2025-12-06
6644,11026,12,2026-02-26
6645,11027,12,2025-12-21
6646,11032,12,2025-03-30
6647,11033,12,2025-10-18
6648,11034,12,2025-04-09
6649,11035,12,2025-12-16
6650,11036,12,2025-11-11
6651,11037,12,2025-05-28
6652,11041,12,2025-08-20
6653,11044,12,2026-01-14
6654,11046,12,2025-03-16
6655,11048,12,2026-03-15
6656,11049,12,2025-09-02
6657,11050,12,2026-01-29
6658,11051,12,2025-07-22
6659,11052,12,2026-01-17
6660,11053,12,2025-06-10
6661,11058,12,2025-03-16
6662,11059,12,2025-11-15
6663,11061,12,2026-01-17
6664,11067,12,2025-09-16
6665,11068,12,2025-05-04
6666,11070,12,2025-11-02
6667,11071,12,2025-10-15
6668,11072,12,2026-03-05
6669,11073,12,2025-07-20
6670,11075,12,2026-03-15
6671,11077,12,2025-03-25
6672,11078,12,2026-01-04
6673,11079,12,2025-12-13
6674,11081,12,2026-03-02
6675,11082,12,2025-12-01
6676,11083,12,2025-08-27
6677,11084,12,2025-05-24
6678,11085,12,2025-06-28
6679,11088,12,2026-01-15
6680,11089,12,2025-11-17
6681,11091,12,2025-07-27
6682,11093,12,2025-07-24
6683,11094,12,2025-06-08
6684,11096,12,2025-10-17
6685,11097,12,2025-05-28
6686,11099,12,2025-12-04
6687,11100,12,2026-03-04
6688,11101,12,2025-04-07
6689,11102,12,2025-10-18
6690,11103,12,2025-12-13
6691,11104,12,2026-01-06
6692,11105,12,2025-10-28
6693,11106,12,2025-05-05
6694,11108,12,2025-08-17
6695,11110,12,2025-12-15
6696,11111,12,2025-06-02
6697,11114,12,2026-03-09
6698,11115,12,2026-01-03
6699,11117,12,2025-12-22
6700,11118,12,2025-07-28
6701,11120,12,2025-08-06
6702,11121,12,2025-03-23
6703,11122,12,2025-03-16
6704,11123,12,2025-04-19
6705,11124,12,2025-05-29
6706,11127,12,2025-04-27
6707,11129,12,2025-04-12
6708,11130,12,2025-05-28
6709,11131,12,2025-05-30
6710,11132,12,2025-05-22
6711,11133,12,2025-06-20
6712,11135,12,2025-06-15
6713,11137,12,2026-01-25
6714,11138,12,2026-02-23
6715,11140,12,2025-11-25
6716,11141,12,2025-06-18
6717,11142,12,2025-06-20
6718,11144,12,2026-02-15
6719,11146,12,2025-12-30
6720,11148,12,2025-09-09
6721,11150,12,2026-01-27
6722,11152,12,2025-05-05
6723,11153,12,2025-07-02
6724,11154,12,2025-04-30
6725,11155,12,2026-01-20
6726,11159,12,2026-02-08
6727,11160,12,2025-06-22
6728,11161,12,2025-09-06
6729,11163,12,2026-01-26
6730,11164,12,2025-06-26
6731,11167,12,2025-11-25
6732,11170,12,2025-04-10
6733,11171,12,2025-11-20
6734,11173,12,2026-01-19
6735,11174,12,2025-03-19
6736,11177,12,2025-03-10
6737,11179,12,2026-02-12
6738,11180,12,2025-05-18
6739,11182,12,2026-03-06
6740,11185,12,2025-08-15
6741,11186,12,2025-03-15
6742,11188,12,2026-02-22
6743,11190,12,2025-03-25
6744,11191,12,2025-10-30
6745,11193,12,2025-10-14
6746,11196,12,2026-02-15
6747,11197,12,2025-08-15
6748,11199,12,2025-10-07
6749,11201,12,2025-10-29
6750,11202,12,2026-01-31
6751,11203,12,2025-12-17
6752,11204,12,2025-12-27
6753,11205,12,2025-11-03
6754,11206,12,2025-08-13
6755,11207,12,2025-11-11
6756,11209,12,2026-01-28
6757,11212,12,2025-04-08
6758,11213,12,2026-02-07
6759,11214,12,2025-05-30
6760,11217,12,2025-07-11
6761,11218,12,2025-05-05
6762,11219,12,2025-11-20
6763,11222,12,2025-07-03
6764,11224,12,2025-06-16
6765,11225,12,2025-10-09
6766,11226,12,2025-03-21
6767,11227,12,2025-04-05
6768,11228,12,2025-04-04
6769,11232,12,2026-02-21
6770,11233,12,2025-04-01
6771,11234,12,2025-08-02
6772,11238,12,2026-01-21
6773,11239,12,2025-08-03
6774,11240,12,2025-07-07
6775,11242,12,2025-11-18
6776,11243,12,2025-03-30
6777,11245,12,2026-01-21
6778,11246,12,2025-04-01
6779,11247,12,2025-11-28
6780,11249,12,2026-03-01
6781,11250,12,2025-07-29
6782,11251,12,2025-10-29
6783,11252,12,2025-06-05
6784,11253,12,2025-08-03
6785,11254,12,2025-04-27
6786,11256,12,2025-11-18
6787,11257,12,2025-08-20
6788,11259,12,2025-07-01
6789,11260,12,2025-05-11
6790,11261,12,2026-01-11
6791,11263,12,2026-02-05
6792,11265,12,2025-04-08
6793,11266,12,2025-09-30
6794,11269,12,2025-11-16
6795,11270,12,2025-04-15
6796,11272,12,2025-11-08
6797,11273,12,2025-07-19
6798,11274,12,2026-03-01
6799,11275,12,2025-04-24
6800,11276,12,2025-07-28
6801,11277,12,2025-04-03
6802,11278,12,2026-03-01
6803,11279,12,2025-03-16
6804,11281,12,2026-02-02
6805,11286,12,2025-11-25
6806,11290,12,2025-09-14
6807,11293,12,2025-12-27
6808,11294,12,2026-01-01
6809,11296,12,2025-11-22
6810,11298,12,2025-11-06
6811,11299,12,2025-10-05
6812,11303,12,2025-10-24
6813,11304,12,2025-06-14
6814,11305,12,2025-10-18
6815,11306,12,2025-09-18
6816,11308,12,2026-01-26
6817,11309,12,2025-08-13
6818,11316,12,2025-04-06
6819,11317,12,2025-08-23
6820,11321,12,2025-06-10
6821,11322,12,2025-04-18
6822,11324,12,2025-06-28
6823,11325,12,2025-07-27
6824,11326,12,2025-03-15
6825,11327,12,2025-05-31
6826,11329,12,2025-09-15
6827,11330,12,2025-06-10
6828,11331,12,2026-02-18
6829,11332,12,2025-09-15
6830,11333,12,2025-07-13
6831,11334,12,2025-05-04
6832,11338,12,2025-05-18
6833,11342,12,2025-11-24
6834,11343,12,2025-07-12
6835,11346,12,2025-11-24
6836,11347,12,2025-09-03
6837,11348,12,2025-05-25
6838,11350,12,2025-08-28
6839,11351,12,2026-01-13
6840,11352,12,2025-05-05
6841,11353,12,2025-07-08
6842,11354,12,2026-01-28
6843,11355,12,2025-06-03
6844,11356,12,2025-11-22
6845,11358,12,2025-08-15
6846,11359,12,2025-06-03
6847,11360,12,2025-05-05
6848,11361,12,2025-03-29
6849,11364,12,2025-06-15
6850,11366,12,2025-03-25
6851,11368,12,2025-08-26
6852,11369,12,2026-01-19
6853,11370,12,2025-08-05
6854,11372,12,2025-12-15
6855,11373,12,2025-05-30
6856,11375,12,2025-03-19
6857,11376,12,2026-03-06
6858,11377,12,2026-03-04
6859,11378,12,2025-07-10
6860,11379,12,2025-06-21
6861,11380,12,2025-07-10
6862,11381,12,2025-10-30
6863,11382,12,2026-01-25
6864,11383,12,2025-12-29
6865,11384,12,2025-11-04
6866,11385,12,2025-05-07
6867,11388,12,2025-08-17
6868,11392,12,2025-04-04
6869,11393,12,2025-11-30
6870,11394,12,2025-07-05
6871,11397,12,2025-11-02
6872,11400,12,2025-10-05
6873,11401,13,2025-10-05
6874,11402,13,2025-10-20
6875,11403,13,2025-08-13
6876,11404,13,2025-05-30
6877,11405,13,2026-01-05
6878,11408,13,2025-05-13
6879,11409,13,2025-04-09
6880,11410,13,2025-04-12
6881,11411,13,2025-04-02
6882,11412,13,2026-01-14
6883,11413,13,2025-04-29
6884,11414,13,2025-12-13
6885,11423,13,2025-08-02
6886,11424,13,2025-10-17
6887,11425,13,2025-12-13
6888,11426,13,2025-04-28
6889,11427,13,2025-09-29
6890,11431,13,2025-05-01
6891,11433,13,2025-11-10
6892,11434,13,2025-04-21
6893,11435,13,2025-10-19
6894,11436,13,2025-06-17
6895,11437,13,2025-05-26
6896,11438,13,2025-03-17
6897,11443,13,2025-05-20
6898,11445,13,2025-08-02
6899,11446,13,2025-12-10
6900,11447,13,2026-01-02
6901,11449,13,2025-04-02
6902,11450,13,2025-11-24
6903,11451,13,2025-11-19
6904,11452,13,2025-09-24
6905,11453,13,2025-07-27
6906,11455,13,2026-02-12
6907,11457,13,2025-06-27
6908,11458,13,2025-10-22
6909,11460,13,2025-03-21
6910,11464,13,2025-08-12
6911,11465,13,2025-04-16
6912,11466,13,2025-10-15
6913,11467,13,2025-07-27
6914,11468,13,2026-02-25
6915,11471,13,2026-02-14
6916,11472,13,2025-11-10
6917,11474,13,2025-04-14
6918,11477,13,2025-05-07
6919,11478,13,2025-12-04
6920,11479,13,2025-04-18
6921,11480,13,2025-11-01
6922,11481,13,2025-04-15
6923,11482,13,2025-10-23
6924,11484,13,2025-07-15
6925,11485,13,2025-10-11
6926,11486,13,2025-05-31
6927,11489,13,2025-05-15
6928,11490,13,2025-08-05
6929,11491,13,2025-03-18
6930,11492,13,2025-04-25
6931,11493,13,2025-08-16
6932,11495,13,2025-03-28
6933,11498,13,2025-10-24
6934,11499,13,2025-03-13
6935,11500,13,2026-02-24
6936,11501,13,2025-12-21
6937,11503,13,2025-10-16
6938,11505,13,2026-02-25
6939,11508,13,2026-02-10
6940,11509,13,2025-05-31
6941,11511,13,2025-11-25
6942,11513,13,2025-09-08
6943,11514,13,2025-07-23
6944,11516,13,2025-05-26
6945,11518,13,2025-04-11
6946,11519,13,2025-06-23
6947,11521,13,2025-05-05
6948,11522,13,2025-07-15
6949,11523,13,2025-08-19
6950,11524,13,2026-01-13
6951,11526,13,2025-09-19
6952,11527,13,2025-07-16
6953,11528,13,2025-05-25
6954,11530,13,2025-06-08
6955,11531,13,2025-06-15
6956,11532,13,2025-07-19
6957,11537,13,2025-10-12
6958,11541,13,2025-05-21
6959,11542,13,2026-02-22
6960,11545,13,2025-11-30
6961,11546,13,2025-07-31
6962,11550,13,2026-03-11
6963,11551,13,2025-07-11
6964,11552,13,2026-03-14
6965,11553,13,2025-07-15
6966,11558,13,2026-03-04
6967,11559,13,2025-08-03
6968,11560,13,2025-09-05
6969,11561,13,2025-06-10
6970,11563,13,2025-11-08
6971,11564,13,2025-11-28
6972,11565,13,2025-04-15
6973,11566,13,2026-03-01
6974,11567,13,2025-09-02
6975,11568,13,2025-07-23
6976,11569,13,2025-07-16
6977,11571,13,2025-10-17
6978,11572,13,2025-07-07
6979,11574,13,2026-01-15
6980,11575,13,2025-06-12
6981,11577,13,2026-02-18
6982,11579,13,2025-03-16
6983,11580,13,2026-03-03
6984,11581,13,2025-09-22
6985,11582,13,2026-02-25
6986,11583,13,2026-01-04
6987,11584,13,2025-12-13
6988,11585,13,2025-04-03
6989,11586,13,2026-02-21
6990,11590,13,2025-11-22
6991,11593,13,2025-09-19
6992,11594,13,2025-08-30
6993,11595,13,2025-12-30
6994,11596,13,2025-04-10
6995,11597,13,2025-04-28
6996,11598,13,2025-11-20
6997,11599,13,2025-10-19
6998,11600,13,2025-05-22
6999,11601,13,2025-12-13
7000,11603,13,2025-03-20
7001,11604,13,2025-05-20
7002,11605,13,2025-11-20
7003,11606,13,2025-09-23
7004,11607,13,2026-02-27
7005,11608,13,2026-02-05
7006,11609,13,2025-06-17
7007,11610,13,2025-08-05
7008,11611,13,2026-01-24
7009,11612,13,2025-04-10
7010,11613,13,2026-02-14
7011,11615,13,2025-11-30
7012,11616,13,2025-04-11
7013,11617,13,2025-07-18
7014,11620,13,2025-04-11
7015,11621,13,2026-02-09
7016,11623,13,2025-03-20
7017,11624,13,2025-05-25
7018,11626,13,2026-02-05
7019,11627,13,2025-11-08
7020,11628,13,2025-12-15
7021,11629,13,2026-03-05
7022,11631,13,2025-03-14
7023,11632,13,2026-02-11
7024,11633,13,2025-11-03
7025,11634,13,2026-03-14
7026,11635,13,2025-12-30
7027,11636,13,2025-04-05
7028,11637,13,2025-09-10
7029,11638,13,2025-04-20
7030,11639,13,2025-03-24
7031,11640,13,2025-11-29
7032,11642,13,2025-03-25
7033,11643,13,2026-01-06
7034,11647,13,2026-01-09
7035,11648,13,2025-03-19
7036,11650,13,2025-05-01
7037,11651,13,2025-03-11
7038,11652,13,2025-10-31
7039,11653,13,2025-06-30
7040,11655,13,2025-12-08
7041,11656,13,2026-02-11
7042,11657,13,2025-07-29
7043,11663,13,2025-07-07
7044,11665,13,2026-01-29
7045,11666,13,2025-06-08
7046,11667,13,2025-05-29
7047,11668,13,2025-05-20
7048,11671,13,2025-12-05
7049,11672,13,2026-02-26
7050,11673,13,2025-06-03
7051,11675,13,2026-01-29
7052,11676,13,2025-12-16
7053,11679,13,2025-10-13
7054,11680,13,2025-12-23
7055,11681,13,2026-02-21
7056,11686,13,2025-07-31
7057,11690,13,2025-09-02
7058,11691,13,2025-09-26
7059,11694,13,2025-12-27
7060,11695,13,2025-07-14
7061,11698,13,2025-03-30
7062,11699,13,2025-05-05
7063,11700,13,2025-06-16
7064,11702,13,2025-07-19
7065,11704,13,2026-02-14
7066,11705,13,2025-04-08
7067,11706,13,2025-09-14
7068,11707,13,2025-10-09
7069,11709,13,2025-08-06
7070,11710,13,2026-01-10
7071,11714,13,2025-06-29
7072,11715,13,2025-06-25
7073,11716,13,2025-04-08
7074,11717,13,2025-03-21
7075,11722,13,2025-09-04
7076,11723,13,2025-11-10
7077,11726,13,2026-01-11
7078,11727,13,2026-01-07
7079,11728,13,2026-01-23
7080,11729,13,2025-08-16
7081,11732,13,2025-07-30
7082,11733,13,2025-07-25
7083,11734,13,2025-09-02
7084,11737,13,2025-05-08
7085,11738,13,2025-07-18
7086,11739,13,2025-12-15
7087,11742,13,2026-02-23
7088,11746,13,2025-09-27
7089,11749,13,2025-06-17
7090,11751,13,2025-06-19
7091,11752,13,2026-01-09
7092,11753,13,2025-06-25
7093,11754,13,2025-08-11
7094,11755,13,2026-03-01
7095,11759,13,2025-12-28
7096,11761,13,2026-02-11
7097,11762,13,2025-08-13
7098,11763,13,2025-04-12
7099,11765,13,2025-04-23
7100,11766,13,2025-11-13
7101,11768,13,2025-10-09
7102,11769,13,2025-04-25
7103,11770,13,2025-04-16
7104,11771,13,2025-09-12
7105,11772,13,2025-09-16
7106,11774,13,2025-07-08
7107,11775,13,2025-10-06
7108,11777,13,2025-11-13
7109,11778,13,2025-07-04
7110,11780,13,2026-02-07
7111,11783,13,2025-09-08
7112,11784,13,2026-02-13
7113,11786,13,2025-08-31
7114,11790,13,2026-01-13
7115,11792,13,2025-08-08
7116,11794,13,2025-08-14
7117,11795,13,2025-11-15
7118,11797,13,2025-12-07
7119,11798,13,2026-02-11
7120,11799,13,2025-08-03
7121,11800,13,2025-08-15
7122,11801,13,2025-08-11
7123,11803,13,2025-12-15
7124,11804,13,2025-06-27
7125,11805,13,2025-05-05
7126,11807,13,2025-09-28
7127,11811,13,2025-03-20
7128,11812,13,2025-12-01
7129,11813,13,2026-01-06
7130,11816,13,2025-05-25
7131,11817,13,2025-08-09
7132,11818,13,2025-11-04
7133,11820,13,2025-03-21
7134,11821,13,2025-12-21
7135,11822,13,2025-04-14
7136,11823,13,2025-09-25
7137,11827,13,2026-01-24
7138,11828,13,2025-06-18
7139,11829,13,2026-01-30
7140,11831,13,2026-02-28
7141,11832,13,2025-11-11
7142,11833,13,2026-03-12
7143,11834,13,2025-06-24
7144,11835,13,2025-05-17
7145,11836,13,2025-11-05
7146,11839,13,2025-10-19
7147,11841,13,2025-09-13
7148,11843,13,2025-05-14
7149,11844,13,2025-08-27
7150,11846,13,2026-01-18
7151,11850,13,2025-12-21
7152,11851,13,2025-10-15
7153,11852,13,2025-06-10
7154,11853,13,2025-06-11
7155,11854,13,2026-01-09
7156,11860,13,2025-11-30
7157,11861,13,2025-10-12
7158,11862,13,2025-12-01
7159,11863,13,2026-01-02
7160,11865,13,2026-01-21
7161,11866,13,2026-03-01
7162,11870,13,2025-10-13
7163,11872,13,2025-06-13
7164,11873,13,2025-12-12
7165,11874,13,2025-10-06
7166,11876,13,2026-01-15
7167,11879,13,2025-04-23
7168,11880,13,2025-04-30
7169,11882,13,2025-12-02
7170,11884,13,2025-08-20
7171,11885,13,2025-11-14
7172,11886,13,2025-07-13
7173,11888,13,2025-04-05
7174,11890,13,2025-05-19
7175,11891,13,2025-03-27
7176,11892,13,2025-06-29
7177,11893,13,2025-06-30
7178,11894,13,2025-03-25
7179,11895,13,2025-11-01
7180,11896,13,2025-03-10
7181,11898,13,2025-11-01
7182,11900,13,2026-02-19
7183,11902,13,2025-03-14
7184,11903,13,2025-06-08
7185,11910,13,2025-06-16
7186,11911,13,2026-01-07
7187,11912,13,2025-07-26
7188,11914,13,2026-01-24
7189,11918,13,2025-04-05
7190,11919,13,2025-06-03
7191,11920,13,2026-01-25
7192,11921,13,2025-12-25
7193,11924,13,2025-09-24
7194,11926,13,2026-02-13
7195,11927,13,2025-03-17
7196,11929,13,2025-04-04
7197,11931,13,2025-06-14
7198,11932,13,2025-03-27
7199,11933,13,2025-10-28
7200,11934,13,2025-09-17
7201,11935,13,2025-06-07
7202,11936,13,2025-12-18
7203,11938,13,2025-09-18
7204,11939,13,2025-11-26
7205,11940,13,2025-09-19
7206,11941,13,2025-06-01
7207,11944,13,2025-08-06
7208,11945,13,2026-02-04
7209,11946,13,2025-06-12
7210,11948,13,2025-06-14
7211,11949,13,2025-04-01
7212,11951,13,2025-04-02
7213,11952,13,2025-07-05
7214,11953,13,2025-11-18
7215,11954,13,2025-11-21
7216,11955,13,2026-01-17
7217,11956,13,2025-04-15
7218,11957,13,2025-05-14
7219,11958,13,2025-05-22
7220,11960,13,2025-07-07
7221,11961,13,2025-04-25
7222,11967,13,2025-08-13
7223,11968,13,2025-10-06
7224,11971,13,2026-01-25
7225,11972,13,2025-07-14
7226,11973,13,2025-10-16
7227,11975,13,2025-12-10
7228,11976,13,2026-01-11
7229,11981,13,2025-12-02
7230,11985,13,2025-11-21
7231,11986,13,2025-06-04
7232,11987,13,2025-12-11
7233,11988,13,2026-01-12
7234,11989,13,2025-03-21
7235,11990,13,2025-08-26
7236,11991,13,2026-02-09
7237,11993,13,2025-11-30
7238,11994,13,2025-06-29
7239,11995,13,2026-03-14
7240,11996,13,2026-01-12
7241,11997,13,2025-09-14
7242,11998,13,2025-12-11
7243,11999,13,2025-11-01
7244,12000,13,2025-11-28
7245,12002,13,2025-04-23
7246,12003,13,2025-11-18
7247,12006,13,2025-03-11
7248,12007,13,2026-01-13
7249,12008,13,2025-03-20
7250,12010,13,2025-06-19
7251,12011,13,2025-12-16
7252,12012,13,2025-04-02
7253,12013,13,2025-07-26
7254,12014,13,2025-08-25
7255,12016,13,2025-11-25
7256,12017,13,2025-12-14
7257,12018,13,2025-08-29
7258,12020,13,2025-08-09
7259,12023,13,2025-08-23
7260,12024,13,2025-05-30
7261,12025,13,2025-08-14
7262,12026,13,2025-06-01
7263,12028,13,2025-07-28
7264,12029,13,2026-02-03
7265,12030,13,2025-12-12
7266,12031,13,2025-07-29
7267,12036,13,2026-03-11
7268,12037,13,2025-03-29
7269,12039,13,2025-09-14
7270,12049,13,2025-03-14
7271,12052,13,2025-07-28
7272,12053,13,2025-08-10
7273,12055,13,2025-04-09
7274,12058,13,2025-05-18
7275,12059,13,2025-07-07
7276,12061,13,2025-03-14
7277,12063,13,2025-11-09
7278,12064,13,2025-05-26
7279,12065,13,2025-04-03
7280,12066,13,2026-01-28
7281,12069,13,2025-12-12
7282,12071,13,2025-03-31
7283,12072,13,2025-04-02
7284,12073,13,2025-05-25
7285,12075,13,2025-05-13
7286,12077,13,2025-10-07
7287,12078,13,2025-09-15
7288,12080,13,2025-12-03
7289,12082,13,2025-09-14
7290,12084,13,2025-08-07
7291,12085,13,2025-05-25
7292,12086,13,2025-06-23
7293,12087,13,2025-12-07
7294,12088,13,2025-04-20
7295,12090,13,2025-08-10
7296,12091,13,2025-05-07
7297,12093,13,2025-09-28
7298,12094,13,2025-07-26
7299,12095,13,2025-10-22
7300,12097,13,2025-12-28
7301,12098,13,2026-03-15
7302,12099,13,2025-03-12
7303,12104,13,2025-10-26
7304,12105,13,2026-01-04
7305,12106,13,2025-06-22
7306,12107,13,2025-09-29
7307,12108,13,2025-09-22
7308,12109,13,2025-07-19
7309,12110,13,2026-01-09
7310,12112,13,2026-02-27
7311,12115,13,2025-09-18
7312,12117,13,2025-05-20
7313,12119,13,2025-05-30
7314,12122,13,2025-12-13
7315,12123,13,2026-03-03
7316,12125,13,2026-03-02
7317,12126,13,2025-05-28
7318,12128,13,2025-07-18
7319,12131,13,2025-05-20
7320,12132,13,2025-04-21
7321,12133,13,2026-02-17
7322,12137,13,2025-09-01
7323,12138,13,2025-04-12
7324,12139,13,2025-08-17
7325,12140,13,2025-09-17
7326,12141,13,2025-09-02
7327,12143,13,2025-10-08
7328,12144,13,2025-09-07
7329,12145,13,2025-10-27
7330,12146,13,2025-04-27
7331,12147,13,2025-03-30
7332,12149,13,2025-07-30
7333,12152,13,2025-08-19
7334,12154,13,2025-10-28
7335,12155,13,2025-12-15
7336,12156,13,2025-08-29
7337,12158,13,2025-12-12
7338,12159,13,2025-08-24
7339,12160,13,2025-06-25
7340,12161,13,2026-01-25
7341,12163,13,2025-10-02
7342,12164,13,2026-01-22
7343,12165,13,2026-02-11
7344,12167,13,2026-03-08
7345,12170,13,2026-01-23
7346,12172,13,2025-08-16
7347,12174,13,2025-05-09
7348,12176,13,2025-10-20
7349,12177,13,2025-06-05
7350,12178,13,2025-12-25
7351,12179,13,2025-11-10
7352,12180,13,2026-03-08
7353,12181,13,2025-09-08
7354,12183,13,2025-11-05
7355,12190,13,2026-02-13
7356,12191,13,2025-03-11
7357,12192,13,2025-07-07
7358,12195,13,2026-01-22
7359,12198,13,2026-03-02
7360,12200,13,2025-11-08
7361,12204,13,2025-12-29
7362,12205,13,2025-07-20
7363,12206,13,2025-04-17
7364,12208,13,2025-03-10
7365,12213,13,2025-06-11
7366,12216,13,2025-08-04
7367,12219,13,2026-01-04
7368,12222,13,2025-06-23
7369,12226,13,2025-06-03
7370,12227,13,2025-12-21
7371,12228,13,2026-01-16
7372,12229,13,2026-02-10
7373,12230,13,2026-01-30
7374,12232,13,2025-11-17
7375,12233,13,2025-05-21
7376,12234,13,2025-09-13
7377,12236,13,2026-02-25
7378,12237,13,2025-07-19
7379,12238,13,2025-07-09
7380,12239,13,2025-06-07
7381,12240,13,2025-08-05
7382,12241,13,2025-04-13
7383,12242,13,2026-01-02
7384,12243,13,2025-11-24
7385,12244,13,2025-09-05
7386,12247,13,2025-12-16
7387,12252,13,2026-01-05
7388,12253,13,2025-03-21
7389,12254,13,2025-06-20
7390,12256,13,2025-08-21
7391,12260,13,2025-07-17
7392,12261,13,2025-07-06
7393,12263,13,2026-01-09
7394,12266,13,2025-10-15
7395,12268,13,2025-05-18
7396,12270,13,2026-01-30
7397,12272,13,2026-02-19
7398,12274,13,2025-05-31
7399,12276,13,2025-10-31
7400,12277,13,2025-05-03
7401,12278,13,2025-06-09
7402,12279,13,2025-12-04
7403,12281,13,2025-09-10
7404,12282,13,2025-07-07
7405,12284,13,2025-08-27
7406,12286,13,2026-02-25
7407,12287,13,2025-05-05
7408,12288,13,2025-12-03
7409,12290,13,2026-03-02
7410,12292,13,2025-07-06
7411,12293,13,2025-10-18
7412,12295,13,2025-03-12
7413,12298,13,2025-11-17
7414,12299,13,2026-03-13
7415,12300,13,2025-06-19
7416,12301,13,2025-06-30
7417,12304,13,2025-05-19
7418,12305,13,2026-01-17
7419,12306,13,2025-09-16
7420,12308,13,2026-01-28
7421,12311,13,2025-04-09
7422,12315,13,2025-12-31
7423,12317,13,2025-09-05
7424,12318,13,2025-10-04
7425,12319,13,2025-06-07
7426,12320,13,2025-12-30
7427,12321,13,2025-12-09
7428,12324,13,2025-03-29
7429,12325,13,2025-09-19
7430,12326,13,2025-08-20
7431,12328,13,2025-12-16
7432,12330,13,2025-09-09
7433,12332,13,2025-08-29
7434,12333,13,2025-11-21
7435,12335,13,2025-12-04
7436,12338,13,2025-12-06
7437,12339,13,2025-03-28
7438,12340,13,2025-11-11
7439,12341,13,2025-04-23
7440,12343,13,2026-02-14
7441,12344,13,2026-01-06
7442,12346,13,2026-02-26
7443,12347,13,2026-02-12
7444,12348,13,2025-10-05
7445,12349,13,2025-08-19
7446,12350,13,2025-09-21
7447,12354,14,2025-08-17
7448,12355,14,2025-05-13
7449,12356,14,2025-05-02
7450,12357,14,2025-04-04
7451,12358,14,2025-04-22
7452,12360,14,2026-02-11
7453,12361,14,2025-11-24
7454,12362,14,2025-12-15
7455,12364,14,2025-12-20
7456,12366,14,2025-05-11
7457,12367,14,2025-08-25
7458,12369,14,2025-12-05
7459,12376,14,2026-01-15
7460,12378,14,2025-12-11
7461,12379,14,2025-06-19
7462,12381,14,2026-01-07
7463,12382,14,2025-11-19
7464,12384,14,2025-11-12
7465,12386,14,2026-02-06
7466,12387,14,2025-03-12
7467,12388,14,2025-06-24
7468,12390,14,2025-03-11
7469,12391,14,2026-01-04
7470,12392,14,2025-08-06
7471,12393,14,2026-03-01
7472,12394,14,2025-10-16
7473,12396,14,2026-03-07
7474,12397,14,2025-10-09
7475,12400,14,2026-01-05
7476,12402,14,2025-12-27
7477,12403,14,2025-05-17
7478,12405,14,2025-08-13
7479,12407,14,2025-04-16
7480,12408,14,2025-11-05
7481,12409,14,2025-09-15
7482,12410,14,2025-03-12
7483,12412,14,2025-06-23
7484,12416,14,2025-05-16
7485,12417,14,2025-09-06
7486,12418,14,2025-05-03
7487,12420,14,2025-08-05
7488,12426,14,2025-06-03
7489,12427,14,2026-02-16
7490,12430,14,2025-11-02
7491,12431,14,2025-08-27
7492,12432,14,2025-06-06
7493,12434,14,2026-01-22
7494,12435,14,2026-02-04
7495,12436,14,2026-02-08
7496,12439,14,2025-05-23
7497,12440,14,2025-09-06
7498,12441,14,2025-04-30
7499,12444,14,2025-08-19
7500,12449,14,2025-07-31
7501,12451,14,2026-01-27
7502,12459,14,2025-10-25
7503,12461,14,2025-09-23
7504,12463,14,2025-05-18
7505,12465,14,2025-04-30
7506,12466,14,2025-05-20
7507,12469,14,2025-12-02
7508,12472,14,2025-08-17
7509,12473,14,2026-03-01
7510,12476,14,2025-07-13
7511,12480,14,2025-10-01
7512,12481,14,2025-06-26
7513,12482,14,2025-10-11
7514,12483,14,2025-09-01
7515,12484,14,2025-11-30
7516,12486,14,2025-08-07
7517,12487,14,2025-10-31
7518,12488,14,2025-05-24
7519,12489,14,2025-06-14
7520,12490,14,2026-01-02
7521,12493,14,2025-09-25
7522,12494,14,2025-04-18
7523,12495,14,2025-10-14
7524,12496,14,2025-04-05
7525,12498,14,2026-01-20
7526,12502,14,2025-04-17
7527,12505,14,2026-01-28
7528,12506,14,2025-07-23
7529,12507,14,2025-05-24
7530,12508,14,2025-08-06
7531,12509,14,2026-01-31
7532,12510,14,2025-08-23
7533,12511,14,2025-12-11
7534,12515,14,2025-12-31
7535,12516,14,2026-01-11
7536,12517,14,2026-02-13
7537,12519,14,2026-01-08
7538,12522,14,2025-12-08
7539,12523,14,2025-03-30
7540,12524,14,2026-01-08
7541,12525,14,2025-05-02
7542,12527,14,2025-12-20
7543,12528,14,2026-01-17
7544,12530,14,2025-04-22
7545,12531,14,2025-06-06
7546,12532,14,2025-10-12
7547,12534,14,2025-06-23
7548,12536,14,2025-06-02
7549,12537,14,2025-12-03
7550,12539,14,2025-10-29
7551,12540,14,2025-05-21
7552,12541,14,2026-01-30
7553,12542,14,2025-05-14
7554,12543,14,2026-02-04
7555,12544,14,2025-07-13
7556,12546,14,2025-10-22
7557,12550,14,2025-09-17
7558,12551,14,2025-11-20
7559,12555,14,2026-02-23
7560,12557,14,2026-01-19
7561,12560,14,2025-03-17
7562,12561,14,2025-04-02
7563,12563,14,2026-02-03
7564,12564,14,2025-12-25
7565,12566,14,2026-01-15
7566,12568,14,2025-12-20
7567,12569,14,2025-06-03
7568,12571,14,2026-01-22
7569,12572,14,2025-09-29
7570,12574,14,2025-05-26
7571,12575,14,2026-02-17
7572,12576,14,2025-09-07
7573,12578,14,2026-02-28
7574,12580,14,2026-02-25
7575,12581,14,2026-02-15
7576,12582,14,2025-06-07
7577,12583,14,2025-07-10
7578,12585,14,2025-11-05
7579,12586,14,2025-06-11
7580,12587,14,2026-03-08
7581,12588,14,2025-05-29
7582,12589,14,2025-05-19
7583,12590,14,2026-01-09
7584,12591,14,2025-09-18
7585,12593,14,2025-12-27
7586,12594,14,2025-12-04
7587,12595,14,2025-05-30
7588,12596,14,2025-05-22
7589,12597,14,2025-07-29
7590,12598,14,2026-02-20
7591,12600,14,2025-04-11
7592,12601,14,2026-02-15
7593,12602,14,2026-02-06
7594,12603,14,2025-11-29
7595,12604,14,2026-01-13
7596,12606,14,2025-06-09
7597,12607,14,2025-10-13
7598,12609,14,2025-09-18
7599,12610,14,2025-06-24
7600,12612,14,2025-03-16
7601,12613,14,2025-12-06
7602,12614,14,2026-02-12
7603,12615,14,2025-12-28
7604,12616,14,2025-11-18
7605,12618,14,2025-09-26
7606,12622,14,2026-03-10
7607,12636,14,2025-03-17
7608,12638,14,2025-05-10
7609,12639,14,2025-09-08
7610,12641,14,2025-09-08
7611,12643,14,2026-03-01
7612,12644,14,2025-08-31
7613,12645,14,2025-12-25
7614,12646,14,2025-11-20
7615,12647,14,2025-10-23
7616,12649,14,2025-10-04
7617,12650,14,2026-03-04
7618,12651,14,2025-09-25
7619,12653,14,2025-04-12
7620,12654,14,2025-05-15
7621,12655,14,2025-04-09
7622,12658,14,2025-11-02
7623,12660,14,2026-01-23
7624,12663,14,2025-06-04
7625,12664,14,2025-08-27
7626,12665,14,2025-11-24
7627,12666,14,2025-04-27
7628,12667,14,2025-09-27
7629,12671,14,2025-09-08
7630,12672,14,2025-10-02
7631,12675,14,2025-05-10
7632,12679,14,2025-05-08
7633,12681,14,2026-01-06
7634,12682,14,2025-06-22
7635,12683,14,2025-07-24
7636,12684,14,2025-09-06
7637,12685,14,2025-04-08
7638,12688,14,2025-07-09
7639,12690,14,2026-01-24
7640,12691,14,2025-12-29
7641,12693,14,2025-10-15
7642,12694,14,2025-12-30
7643,12695,14,2025-08-12
7644,12696,14,2025-07-16
7645,12697,14,2025-12-16
7646,12698,14,2025-10-12
7647,12701,14,2026-02-15
7648,12702,14,2025-09-21
7649,12703,14,2025-12-14
7650,12704,14,2025-07-13
7651,12708,14,2025-05-01
7652,12711,14,2025-11-30
7653,12714,14,2025-08-01
7654,12715,14,2025-11-16
7655,12716,14,2025-09-10
7656,12717,14,2025-04-01
7657,12718,14,2025-05-02
7658,12720,14,2025-04-20
7659,12723,14,2025-10-18
7660,12724,14,2025-09-04
7661,12726,14,2025-05-06
7662,12727,14,2026-01-06
7663,12728,14,2025-07-28
7664,12729,14,2025-05-02
7665,12730,14,2025-11-23
7666,12731,14,2025-07-06
7667,12733,14,2025-09-27
7668,12734,14,2025-05-14
7669,12735,14,2025-05-04
7670,12737,14,2025-12-09
7671,12738,14,2025-08-28
7672,12739,14,2025-05-17
7673,12740,14,2025-07-06
7674,12741,14,2025-12-12
7675,12742,14,2025-10-01
7676,12743,14,2025-03-12
7677,12744,14,2025-06-14
7678,12745,14,2025-06-04
7679,12746,14,2025-11-01
7680,12747,14,2025-08-10
7681,12749,14,2026-01-04
7682,12751,14,2025-04-10
7683,12752,14,2025-08-02
7684,12753,14,2025-11-18
7685,12754,14,2026-01-02
7686,12755,14,2025-11-06
7687,12757,14,2025-09-15
7688,12760,14,2025-05-19
7689,12761,14,2025-06-24
7690,12762,14,2026-01-02
7691,12764,14,2025-05-29
7692,12766,14,2026-01-04
7693,12768,14,2025-06-18
7694,12769,14,2026-01-28
7695,12770,14,2025-11-12
7696,12771,14,2025-09-22
7697,12773,14,2025-08-26
7698,12774,14,2025-03-20
7699,12776,14,2026-01-17
7700,12778,14,2025-11-06
7701,12781,14,2025-10-06
7702,12786,14,2025-07-13
7703,12788,14,2025-05-21
7704,12789,14,2025-11-05
7705,12790,14,2025-07-11
7706,12791,14,2026-02-08
7707,12792,14,2025-06-28
7708,12793,14,2025-11-28
7709,12796,14,2025-10-25
7710,12798,14,2025-10-19
7711,12799,14,2025-07-27
7712,12800,14,2025-09-05
7713,12801,14,2025-05-06
7714,12802,14,2025-06-04
7715,12809,14,2026-03-14
7716,12814,14,2025-07-19
7717,12815,14,2025-10-29
7718,12816,14,2025-03-16
7719,12820,14,2025-10-30
7720,12821,14,2025-07-23
7721,12822,14,2025-06-28
7722,12823,14,2025-09-28
7723,12826,14,2026-02-27
7724,12827,14,2026-02-24
7725,12828,14,2025-06-19
7726,12829,14,2025-07-05
7727,12832,14,2025-09-09
7728,12834,14,2025-09-01
7729,12835,14,2025-11-10
7730,12836,14,2025-09-08
7731,12837,14,2025-03-11
7732,12838,14,2025-12-01
7733,12839,14,2025-11-23
7734,12842,14,2025-06-07
7735,12844,14,2025-09-06
7736,12846,14,2025-11-20
7737,12847,14,2025-08-18
7738,12848,14,2025-05-14
7739,12849,14,2025-12-17
7740,12850,14,2025-10-08
7741,12851,14,2025-12-10
7742,12853,14,2026-02-18
7743,12855,14,2025-09-27
7744,12856,14,2025-04-21
7745,12858,14,2026-02-20
7746,12859,14,2025-10-10
7747,12860,14,2025-09-15
7748,12862,14,2025-06-13
7749,12866,14,2025-05-27
7750,12867,14,2025-11-13
7751,12868,14,2025-09-12
7752,12869,14,2026-01-26
7753,12870,14,2025-11-15
7754,12871,14,2025-05-21
7755,12872,14,2025-03-26
7756,12873,14,2025-04-19
7757,12874,14,2026-01-17
7758,12876,14,2025-10-02
7759,12877,14,2025-04-18
7760,12882,14,2025-11-19
7761,12883,14,2026-02-27
7762,12885,14,2025-04-11
7763,12886,14,2025-10-22
7764,12889,14,2025-11-05
7765,12890,14,2025-08-01
7766,12891,14,2025-03-31
7767,12894,14,2026-01-18
7768,12895,14,2025-06-10
7769,12896,14,2025-09-10
7770,12898,14,2026-02-18
7771,12903,14,2025-11-08
7772,12905,14,2025-07-07
7773,12906,14,2025-11-17
7774,12908,14,2025-05-14
7775,12910,14,2026-02-11
7776,12911,14,2025-04-18
7777,12913,14,2025-04-06
7778,12914,14,2026-02-28
7779,12915,14,2025-10-28
7780,12917,14,2025-10-15
7781,12918,14,2025-12-11
7782,12919,14,2026-01-31
7783,12920,14,2026-02-24
7784,12921,14,2025-11-08
7785,12922,14,2025-12-04
7786,12923,14,2025-04-20
7787,12924,14,2025-10-29
7788,12926,14,2025-07-27
7789,12927,14,2025-12-21
7790,12928,14,2026-01-22
7791,12929,14,2025-07-21
7792,12930,14,2025-08-09
7793,12933,14,2025-06-20
7794,12935,14,2025-07-08
7795,12936,14,2026-01-08
7796,12937,14,2025-08-04
7797,12938,14,2025-11-13
7798,12939,14,2026-03-07
7799,12940,14,2025-04-19
7800,12941,14,2025-06-13
7801,12942,14,2026-02-21
7802,12943,14,2026-01-23
7803,12944,14,2025-04-20
7804,12945,14,2025-12-14
7805,12946,14,2025-12-08
7806,12947,14,2025-11-23
7807,12949,14,2025-08-10
7808,12950,14,2025-04-18
7809,12951,14,2025-06-05
7810,12952,14,2025-09-30
7811,12954,14,2026-03-15
7812,12955,14,2025-06-18
7813,12957,14,2026-03-14
7814,12958,14,2025-06-28
7815,12959,14,2025-08-05
7816,12960,14,2026-03-03
7817,12964,14,2025-09-01
7818,12965,14,2026-02-09
7819,12966,14,2025-11-02
7820,12967,14,2025-09-18
7821,12969,14,2025-08-14
7822,12970,14,2026-02-17
7823,12972,14,2025-07-29
7824,12973,14,2025-08-31
7825,12974,14,2025-12-11
7826,12976,14,2026-02-28
7827,12978,14,2025-03-10
7828,12979,14,2025-11-23
7829,12982,14,2026-02-03
7830,12984,14,2025-07-16
7831,12991,14,2025-08-31
7832,12993,14,2026-01-26
7833,12994,14,2025-08-19
7834,12995,14,2026-01-08
7835,12997,14,2025-07-29
7836,12998,14,2025-06-04
7837,13001,14,2025-06-01
7838,13002,14,2025-05-26
7839,13003,14,2026-02-12
7840,13004,14,2025-12-18
7841,13005,14,2025-05-19
7842,13006,14,2025-05-01
7843,13007,14,2025-04-29
7844,13008,14,2025-05-22
7845,13009,14,2026-02-20
7846,13013,14,2025-10-01
7847,13014,14,2025-09-02
7848,13015,14,2025-06-29
7849,13018,14,2026-02-22
7850,13021,14,2025-12-26
7851,13023,14,2026-01-12
7852,13025,14,2025-08-10
7853,13027,14,2026-02-02
7854,13030,14,2025-05-17
7855,13035,14,2025-11-03
7856,13036,14,2025-08-06
7857,13037,14,2026-01-30
7858,13038,14,2025-10-28
7859,13039,14,2025-12-25
7860,13040,14,2025-06-30
7861,13042,14,2025-11-16
7862,13043,14,2026-03-08
7863,13044,14,2025-07-19
7864,13046,14,2025-10-05
7865,13047,14,2026-01-14
7866,13048,14,2025-06-12
7867,13050,14,2025-11-23
7868,13051,14,2025-06-15
7869,13052,14,2026-01-22
7870,13055,14,2026-02-14
7871,13056,14,2025-09-15
7872,13057,14,2025-06-14
7873,13058,14,2025-12-31
7874,13059,14,2025-05-19
7875,13060,14,2025-08-14
7876,13061,14,2025-09-16
7877,13063,14,2025-05-06
7878,13064,14,2025-05-03
7879,13065,14,2025-07-01
7880,13066,14,2025-12-29
7881,13067,14,2025-10-21
7882,13069,14,2025-08-19
7883,13070,14,2025-10-27
7884,13071,14,2025-11-08
7885,13074,14,2025-03-24
7886,13076,14,2026-01-22
7887,13079,14,2025-06-02
7888,13080,14,2025-12-23
7889,13081,14,2025-07-11
7890,13082,14,2025-05-24
7891,13083,14,2026-01-12
7892,13085,14,2025-06-08
7893,13086,14,2025-03-17
7894,13088,14,2025-08-07
7895,13096,14,2025-09-16
7896,13097,14,2025-04-11
7897,13098,14,2026-02-21
7898,13101,14,2025-07-29
7899,13102,14,2025-08-29
7900,13105,14,2026-01-09
7901,13106,14,2026-02-08
7902,13107,14,2025-07-05
7903,13110,14,2026-03-11
7904,13112,14,2025-10-22
7905,13114,14,2025-03-23
7906,13116,14,2025-06-25
7907,13117,14,2025-08-08
7908,13118,14,2025-10-28
7909,13119,14,2026-01-21
7910,13120,14,2025-06-01
7911,13121,14,2025-05-17
7912,13123,14,2026-02-23
7913,13124,14,2025-06-05
7914,13126,14,2026-02-18
7915,13127,14,2026-03-15
7916,13128,14,2025-11-18
7917,13129,14,2025-12-11
7918,13131,14,2025-11-05
7919,13132,14,2025-05-06
7920,13133,14,2025-10-26
7921,13134,14,2026-01-24
7922,13135,14,2026-01-03
7923,13137,14,2025-09-20
7924,13138,14,2025-09-27
7925,13139,14,2025-09-27
7926,13141,14,2026-02-09
7927,13142,14,2025-12-27
7928,13143,14,2025-06-01
7929,13144,14,2026-03-02
7930,13145,14,2025-10-12
7931,13146,14,2026-01-26
7932,13148,14,2025-07-29
7933,13150,14,2025-08-05
7934,13151,14,2026-01-23
7935,13152,14,2025-05-10
7936,13153,14,2025-04-18
7937,13154,14,2025-04-24
7938,13155,14,2025-08-12
7939,13158,14,2025-08-04
7940,13160,14,2025-06-07
7941,13161,14,2025-07-19
7942,13163,14,2025-05-14
7943,13164,14,2025-06-26
7944,13167,14,2025-12-05
7945,13168,14,2025-07-27
7946,13169,14,2025-03-28
7947,13170,14,2025-07-31
7948,13173,14,2025-11-11
7949,13175,14,2025-12-30
7950,13176,14,2026-03-04
7951,13177,14,2025-07-03
7952,13178,14,2026-02-13
7953,13181,14,2025-04-28
7954,13182,14,2026-03-15
7955,13183,14,2025-04-15
7956,13184,14,2025-08-18
7957,13185,14,2025-04-15
7958,13187,14,2026-02-02
7959,13189,14,2025-09-09
7960,13190,14,2025-09-06
7961,13191,14,2026-02-03
7962,13193,14,2025-06-11
7963,13194,14,2025-07-12
7964,13196,14,2026-01-10
7965,13197,14,2026-01-15
7966,13199,14,2025-06-14
7967,13200,14,2025-06-09
7968,13201,14,2025-09-20
7969,13203,14,2025-09-29
7970,13204,14,2026-01-22
7971,13205,14,2025-10-06
7972,13207,14,2025-06-04
7973,13210,14,2026-01-29
7974,13212,14,2025-10-17
7975,13213,14,2026-02-13
7976,13217,14,2026-01-17
7977,13221,14,2025-12-07
7978,13222,14,2025-07-04
7979,13223,14,2025-12-24
7980,13226,14,2025-09-03
7981,13228,14,2025-04-17
7982,13229,14,2026-02-27
7983,13234,14,2025-11-18
7984,13236,14,2025-04-22
7985,13238,14,2025-10-06
7986,13239,14,2025-06-20
7987,13242,14,2025-08-30
7988,13243,14,2025-10-24
7989,13245,14,2025-06-05
7990,13247,14,2026-01-25
7991,13248,14,2026-01-20
7992,13251,14,2025-04-05
7993,13252,14,2026-02-28
7994,13254,14,2025-05-23
7995,13255,14,2025-10-24
7996,13256,14,2025-07-17
7997,13257,14,2025-06-12
7998,13259,14,2025-11-20
7999,13260,14,2025-10-30
8000,13261,14,2026-03-07
8001,13262,14,2025-05-23
8002,13264,14,2026-02-17
8003,13265,14,2025-12-19
8004,13266,14,2025-09-12
8005,13267,14,2025-12-01
8006,13269,14,2026-03-03
8007,13271,14,2025-07-31
8008,13272,14,2025-06-30
8009,13273,14,2026-02-16
8010,13274,14,2025-05-05
8011,13277,14,2025-10-12
8012,13279,14,2025-04-20
8013,13281,14,2025-07-17
8014,13282,14,2025-11-19
8015,13288,14,2025-06-11
8016,13289,14,2025-04-26
8017,13291,14,2025-11-12
8018,13292,14,2026-03-02
8019,13293,14,2025-06-03
8020,13294,14,2026-02-13
8021,13295,14,2025-07-21
8022,13296,14,2026-01-27
8023,13297,14,2025-07-22
8024,13298,14,2025-03-18
8025,13300,14,2025-03-30
